location_id,timestamp,heure_du_jour,jour_semaine,activite_prevue,nombre_etudiants,niveau_congestion
1,2024-09-09 07:00:00,7,0,0,3,faible
2,2024-09-09 07:00:00,7,0,0,0,faible
3,2024-09-09 07:00:00,7,0,0,1,faible
4,2024-09-09 07:00:00,7,0,0,0,faible
5,2024-09-09 07:00:00,7,0,0,15,faible
6,2024-09-09 07:00:00,7,0,0,32,faible
7,2024-09-09 07:00:00,7,0,0,38,faible
8,2024-09-09 07:00:00,7,0,0,2,faible
9,2024-09-09 07:00:00,7,0,0,4,faible
10,2024-09-09 07:00:00,7,0,0,2,faible
11,2024-09-09 07:00:00,7,0,0,2,faible
12,2024-09-09 07:00:00,7,0,0,2,faible
13,2024-09-09 07:00:00,7,0,0,2,faible
14,2024-09-09 07:00:00,7,0,0,11,faible
15,2024-09-09 07:00:00,7,0,0,5,faible
16,2024-09-09 07:00:00,7,0,0,7,faible
17,2024-09-09 07:00:00,7,0,0,3,faible
18,2024-09-09 07:00:00,7,0,0,5,faible
19,2024-09-09 07:00:00,7,0,0,7,faible
20,2024-09-09 07:00:00,7,0,0,5,faible
21,2024-09-09 07:00:00,7,0,0,7,faible
22,2024-09-09 07:00:00,7,0,0,7,faible
23,2024-09-09 07:00:00,7,0,0,6,faible
24,2024-09-09 07:00:00,7,0,0,5,faible
25,2024-09-09 07:00:00,7,0,0,8,faible
26,2024-09-09 07:00:00,7,0,0,4,faible
27,2024-09-09 07:00:00,7,0,0,3,faible
28,2024-09-09 07:00:00,7,0,0,7,faible
29,2024-09-09 07:00:00,7,0,0,4,faible
30,2024-09-09 07:00:00,7,0,0,2,faible
31,2024-09-09 07:00:00,7,0,0,2,faible
32,2024-09-09 07:00:00,7,0,0,3,faible
33,2024-09-09 07:00:00,7,0,0,4,faible
34,2024-09-09 07:00:00,7,0,0,3,faible
35,2024-09-09 07:00:00,7,0,0,18,faible
36,2024-09-09 07:00:00,7,0,0,1,faible
37,2024-09-09 07:00:00,7,0,0,2,faible
38,2024-09-09 07:00:00,7,0,0,22,faible
1,2024-09-09 08:00:00,8,0,1,7,faible
2,2024-09-09 08:00:00,8,0,1,7,faible
3,2024-09-09 08:00:00,8,0,1,4,faible
4,2024-09-09 08:00:00,8,0,1,0,faible
5,2024-09-09 08:00:00,8,0,1,57,moyen
6,2024-09-09 08:00:00,8,0,1,88,moyen
7,2024-09-09 08:00:00,8,0,1,71,moyen
8,2024-09-09 08:00:00,8,0,1,1,faible
9,2024-09-09 08:00:00,8,0,1,2,faible
10,2024-09-09 08:00:00,8,0,0,3,faible
11,2024-09-09 08:00:00,8,0,1,2,faible
12,2024-09-09 08:00:00,8,0,1,2,faible
13,2024-09-09 08:00:00,8,0,1,1,faible
14,2024-09-09 08:00:00,8,0,1,3,faible
15,2024-09-09 08:00:00,8,0,1,4,faible
16,2024-09-09 08:00:00,8,0,0,6,faible
17,2024-09-09 08:00:00,8,0,1,4,faible
18,2024-09-09 08:00:00,8,0,1,7,faible
19,2024-09-09 08:00:00,8,0,1,3,faible
20,2024-09-09 08:00:00,8,0,1,3,faible
21,2024-09-09 08:00:00,8,0,1,6,faible
22,2024-09-09 08:00:00,8,0,0,3,faible
23,2024-09-09 08:00:00,8,0,1,3,faible
24,2024-09-09 08:00:00,8,0,1,7,faible
25,2024-09-09 08:00:00,8,0,1,5,faible
26,2024-09-09 08:00:00,8,0,1,2,faible
27,2024-09-09 08:00:00,8,0,0,4,faible
28,2024-09-09 08:00:00,8,0,0,4,faible
29,2024-09-09 08:00:00,8,0,1,6,faible
30,2024-09-09 08:00:00,8,0,1,6,faible
31,2024-09-09 08:00:00,8,0,1,4,faible
32,2024-09-09 08:00:00,8,0,1,4,faible
33,2024-09-09 08:00:00,8,0,0,2,faible
34,2024-09-09 08:00:00,8,0,1,2,faible
35,2024-09-09 08:00:00,8,0,0,26,moyen
36,2024-09-09 08:00:00,8,0,0,2,faible
37,2024-09-09 08:00:00,8,0,1,3,faible
38,2024-09-09 08:00:00,8,0,1,49,moyen
1,2024-09-09 09:00:00,9,0,1,6,faible
2,2024-09-09 09:00:00,9,0,1,7,faible
3,2024-09-09 09:00:00,9,0,1,4,faible
4,2024-09-09 09:00:00,9,0,1,0,faible
5,2024-09-09 09:00:00,9,0,1,62,moyen
6,2024-09-09 09:00:00,9,0,1,86,moyen
7,2024-09-09 09:00:00,9,0,1,74,moyen
8,2024-09-09 09:00:00,9,0,1,17,eleve
9,2024-09-09 09:00:00,9,0,0,15,moyen
10,2024-09-09 09:00:00,9,0,1,10,moyen
11,2024-09-09 09:00:00,9,0,0,10,moyen
12,2024-09-09 09:00:00,9,0,1,7,moyen
13,2024-09-09 09:00:00,9,0,0,9,moyen
14,2024-09-09 09:00:00,9,0,1,23,moyen
15,2024-09-09 09:00:00,9,0,1,25,moyen
16,2024-09-09 09:00:00,9,0,0,17,moyen
17,2024-09-09 09:00:00,9,0,1,18,moyen
18,2024-09-09 09:00:00,9,0,1,18,moyen
19,2024-09-09 09:00:00,9,0,1,25,moyen
20,2024-09-09 09:00:00,9,0,1,20,moyen
21,2024-09-09 09:00:00,9,0,1,13,moyen
22,2024-09-09 09:00:00,9,0,0,17,moyen
23,2024-09-09 09:00:00,9,0,0,14,moyen
24,2024-09-09 09:00:00,9,0,1,19,moyen
25,2024-09-09 09:00:00,9,0,0,20,moyen
26,2024-09-09 09:00:00,9,0,0,14,moyen
27,2024-09-09 09:00:00,9,0,1,13,moyen
28,2024-09-09 09:00:00,9,0,0,19,moyen
29,2024-09-09 09:00:00,9,0,1,13,moyen
30,2024-09-09 09:00:00,9,0,1,11,moyen
31,2024-09-09 09:00:00,9,0,1,11,moyen
32,2024-09-09 09:00:00,9,0,0,12,moyen
33,2024-09-09 09:00:00,9,0,0,8,moyen
34,2024-09-09 09:00:00,9,0,1,9,moyen
35,2024-09-09 09:00:00,9,0,0,15,faible
36,2024-09-09 09:00:00,9,0,0,9,moyen
37,2024-09-09 09:00:00,9,0,1,9,moyen
38,2024-09-09 09:00:00,9,0,1,47,moyen
1,2024-09-09 10:00:00,10,0,1,8,faible
2,2024-09-09 10:00:00,10,0,1,8,moyen
3,2024-09-09 10:00:00,10,0,1,6,moyen
4,2024-09-09 10:00:00,10,0,1,0,faible
5,2024-09-09 10:00:00,10,0,1,62,moyen
6,2024-09-09 10:00:00,10,0,1,96,moyen
7,2024-09-09 10:00:00,10,0,1,70,moyen
8,2024-09-09 10:00:00,10,0,0,12,moyen
9,2024-09-09 10:00:00,10,0,1,12,moyen
10,2024-09-09 10:00:00,10,0,1,11,moyen
11,2024-09-09 10:00:00,10,0,1,8,moyen
12,2024-09-09 10:00:00,10,0,0,7,moyen
13,2024-09-09 10:00:00,10,0,0,9,moyen
14,2024-09-09 10:00:00,10,0,1,22,moyen
15,2024-09-09 10:00:00,10,0,1,20,moyen
16,2024-09-09 10:00:00,10,0,1,23,moyen
17,2024-09-09 10:00:00,10,0,1,19,moyen
18,2024-09-09 10:00:00,10,0,1,17,moyen
19,2024-09-09 10:00:00,10,0,1,22,moyen
20,2024-09-09 10:00:00,10,0,0,17,moyen
21,2024-09-09 10:00:00,10,0,1,17,moyen
22,2024-09-09 10:00:00,10,0,0,15,moyen
23,2024-09-09 10:00:00,10,0,0,15,moyen
24,2024-09-09 10:00:00,10,0,1,16,moyen
25,2024-09-09 10:00:00,10,0,0,18,moyen
26,2024-09-09 10:00:00,10,0,0,17,moyen
27,2024-09-09 10:00:00,10,0,0,13,moyen
28,2024-09-09 10:00:00,10,0,0,16,moyen
29,2024-09-09 10:00:00,10,0,1,15,moyen
30,2024-09-09 10:00:00,10,0,1,12,moyen
31,2024-09-09 10:00:00,10,0,0,11,moyen
32,2024-09-09 10:00:00,10,0,1,12,moyen
33,2024-09-09 10:00:00,10,0,1,9,moyen
34,2024-09-09 10:00:00,10,0,0,9,moyen
35,2024-09-09 10:00:00,10,0,0,21,faible
36,2024-09-09 10:00:00,10,0,0,8,moyen
37,2024-09-09 10:00:00,10,0,1,8,moyen
38,2024-09-09 10:00:00,10,0,1,47,moyen
1,2024-09-09 11:00:00,11,0,1,10,moyen
2,2024-09-09 11:00:00,11,0,1,6,faible
3,2024-09-09 11:00:00,11,0,1,5,faible
4,2024-09-09 11:00:00,11,0,1,0,faible
5,2024-09-09 11:00:00,11,0,1,67,moyen
6,2024-09-09 11:00:00,11,0,1,107,moyen
7,2024-09-09 11:00:00,11,0,1,69,moyen
8,2024-09-09 11:00:00,11,0,1,11,moyen
9,2024-09-09 11:00:00,11,0,0,12,moyen
10,2024-09-09 11:00:00,11,0,1,11,moyen
11,2024-09-09 11:00:00,11,0,0,9,moyen
12,2024-09-09 11:00:00,11,0,0,7,moyen
13,2024-09-09 11:00:00,11,0,1,9,moyen
14,2024-09-09 11:00:00,11,0,1,23,moyen
15,2024-09-09 11:00:00,11,0,0,21,moyen
16,2024-09-09 11:00:00,11,0,1,16,moyen
17,2024-09-09 11:00:00,11,0,1,21,moyen
18,2024-09-09 11:00:00,11,0,1,16,moyen
19,2024-09-09 11:00:00,11,0,1,24,moyen
20,2024-09-09 11:00:00,11,0,1,19,moyen
21,2024-09-09 11:00:00,11,0,1,17,moyen
22,2024-09-09 11:00:00,11,0,1,13,moyen
23,2024-09-09 11:00:00,11,0,1,13,moyen
24,2024-09-09 11:00:00,11,0,1,16,moyen
25,2024-09-09 11:00:00,11,0,0,16,moyen
26,2024-09-09 11:00:00,11,0,1,13,moyen
27,2024-09-09 11:00:00,11,0,1,15,moyen
28,2024-09-09 11:00:00,11,0,1,19,moyen
29,2024-09-09 11:00:00,11,0,1,12,moyen
30,2024-09-09 11:00:00,11,0,1,15,moyen
31,2024-09-09 11:00:00,11,0,1,11,moyen
32,2024-09-09 11:00:00,11,0,1,11,moyen
33,2024-09-09 11:00:00,11,0,0,7,moyen
34,2024-09-09 11:00:00,11,0,0,7,moyen
35,2024-09-09 11:00:00,11,0,0,14,faible
36,2024-09-09 11:00:00,11,0,0,7,moyen
37,2024-09-09 11:00:00,11,0,1,8,moyen
38,2024-09-09 11:00:00,11,0,1,57,moyen
1,2024-09-09 12:00:00,12,0,1,7,faible
2,2024-09-09 12:00:00,12,0,1,6,faible
3,2024-09-09 12:00:00,12,0,1,6,moyen
4,2024-09-09 12:00:00,12,0,1,1,faible
5,2024-09-09 12:00:00,12,0,1,28,faible
6,2024-09-09 12:00:00,12,0,1,35,faible
7,2024-09-09 12:00:00,12,0,1,24,faible
8,2024-09-09 12:00:00,12,0,0,11,moyen
9,2024-09-09 12:00:00,12,0,0,11,moyen
10,2024-09-09 12:00:00,12,0,1,9,moyen
11,2024-09-09 12:00:00,12,0,1,11,moyen
12,2024-09-09 12:00:00,12,0,0,9,moyen
13,2024-09-09 12:00:00,12,0,1,11,moyen
14,2024-09-09 12:00:00,12,0,1,9,faible
15,2024-09-09 12:00:00,12,0,0,10,faible
16,2024-09-09 12:00:00,12,0,1,3,faible
17,2024-09-09 12:00:00,12,0,1,6,faible
18,2024-09-09 12:00:00,12,0,0,7,faible
19,2024-09-09 12:00:00,12,0,1,3,faible
20,2024-09-09 12:00:00,12,0,1,3,faible
21,2024-09-09 12:00:00,12,0,1,3,faible
22,2024-09-09 12:00:00,12,0,0,4,faible
23,2024-09-09 12:00:00,12,0,1,4,faible
24,2024-09-09 12:00:00,12,0,0,3,faible
25,2024-09-09 12:00:00,12,0,1,8,faible
26,2024-09-09 12:00:00,12,0,1,7,faible
27,2024-09-09 12:00:00,12,0,1,6,faible
28,2024-09-09 12:00:00,12,0,0,4,faible
29,2024-09-09 12:00:00,12,0,1,5,faible
30,2024-09-09 12:00:00,12,0,1,3,faible
31,2024-09-09 12:00:00,12,0,1,4,faible
32,2024-09-09 12:00:00,12,0,1,1,faible
33,2024-09-09 12:00:00,12,0,1,4,faible
34,2024-09-09 12:00:00,12,0,1,3,faible
35,2024-09-09 12:00:00,12,0,1,50,moyen
36,2024-09-09 12:00:00,12,0,0,7,moyen
37,2024-09-09 12:00:00,12,0,1,7,moyen
38,2024-09-09 12:00:00,12,0,1,20,faible
1,2024-09-09 13:00:00,13,0,1,8,faible
2,2024-09-09 13:00:00,13,0,1,9,moyen
3,2024-09-09 13:00:00,13,0,1,6,moyen
4,2024-09-09 13:00:00,13,0,1,0,faible
5,2024-09-09 13:00:00,13,0,0,20,faible
6,2024-09-09 13:00:00,13,0,0,44,faible
7,2024-09-09 13:00:00,13,0,0,27,faible
8,2024-09-09 13:00:00,13,0,1,3,faible
9,2024-09-09 13:00:00,13,0,1,5,faible
10,2024-09-09 13:00:00,13,0,1,1,faible
11,2024-09-09 13:00:00,13,0,1,3,faible
12,2024-09-09 13:00:00,13,0,1,2,faible
13,2024-09-09 13:00:00,13,0,0,1,faible
14,2024-09-09 13:00:00,13,0,1,4,faible
15,2024-09-09 13:00:00,13,0,1,8,faible
16,2024-09-09 13:00:00,13,0,1,7,faible
17,2024-09-09 13:00:00,13,0,1,9,faible
18,2024-09-09 13:00:00,13,0,1,8,faible
19,2024-09-09 13:00:00,13,0,1,4,faible
20,2024-09-09 13:00:00,13,0,1,6,faible
21,2024-09-09 13:00:00,13,0,1,7,faible
22,2024-09-09 13:00:00,13,0,1,7,faible
23,2024-09-09 13:00:00,13,0,1,6,faible
24,2024-09-09 13:00:00,13,0,1,8,faible
25,2024-09-09 13:00:00,13,0,1,9,faible
26,2024-09-09 13:00:00,13,0,1,5,faible
27,2024-09-09 13:00:00,13,0,1,3,faible
28,2024-09-09 13:00:00,13,0,1,8,faible
29,2024-09-09 13:00:00,13,0,1,5,faible
30,2024-09-09 13:00:00,13,0,1,4,faible
31,2024-09-09 13:00:00,13,0,1,5,faible
32,2024-09-09 13:00:00,13,0,1,5,faible
33,2024-09-09 13:00:00,13,0,0,4,faible
34,2024-09-09 13:00:00,13,0,1,2,faible
35,2024-09-09 13:00:00,13,0,0,51,moyen
36,2024-09-09 13:00:00,13,0,1,2,faible
37,2024-09-09 13:00:00,13,0,1,3,faible
38,2024-09-09 13:00:00,13,0,0,15,faible
1,2024-09-09 14:00:00,14,0,1,6,faible
2,2024-09-09 14:00:00,14,0,1,8,moyen
3,2024-09-09 14:00:00,14,0,1,6,moyen
4,2024-09-09 14:00:00,14,0,1,0,faible
5,2024-09-09 14:00:00,14,0,0,17,faible
6,2024-09-09 14:00:00,14,0,0,26,faible
7,2024-09-09 14:00:00,14,0,0,40,faible
8,2024-09-09 14:00:00,14,0,1,10,moyen
9,2024-09-09 14:00:00,14,0,1,15,moyen
10,2024-09-09 14:00:00,14,0,1,9,moyen
11,2024-09-09 14:00:00,14,0,0,8,moyen
12,2024-09-09 14:00:00,14,0,0,7,moyen
13,2024-09-09 14:00:00,14,0,0,11,moyen
14,2024-09-09 14:00:00,14,0,1,20,moyen
15,2024-09-09 14:00:00,14,0,1,21,moyen
16,2024-09-09 14:00:00,14,0,1,19,moyen
17,2024-09-09 14:00:00,14,0,1,18,moyen
18,2024-09-09 14:00:00,14,0,1,16,moyen
19,2024-09-09 14:00:00,14,0,1,23,moyen
20,2024-09-09 14:00:00,14,0,0,18,moyen
21,2024-09-09 14:00:00,14,0,0,15,moyen
22,2024-09-09 14:00:00,14,0,0,14,moyen
23,2024-09-09 14:00:00,14,0,1,14,moyen
24,2024-09-09 14:00:00,14,0,1,17,moyen
25,2024-09-09 14:00:00,14,0,1,15,moyen
26,2024-09-09 14:00:00,14,0,1,16,moyen
27,2024-09-09 14:00:00,14,0,1,18,moyen
28,2024-09-09 14:00:00,14,0,0,14,moyen
29,2024-09-09 14:00:00,14,0,1,13,moyen
30,2024-09-09 14:00:00,14,0,1,13,moyen
31,2024-09-09 14:00:00,14,0,1,9,moyen
32,2024-09-09 14:00:00,14,0,1,12,moyen
33,2024-09-09 14:00:00,14,0,1,8,moyen
34,2024-09-09 14:00:00,14,0,1,8,moyen
35,2024-09-09 14:00:00,14,0,1,14,faible
36,2024-09-09 14:00:00,14,0,1,8,moyen
37,2024-09-09 14:00:00,14,0,1,7,moyen
38,2024-09-09 14:00:00,14,0,0,12,faible
1,2024-09-09 15:00:00,15,0,1,7,faible
2,2024-09-09 15:00:00,15,0,1,8,moyen
3,2024-09-09 15:00:00,15,0,1,6,moyen
4,2024-09-09 15:00:00,15,0,1,1,faible
5,2024-09-09 15:00:00,15,0,0,22,faible
6,2024-09-09 15:00:00,15,0,0,40,faible
7,2024-09-09 15:00:00,15,0,0,29,faible
8,2024-09-09 15:00:00,15,0,1,11,moyen
9,2024-09-09 15:00:00,15,0,1,15,moyen
10,2024-09-09 15:00:00,15,0,1,9,moyen
11,2024-09-09 15:00:00,15,0,1,10,moyen
12,2024-09-09 15:00:00,15,0,0,9,moyen
13,2024-09-09 15:00:00,15,0,0,9,moyen
14,2024-09-09 15:00:00,15,0,0,21,moyen
15,2024-09-09 15:00:00,15,0,1,19,moyen
16,2024-09-09 15:00:00,15,0,1,18,moyen
17,2024-09-09 15:00:00,15,0,1,16,moyen
18,2024-09-09 15:00:00,15,0,1,19,moyen
19,2024-09-09 15:00:00,15,0,0,24,moyen
20,2024-09-09 15:00:00,15,0,1,15,moyen
21,2024-09-09 15:00:00,15,0,1,16,moyen
22,2024-09-09 15:00:00,15,0,1,14,moyen
23,2024-09-09 15:00:00,15,0,1,14,moyen
24,2024-09-09 15:00:00,15,0,0,15,moyen
25,2024-09-09 15:00:00,15,0,1,19,moyen
26,2024-09-09 15:00:00,15,0,1,16,moyen
27,2024-09-09 15:00:00,15,0,1,15,moyen
28,2024-09-09 15:00:00,15,0,1,14,moyen
29,2024-09-09 15:00:00,15,0,1,14,moyen
30,2024-09-09 15:00:00,15,0,1,11,moyen
31,2024-09-09 15:00:00,15,0,1,10,moyen
32,2024-09-09 15:00:00,15,0,0,10,moyen
33,2024-09-09 15:00:00,15,0,1,8,moyen
34,2024-09-09 15:00:00,15,0,1,8,moyen
35,2024-09-09 15:00:00,15,0,1,25,moyen
36,2024-09-09 15:00:00,15,0,0,9,moyen
37,2024-09-09 15:00:00,15,0,1,7,moyen
38,2024-09-09 15:00:00,15,0,0,22,faible
1,2024-09-09 16:00:00,16,0,1,8,faible
2,2024-09-09 16:00:00,16,0,1,9,moyen
3,2024-09-09 16:00:00,16,0,1,5,faible
4,2024-09-09 16:00:00,16,0,1,0,faible
5,2024-09-09 16:00:00,16,0,0,15,faible
6,2024-09-09 16:00:00,16,0,0,49,faible
7,2024-09-09 16:00:00,16,0,0,22,faible
8,2024-09-09 16:00:00,16,0,1,10,moyen
9,2024-09-09 16:00:00,16,0,0,12,moyen
10,2024-09-09 16:00:00,16,0,1,9,moyen
11,2024-09-09 16:00:00,16,0,0,8,moyen
12,2024-09-09 16:00:00,16,0,0,8,moyen
13,2024-09-09 16:00:00,16,0,1,11,moyen
14,2024-09-09 16:00:00,16,0,1,18,moyen
15,2024-09-09 16:00:00,16,0,1,19,moyen
16,2024-09-09 16:00:00,16,0,1,22,moyen
17,2024-09-09 16:00:00,16,0,1,18,moyen
18,2024-09-09 16:00:00,16,0,0,17,moyen
19,2024-09-09 16:00:00,16,0,1,21,moyen
20,2024-09-09 16:00:00,16,0,1,18,moyen
21,2024-09-09 16:00:00,16,0,0,13,moyen
22,2024-09-09 16:00:00,16,0,1,15,moyen
23,2024-09-09 16:00:00,16,0,1,11,moyen
24,2024-09-09 16:00:00,16,0,1,21,moyen
25,2024-09-09 16:00:00,16,0,1,16,moyen
26,2024-09-09 16:00:00,16,0,1,17,moyen
27,2024-09-09 16:00:00,16,0,0,14,moyen
28,2024-09-09 16:00:00,16,0,1,15,moyen
29,2024-09-09 16:00:00,16,0,1,15,moyen
30,2024-09-09 16:00:00,16,0,1,11,moyen
31,2024-09-09 16:00:00,16,0,1,12,moyen
32,2024-09-09 16:00:00,16,0,1,11,moyen
33,2024-09-09 16:00:00,16,0,0,9,moyen
34,2024-09-09 16:00:00,16,0,1,9,moyen
35,2024-09-09 16:00:00,16,0,1,24,moyen
36,2024-09-09 16:00:00,16,0,0,8,moyen
37,2024-09-09 16:00:00,16,0,0,8,moyen
38,2024-09-09 16:00:00,16,0,0,24,faible
1,2024-09-09 17:00:00,17,0,1,8,faible
2,2024-09-09 17:00:00,17,0,1,5,faible
3,2024-09-09 17:00:00,17,0,1,4,faible
4,2024-09-09 17:00:00,17,0,1,0,faible
5,2024-09-09 17:00:00,17,0,0,31,faible
6,2024-09-09 17:00:00,17,0,0,28,faible
7,2024-09-09 17:00:00,17,0,0,33,faible
8,2024-09-09 17:00:00,17,0,1,10,moyen
9,2024-09-09 17:00:00,17,0,1,13,moyen
10,2024-09-09 17:00:00,17,0,1,12,moyen
11,2024-09-09 17:00:00,17,0,1,10,moyen
12,2024-09-09 17:00:00,17,0,1,7,moyen
13,2024-09-09 17:00:00,17,0,1,11,moyen
14,2024-09-09 17:00:00,17,0,1,10,faible
15,2024-09-09 17:00:00,17,0,1,9,faible
16,2024-09-09 17:00:00,17,0,1,7,faible
17,2024-09-09 17:00:00,17,0,1,7,faible
18,2024-09-09 17:00:00,17,0,1,3,faible
19,2024-09-09 17:00:00,17,0,1,6,faible
20,2024-09-09 17:00:00,17,0,0,6,faible
21,2024-09-09 17:00:00,17,0,0,3,faible
22,2024-09-09 17:00:00,17,0,1,4,faible
23,2024-09-09 17:00:00,17,0,1,3,faible
24,2024-09-09 17:00:00,17,0,1,8,faible
25,2024-09-09 17:00:00,17,0,1,5,faible
26,2024-09-09 17:00:00,17,0,1,7,faible
27,2024-09-09 17:00:00,17,0,0,4,faible
28,2024-09-09 17:00:00,17,0,1,5,faible
29,2024-09-09 17:00:00,17,0,1,5,faible
30,2024-09-09 17:00:00,17,0,1,2,faible
31,2024-09-09 17:00:00,17,0,1,2,faible
32,2024-09-09 17:00:00,17,0,1,3,faible
33,2024-09-09 17:00:00,17,0,1,2,faible
34,2024-09-09 17:00:00,17,0,0,3,faible
35,2024-09-09 17:00:00,17,0,1,50,moyen
36,2024-09-09 17:00:00,17,0,0,8,moyen
37,2024-09-09 17:00:00,17,0,1,8,moyen
38,2024-09-09 17:00:00,17,0,0,14,faible
1,2024-09-09 18:00:00,18,0,0,2,faible
2,2024-09-09 18:00:00,18,0,0,1,faible
3,2024-09-09 18:00:00,18,0,0,0,faible
4,2024-09-09 18:00:00,18,0,0,0,faible
5,2024-09-09 18:00:00,18,0,0,19,faible
6,2024-09-09 18:00:00,18,0,0,42,faible
7,2024-09-09 18:00:00,18,0,0,30,faible
8,2024-09-09 18:00:00,18,0,1,1,faible
9,2024-09-09 18:00:00,18,0,1,2,faible
10,2024-09-09 18:00:00,18,0,1,4,faible
11,2024-09-09 18:00:00,18,0,0,1,faible
12,2024-09-09 18:00:00,18,0,1,3,faible
13,2024-09-09 18:00:00,18,0,1,2,faible
14,2024-09-09 18:00:00,18,0,0,8,faible
15,2024-09-09 18:00:00,18,0,0,8,faible
16,2024-09-09 18:00:00,18,0,1,3,faible
17,2024-09-09 18:00:00,18,0,1,10,faible
18,2024-09-09 18:00:00,18,0,1,5,faible
19,2024-09-09 18:00:00,18,0,0,4,faible
20,2024-09-09 18:00:00,18,0,1,5,faible
21,2024-09-09 18:00:00,18,0,1,2,faible
22,2024-09-09 18:00:00,18,0,1,4,faible
23,2024-09-09 18:00:00,18,0,1,3,faible
24,2024-09-09 18:00:00,18,0,1,8,faible
25,2024-09-09 18:00:00,18,0,1,4,faible
26,2024-09-09 18:00:00,18,0,0,5,faible
27,2024-09-09 18:00:00,18,0,1,4,faible
28,2024-09-09 18:00:00,18,0,1,4,faible
29,2024-09-09 18:00:00,18,0,1,3,faible
30,2024-09-09 18:00:00,18,0,0,4,faible
31,2024-09-09 18:00:00,18,0,1,3,faible
32,2024-09-09 18:00:00,18,0,1,2,faible
33,2024-09-09 18:00:00,18,0,0,2,faible
34,2024-09-09 18:00:00,18,0,1,3,faible
35,2024-09-09 18:00:00,18,0,1,44,moyen
36,2024-09-09 18:00:00,18,0,0,3,faible
37,2024-09-09 18:00:00,18,0,1,2,faible
38,2024-09-09 18:00:00,18,0,0,16,faible
1,2024-09-09 19:00:00,19,0,0,1,faible
2,2024-09-09 19:00:00,19,0,0,0,faible
3,2024-09-09 19:00:00,19,0,0,2,faible
4,2024-09-09 19:00:00,19,0,0,0,faible
5,2024-09-09 19:00:00,19,0,0,23,faible
6,2024-09-09 19:00:00,19,0,0,29,faible
7,2024-09-09 19:00:00,19,0,0,22,faible
8,2024-09-09 19:00:00,19,0,0,2,faible
9,2024-09-09 19:00:00,19,0,0,2,faible
10,2024-09-09 19:00:00,19,0,0,2,faible
11,2024-09-09 19:00:00,19,0,0,2,faible
12,2024-09-09 19:00:00,19,0,0,2,faible
13,2024-09-09 19:00:00,19,0,0,3,faible
14,2024-09-09 19:00:00,19,0,0,6,faible
15,2024-09-09 19:00:00,19,0,0,5,faible
16,2024-09-09 19:00:00,19,0,0,3,faible
17,2024-09-09 19:00:00,19,0,0,3,faible
18,2024-09-09 19:00:00,19,0,0,7,faible
19,2024-09-09 19:00:00,19,0,0,7,faible
20,2024-09-09 19:00:00,19,0,0,7,faible
21,2024-09-09 19:00:00,19,0,0,4,faible
22,2024-09-09 19:00:00,19,0,0,5,faible
23,2024-09-09 19:00:00,19,0,0,3,faible
24,2024-09-09 19:00:00,19,0,0,6,faible
25,2024-09-09 19:00:00,19,0,0,4,faible
26,2024-09-09 19:00:00,19,0,0,7,faible
27,2024-09-09 19:00:00,19,0,0,5,faible
28,2024-09-09 19:00:00,19,0,0,7,faible
29,2024-09-09 19:00:00,19,0,0,4,faible
30,2024-09-09 19:00:00,19,0,0,3,faible
31,2024-09-09 19:00:00,19,0,0,3,faible
32,2024-09-09 19:00:00,19,0,0,4,faible
33,2024-09-09 19:00:00,19,0,0,4,faible
34,2024-09-09 19:00:00,19,0,0,3,faible
35,2024-09-09 19:00:00,19,0,0,46,moyen
36,2024-09-09 19:00:00,19,0,0,2,faible
37,2024-09-09 19:00:00,19,0,0,2,faible
38,2024-09-09 19:00:00,19,0,0,23,faible
1,2024-09-09 20:00:00,20,0,0,0,faible
2,2024-09-09 20:00:00,20,0,0,2,faible
3,2024-09-09 20:00:00,20,0,0,0,faible
4,2024-09-09 20:00:00,20,0,0,0,faible
5,2024-09-09 20:00:00,20,0,0,22,faible
6,2024-09-09 20:00:00,20,0,0,31,faible
7,2024-09-09 20:00:00,20,0,0,24,faible
8,2024-09-09 20:00:00,20,0,0,2,faible
9,2024-09-09 20:00:00,20,0,0,4,faible
10,2024-09-09 20:00:00,20,0,0,2,faible
11,2024-09-09 20:00:00,20,0,0,1,faible
12,2024-09-09 20:00:00,20,0,0,3,faible
13,2024-09-09 20:00:00,20,0,0,2,faible
14,2024-09-09 20:00:00,20,0,0,9,faible
15,2024-09-09 20:00:00,20,0,0,7,faible
16,2024-09-09 20:00:00,20,0,0,8,faible
17,2024-09-09 20:00:00,20,0,0,5,faible
18,2024-09-09 20:00:00,20,0,0,5,faible
19,2024-09-09 20:00:00,20,0,0,6,faible
20,2024-09-09 20:00:00,20,0,0,5,faible
21,2024-09-09 20:00:00,20,0,0,6,faible
22,2024-09-09 20:00:00,20,0,0,7,faible
23,2024-09-09 20:00:00,20,0,0,2,faible
24,2024-09-09 20:00:00,20,0,0,4,faible
25,2024-09-09 20:00:00,20,0,0,4,faible
26,2024-09-09 20:00:00,20,0,0,4,faible
27,2024-09-09 20:00:00,20,0,0,8,faible
28,2024-09-09 20:00:00,20,0,0,5,faible
29,2024-09-09 20:00:00,20,0,0,2,faible
30,2024-09-09 20:00:00,20,0,0,6,faible
31,2024-09-09 20:00:00,20,0,0,4,faible
32,2024-09-09 20:00:00,20,0,0,4,faible
33,2024-09-09 20:00:00,20,0,0,3,faible
34,2024-09-09 20:00:00,20,0,0,4,faible
35,2024-09-09 20:00:00,20,0,0,54,moyen
36,2024-09-09 20:00:00,20,0,0,1,faible
37,2024-09-09 20:00:00,20,0,0,2,faible
38,2024-09-09 20:00:00,20,0,0,13,faible
1,2024-09-09 21:00:00,21,0,0,3,faible
2,2024-09-09 21:00:00,21,0,0,0,faible
3,2024-09-09 21:00:00,21,0,0,1,faible
4,2024-09-09 21:00:00,21,0,0,0,faible
5,2024-09-09 21:00:00,21,0,0,15,faible
6,2024-09-09 21:00:00,21,0,0,53,faible
7,2024-09-09 21:00:00,21,0,0,28,faible
8,2024-09-09 21:00:00,21,0,0,2,faible
9,2024-09-09 21:00:00,21,0,0,5,faible
10,2024-09-09 21:00:00,21,0,0,2,faible
11,2024-09-09 21:00:00,21,0,0,3,faible
12,2024-09-09 21:00:00,21,0,0,1,faible
13,2024-09-09 21:00:00,21,0,0,2,faible
14,2024-09-09 21:00:00,21,0,0,7,faible
15,2024-09-09 21:00:00,21,0,0,5,faible
16,2024-09-09 21:00:00,21,0,0,3,faible
17,2024-09-09 21:00:00,21,0,0,3,faible
18,2024-09-09 21:00:00,21,0,0,6,faible
19,2024-09-09 21:00:00,21,0,0,9,faible
20,2024-09-09 21:00:00,21,0,0,8,faible
21,2024-09-09 21:00:00,21,0,0,7,faible
22,2024-09-09 21:00:00,21,0,0,3,faible
23,2024-09-09 21:00:00,21,0,0,4,faible
24,2024-09-09 21:00:00,21,0,0,8,faible
25,2024-09-09 21:00:00,21,0,0,8,faible
26,2024-09-09 21:00:00,21,0,0,3,faible
27,2024-09-09 21:00:00,21,0,0,6,faible
28,2024-09-09 21:00:00,21,0,0,4,faible
29,2024-09-09 21:00:00,21,0,0,5,faible
30,2024-09-09 21:00:00,21,0,0,2,faible
31,2024-09-09 21:00:00,21,0,0,2,faible
32,2024-09-09 21:00:00,21,0,0,5,faible
33,2024-09-09 21:00:00,21,0,0,1,faible
34,2024-09-09 21:00:00,21,0,0,1,faible
35,2024-09-09 21:00:00,21,0,0,47,moyen
36,2024-09-09 21:00:00,21,0,0,2,faible
37,2024-09-09 21:00:00,21,0,0,2,faible
38,2024-09-09 21:00:00,21,0,0,14,faible
1,2024-09-10 07:00:00,7,1,0,3,faible
2,2024-09-10 07:00:00,7,1,0,0,faible
3,2024-09-10 07:00:00,7,1,0,0,faible
4,2024-09-10 07:00:00,7,1,0,0,faible
5,2024-09-10 07:00:00,7,1,0,29,faible
6,2024-09-10 07:00:00,7,1,0,40,faible
7,2024-09-10 07:00:00,7,1,0,18,faible
8,2024-09-10 07:00:00,7,1,0,3,faible
9,2024-09-10 07:00:00,7,1,0,1,faible
10,2024-09-10 07:00:00,7,1,0,1,faible
11,2024-09-10 07:00:00,7,1,0,1,faible
12,2024-09-10 07:00:00,7,1,0,1,faible
13,2024-09-10 07:00:00,7,1,0,1,faible
14,2024-09-10 07:00:00,7,1,0,10,faible
15,2024-09-10 07:00:00,7,1,0,10,faible
16,2024-09-10 07:00:00,7,1,0,7,faible
17,2024-09-10 07:00:00,7,1,0,5,faible
18,2024-09-10 07:00:00,7,1,0,4,faible
19,2024-09-10 07:00:00,7,1,0,4,faible
20,2024-09-10 07:00:00,7,1,0,3,faible
21,2024-09-10 07:00:00,7,1,0,3,faible
22,2024-09-10 07:00:00,7,1,0,6,faible
23,2024-09-10 07:00:00,7,1,0,5,faible
24,2024-09-10 07:00:00,7,1,0,3,faible
25,2024-09-10 07:00:00,7,1,0,5,faible
26,2024-09-10 07:00:00,7,1,0,2,faible
27,2024-09-10 07:00:00,7,1,0,5,faible
28,2024-09-10 07:00:00,7,1,0,7,faible
29,2024-09-10 07:00:00,7,1,0,5,faible
30,2024-09-10 07:00:00,7,1,0,3,faible
31,2024-09-10 07:00:00,7,1,0,3,faible
32,2024-09-10 07:00:00,7,1,0,3,faible
33,2024-09-10 07:00:00,7,1,0,3,faible
34,2024-09-10 07:00:00,7,1,0,4,faible
35,2024-09-10 07:00:00,7,1,0,25,moyen
36,2024-09-10 07:00:00,7,1,0,1,faible
37,2024-09-10 07:00:00,7,1,0,2,faible
38,2024-09-10 07:00:00,7,1,0,23,faible
1,2024-09-10 08:00:00,8,1,1,10,moyen
2,2024-09-10 08:00:00,8,1,1,8,moyen
3,2024-09-10 08:00:00,8,1,1,6,moyen
4,2024-09-10 08:00:00,8,1,1,0,faible
5,2024-09-10 08:00:00,8,1,0,60,moyen
6,2024-09-10 08:00:00,8,1,0,99,moyen
7,2024-09-10 08:00:00,8,1,0,82,moyen
8,2024-09-10 08:00:00,8,1,1,2,faible
9,2024-09-10 08:00:00,8,1,0,3,faible
10,2024-09-10 08:00:00,8,1,1,3,faible
11,2024-09-10 08:00:00,8,1,1,2,faible
12,2024-09-10 08:00:00,8,1,0,1,faible
13,2024-09-10 08:00:00,8,1,1,1,faible
14,2024-09-10 08:00:00,8,1,0,8,faible
15,2024-09-10 08:00:00,8,1,1,10,faible
16,2024-09-10 08:00:00,8,1,1,8,faible
17,2024-09-10 08:00:00,8,1,0,5,faible
18,2024-09-10 08:00:00,8,1,0,2,faible
19,2024-09-10 08:00:00,8,1,1,7,faible
20,2024-09-10 08:00:00,8,1,1,5,faible
21,2024-09-10 08:00:00,8,1,1,7,faible
22,2024-09-10 08:00:00,8,1,0,4,faible
23,2024-09-10 08:00:00,8,1,1,6,faible
24,2024-09-10 08:00:00,8,1,0,8,faible
25,2024-09-10 08:00:00,8,1,1,3,faible
26,2024-09-10 08:00:00,8,1,1,4,faible
27,2024-09-10 08:00:00,8,1,1,4,faible
28,2024-09-10 08:00:00,8,1,1,5,faible
29,2024-09-10 08:00:00,8,1,1,4,faible
30,2024-09-10 08:00:00,8,1,1,6,faible
31,2024-09-10 08:00:00,8,1,0,3,faible
32,2024-09-10 08:00:00,8,1,0,5,faible
33,2024-09-10 08:00:00,8,1,0,4,faible
34,2024-09-10 08:00:00,8,1,0,3,faible
35,2024-09-10 08:00:00,8,1,0,13,faible
36,2024-09-10 08:00:00,8,1,0,2,faible
37,2024-09-10 08:00:00,8,1,1,2,faible
38,2024-09-10 08:00:00,8,1,0,49,moyen
1,2024-09-10 09:00:00,9,1,1,9,moyen
2,2024-09-10 09:00:00,9,1,1,6,faible
3,2024-09-10 09:00:00,9,1,1,4,faible
4,2024-09-10 09:00:00,9,1,1,0,faible
5,2024-09-10 09:00:00,9,1,0,52,moyen
6,2024-09-10 09:00:00,9,1,0,98,moyen
7,2024-09-10 09:00:00,9,1,0,74,moyen
8,2024-09-10 09:00:00,9,1,0,17,eleve
9,2024-09-10 09:00:00,9,1,1,14,moyen
10,2024-09-10 09:00:00,9,1,0,11,moyen
11,2024-09-10 09:00:00,9,1,1,11,moyen
12,2024-09-10 09:00:00,9,1,1,7,moyen
13,2024-09-10 09:00:00,9,1,1,10,moyen
14,2024-09-10 09:00:00,9,1,0,20,moyen
15,2024-09-10 09:00:00,9,1,0,25,moyen
16,2024-09-10 09:00:00,9,1,1,19,moyen
17,2024-09-10 09:00:00,9,1,1,16,moyen
18,2024-09-10 09:00:00,9,1,0,20,moyen
19,2024-09-10 09:00:00,9,1,1,23,moyen
20,2024-09-10 09:00:00,9,1,0,20,moyen
21,2024-09-10 09:00:00,9,1,0,16,moyen
22,2024-09-10 09:00:00,9,1,0,18,moyen
23,2024-09-10 09:00:00,9,1,1,11,moyen
24,2024-09-10 09:00:00,9,1,1,16,moyen
25,2024-09-10 09:00:00,9,1,1,15,moyen
26,2024-09-10 09:00:00,9,1,1,18,moyen
27,2024-09-10 09:00:00,9,1,0,15,moyen
28,2024-09-10 09:00:00,9,1,1,17,moyen
29,2024-09-10 09:00:00,9,1,1,14,moyen
30,2024-09-10 09:00:00,9,1,1,15,moyen
31,2024-09-10 09:00:00,9,1,1,10,moyen
32,2024-09-10 09:00:00,9,1,1,12,moyen
33,2024-09-10 09:00:00,9,1,1,8,moyen
34,2024-09-10 09:00:00,9,1,1,9,moyen
35,2024-09-10 09:00:00,9,1,1,24,moyen
36,2024-09-10 09:00:00,9,1,1,8,moyen
37,2024-09-10 09:00:00,9,1,0,8,moyen
38,2024-09-10 09:00:00,9,1,0,55,moyen
1,2024-09-10 10:00:00,10,1,1,8,faible
2,2024-09-10 10:00:00,10,1,1,6,faible
3,2024-09-10 10:00:00,10,1,1,7,moyen
4,2024-09-10 10:00:00,10,1,1,0,faible
5,2024-09-10 10:00:00,10,1,0,69,moyen
6,2024-09-10 10:00:00,10,1,0,115,moyen
7,2024-09-10 10:00:00,10,1,0,64,moyen
8,2024-09-10 10:00:00,10,1,1,11,moyen
9,2024-09-10 10:00:00,10,1,1,12,moyen
10,2024-09-10 10:00:00,10,1,1,11,moyen
11,2024-09-10 10:00:00,10,1,1,9,moyen
12,2024-09-10 10:00:00,10,1,0,8,moyen
13,2024-09-10 10:00:00,10,1,1,9,moyen
14,2024-09-10 10:00:00,10,1,1,21,moyen
15,2024-09-10 10:00:00,10,1,1,21,moyen
16,2024-09-10 10:00:00,10,1,0,17,moyen
17,2024-09-10 10:00:00,10,1,1,20,moyen
18,2024-09-10 10:00:00,10,1,1,15,moyen
19,2024-09-10 10:00:00,10,1,1,25,moyen
20,2024-09-10 10:00:00,10,1,0,20,moyen
21,2024-09-10 10:00:00,10,1,0,15,moyen
22,2024-09-10 10:00:00,10,1,0,18,moyen
23,2024-09-10 10:00:00,10,1,1,12,moyen
24,2024-09-10 10:00:00,10,1,1,17,moyen
25,2024-09-10 10:00:00,10,1,1,18,moyen
26,2024-09-10 10:00:00,10,1,0,17,moyen
27,2024-09-10 10:00:00,10,1,0,16,moyen
28,2024-09-10 10:00:00,10,1,1,15,moyen
29,2024-09-10 10:00:00,10,1,0,12,moyen
30,2024-09-10 10:00:00,10,1,1,11,moyen
31,2024-09-10 10:00:00,10,1,1,9,moyen
32,2024-09-10 10:00:00,10,1,0,11,moyen
33,2024-09-10 10:00:00,10,1,1,10,moyen
34,2024-09-10 10:00:00,10,1,1,9,moyen
35,2024-09-10 10:00:00,10,1,0,13,faible
36,2024-09-10 10:00:00,10,1,1,7,moyen
37,2024-09-10 10:00:00,10,1,1,7,moyen
38,2024-09-10 10:00:00,10,1,0,55,moyen
1,2024-09-10 11:00:00,11,1,1,8,faible
2,2024-09-10 11:00:00,11,1,1,7,faible
3,2024-09-10 11:00:00,11,1,1,4,faible
4,2024-09-10 11:00:00,11,1,1,1,faible
5,2024-09-10 11:00:00,11,1,0,56,moyen
6,2024-09-10 11:00:00,11,1,0,85,moyen
7,2024-09-10 11:00:00,11,1,0,76,moyen
8,2024-09-10 11:00:00,11,1,1,12,moyen
9,2024-09-10 11:00:00,11,1,0,15,moyen
10,2024-09-10 11:00:00,11,1,1,9,moyen
11,2024-09-10 11:00:00,11,1,0,11,moyen
12,2024-09-10 11:00:00,11,1,1,8,moyen
13,2024-09-10 11:00:00,11,1,1,11,moyen
14,2024-09-10 11:00:00,11,1,0,20,moyen
15,2024-09-10 11:00:00,11,1,0,23,moyen
16,2024-09-10 11:00:00,11,1,1,21,moyen
17,2024-09-10 11:00:00,11,1,1,17,moyen
18,2024-09-10 11:00:00,11,1,0,19,moyen
19,2024-09-10 11:00:00,11,1,1,25,moyen
20,2024-09-10 11:00:00,11,1,1,19,moyen
21,2024-09-10 11:00:00,11,1,1,14,moyen
22,2024-09-10 11:00:00,11,1,1,14,moyen
23,2024-09-10 11:00:00,11,1,1,13,moyen
24,2024-09-10 11:00:00,11,1,1,16,moyen
25,2024-09-10 11:00:00,11,1,1,16,moyen
26,2024-09-10 11:00:00,11,1,0,14,moyen
27,2024-09-10 11:00:00,11,1,0,13,moyen
28,2024-09-10 11:00:00,11,1,0,18,moyen
29,2024-09-10 11:00:00,11,1,1,11,moyen
30,2024-09-10 11:00:00,11,1,0,11,moyen
31,2024-09-10 11:00:00,11,1,1,12,moyen
32,2024-09-10 11:00:00,11,1,1,11,moyen
33,2024-09-10 11:00:00,11,1,0,8,moyen
34,2024-09-10 11:00:00,11,1,1,9,moyen
35,2024-09-10 11:00:00,11,1,1,20,faible
36,2024-09-10 11:00:00,11,1,0,9,moyen
37,2024-09-10 11:00:00,11,1,0,8,moyen
38,2024-09-10 11:00:00,11,1,0,44,moyen
1,2024-09-10 12:00:00,12,1,1,7,faible
2,2024-09-10 12:00:00,12,1,1,5,faible
3,2024-09-10 12:00:00,12,1,1,4,faible
4,2024-09-10 12:00:00,12,1,1,1,faible
5,2024-09-10 12:00:00,12,1,0,19,faible
6,2024-09-10 12:00:00,12,1,0,29,faible
7,2024-09-10 12:00:00,12,1,0,29,faible
8,2024-09-10 12:00:00,12,1,1,11,moyen
9,2024-09-10 12:00:00,12,1,1,14,moyen
10,2024-09-10 12:00:00,12,1,1,9,moyen
11,2024-09-10 12:00:00,12,1,1,11,moyen
12,2024-09-10 12:00:00,12,1,1,7,moyen
13,2024-09-10 12:00:00,12,1,1,11,moyen
14,2024-09-10 12:00:00,12,1,1,3,faible
15,2024-09-10 12:00:00,12,1,1,11,faible
16,2024-09-10 12:00:00,12,1,1,6,faible
17,2024-09-10 12:00:00,12,1,1,4,faible
18,2024-09-10 12:00:00,12,1,1,4,faible
19,2024-09-10 12:00:00,12,1,1,11,faible
20,2024-09-10 12:00:00,12,1,1,7,faible
21,2024-09-10 12:00:00,12,1,1,6,faible
22,2024-09-10 12:00:00,12,1,1,6,faible
23,2024-09-10 12:00:00,12,1,0,3,faible
24,2024-09-10 12:00:00,12,1,1,5,faible
25,2024-09-10 12:00:00,12,1,0,6,faible
26,2024-09-10 12:00:00,12,1,1,4,faible
27,2024-09-10 12:00:00,12,1,1,6,faible
28,2024-09-10 12:00:00,12,1,1,6,faible
29,2024-09-10 12:00:00,12,1,1,6,faible
30,2024-09-10 12:00:00,12,1,1,5,faible
31,2024-09-10 12:00:00,12,1,1,5,faible
32,2024-09-10 12:00:00,12,1,1,3,faible
33,2024-09-10 12:00:00,12,1,1,3,faible
34,2024-09-10 12:00:00,12,1,0,3,faible
35,2024-09-10 12:00:00,12,1,1,45,moyen
36,2024-09-10 12:00:00,12,1,1,8,moyen
37,2024-09-10 12:00:00,12,1,1,8,moyen
38,2024-09-10 12:00:00,12,1,0,26,faible
1,2024-09-10 13:00:00,13,1,1,10,moyen
2,2024-09-10 13:00:00,13,1,1,7,faible
3,2024-09-10 13:00:00,13,1,1,5,faible
4,2024-09-10 13:00:00,13,1,1,0,faible
5,2024-09-10 13:00:00,13,1,0,25,faible
6,2024-09-10 13:00:00,13,1,0,38,faible
7,2024-09-10 13:00:00,13,1,0,25,faible
8,2024-09-10 13:00:00,13,1,0,3,faible
9,2024-09-10 13:00:00,13,1,1,2,faible
10,2024-09-10 13:00:00,13,1,0,2,faible
11,2024-09-10 13:00:00,13,1,0,2,faible
12,2024-09-10 13:00:00,13,1,1,3,faible
13,2024-09-10 13:00:00,13,1,1,2,faible
14,2024-09-10 13:00:00,13,1,1,11,faible
15,2024-09-10 13:00:00,13,1,1,5,faible
16,2024-09-10 13:00:00,13,1,1,7,faible
17,2024-09-10 13:00:00,13,1,1,6,faible
18,2024-09-10 13:00:00,13,1,1,7,faible
19,2024-09-10 13:00:00,13,1,1,5,faible
20,2024-09-10 13:00:00,13,1,1,3,faible
21,2024-09-10 13:00:00,13,1,1,3,faible
22,2024-09-10 13:00:00,13,1,0,4,faible
23,2024-09-10 13:00:00,13,1,1,3,faible
24,2024-09-10 13:00:00,13,1,1,6,faible
25,2024-09-10 13:00:00,13,1,0,6,faible
26,2024-09-10 13:00:00,13,1,0,6,faible
27,2024-09-10 13:00:00,13,1,1,6,faible
28,2024-09-10 13:00:00,13,1,0,2,faible
29,2024-09-10 13:00:00,13,1,0,5,faible
30,2024-09-10 13:00:00,13,1,1,5,faible
31,2024-09-10 13:00:00,13,1,1,3,faible
32,2024-09-10 13:00:00,13,1,0,2,faible
33,2024-09-10 13:00:00,13,1,1,1,faible
34,2024-09-10 13:00:00,13,1,1,2,faible
35,2024-09-10 13:00:00,13,1,0,48,moyen
36,2024-09-10 13:00:00,13,1,1,3,faible
37,2024-09-10 13:00:00,13,1,0,3,faible
38,2024-09-10 13:00:00,13,1,0,15,faible
1,2024-09-10 14:00:00,14,1,1,10,moyen
2,2024-09-10 14:00:00,14,1,1,8,moyen
3,2024-09-10 14:00:00,14,1,1,7,moyen
4,2024-09-10 14:00:00,14,1,1,1,faible
5,2024-09-10 14:00:00,14,1,0,16,faible
6,2024-09-10 14:00:00,14,1,0,38,faible
7,2024-09-10 14:00:00,14,1,0,20,faible
8,2024-09-10 14:00:00,14,1,1,11,moyen
9,2024-09-10 14:00:00,14,1,0,13,moyen
10,2024-09-10 14:00:00,14,1,0,11,moyen
11,2024-09-10 14:00:00,14,1,1,8,moyen
12,2024-09-10 14:00:00,14,1,1,7,moyen
13,2024-09-10 14:00:00,14,1,1,10,moyen
14,2024-09-10 14:00:00,14,1,1,24,moyen
15,2024-09-10 14:00:00,14,1,1,23,moyen
16,2024-09-10 14:00:00,14,1,1,22,moyen
17,2024-09-10 14:00:00,14,1,1,17,moyen
18,2024-09-10 14:00:00,14,1,1,18,moyen
19,2024-09-10 14:00:00,14,1,1,20,moyen
20,2024-09-10 14:00:00,14,1,1,19,moyen
21,2024-09-10 14:00:00,14,1,1,14,moyen
22,2024-09-10 14:00:00,14,1,0,17,moyen
23,2024-09-10 14:00:00,14,1,1,13,moyen
24,2024-09-10 14:00:00,14,1,0,16,moyen
25,2024-09-10 14:00:00,14,1,1,18,moyen
26,2024-09-10 14:00:00,14,1,0,17,moyen
27,2024-09-10 14:00:00,14,1,0,18,moyen
28,2024-09-10 14:00:00,14,1,1,19,moyen
29,2024-09-10 14:00:00,14,1,1,13,moyen
30,2024-09-10 14:00:00,14,1,1,12,moyen
31,2024-09-10 14:00:00,14,1,0,10,moyen
32,2024-09-10 14:00:00,14,1,0,11,moyen
33,2024-09-10 14:00:00,14,1,1,8,moyen
34,2024-09-10 14:00:00,14,1,1,10,moyen
35,2024-09-10 14:00:00,14,1,1,18,faible
36,2024-09-10 14:00:00,14,1,1,9,moyen
37,2024-09-10 14:00:00,14,1,1,7,moyen
38,2024-09-10 14:00:00,14,1,0,21,faible
1,2024-09-10 15:00:00,15,1,1,9,moyen
2,2024-09-10 15:00:00,15,1,1,5,faible
3,2024-09-10 15:00:00,15,1,1,4,faible
4,2024-09-10 15:00:00,15,1,1,0,faible
5,2024-09-10 15:00:00,15,1,0,33,faible
6,2024-09-10 15:00:00,15,1,0,47,faible
7,2024-09-10 15:00:00,15,1,0,26,faible
8,2024-09-10 15:00:00,15,1,0,11,moyen
9,2024-09-10 15:00:00,15,1,1,15,moyen
10,2024-09-10 15:00:00,15,1,1,10,moyen
11,2024-09-10 15:00:00,15,1,1,9,moyen
12,2024-09-10 15:00:00,15,1,1,7,moyen
13,2024-09-10 15:00:00,15,1,0,12,moyen
14,2024-09-10 15:00:00,15,1,1,20,moyen
15,2024-09-10 15:00:00,15,1,1,19,moyen
16,2024-09-10 15:00:00,15,1,0,19,moyen
17,2024-09-10 15:00:00,15,1,0,20,moyen
18,2024-09-10 15:00:00,15,1,0,16,moyen
19,2024-09-10 15:00:00,15,1,1,18,moyen
20,2024-09-10 15:00:00,15,1,1,16,moyen
21,2024-09-10 15:00:00,15,1,1,17,moyen
22,2024-09-10 15:00:00,15,1,1,16,moyen
23,2024-09-10 15:00:00,15,1,0,12,moyen
24,2024-09-10 15:00:00,15,1,1,16,moyen
25,2024-09-10 15:00:00,15,1,0,20,moyen
26,2024-09-10 15:00:00,15,1,1,14,moyen
27,2024-09-10 15:00:00,15,1,0,14,moyen
28,2024-09-10 15:00:00,15,1,1,20,moyen
29,2024-09-10 15:00:00,15,1,1,13,moyen
30,2024-09-10 15:00:00,15,1,1,14,moyen
31,2024-09-10 15:00:00,15,1,1,11,moyen
32,2024-09-10 15:00:00,15,1,1,10,moyen
33,2024-09-10 15:00:00,15,1,1,8,moyen
34,2024-09-10 15:00:00,15,1,0,9,moyen
35,2024-09-10 15:00:00,15,1,1,25,moyen
36,2024-09-10 15:00:00,15,1,0,8,moyen
37,2024-09-10 15:00:00,15,1,0,7,moyen
38,2024-09-10 15:00:00,15,1,0,27,faible
1,2024-09-10 16:00:00,16,1,1,9,moyen
2,2024-09-10 16:00:00,16,1,1,5,faible
3,2024-09-10 16:00:00,16,1,1,5,faible
4,2024-09-10 16:00:00,16,1,1,0,faible
5,2024-09-10 16:00:00,16,1,0,21,faible
6,2024-09-10 16:00:00,16,1,0,41,faible
7,2024-09-10 16:00:00,16,1,0,24,faible
8,2024-09-10 16:00:00,16,1,1,11,moyen
9,2024-09-10 16:00:00,16,1,0,14,moyen
10,2024-09-10 16:00:00,16,1,1,9,moyen
11,2024-09-10 16:00:00,16,1,1,10,moyen
12,2024-09-10 16:00:00,16,1,0,8,moyen
13,2024-09-10 16:00:00,16,1,1,10,moyen
14,2024-09-10 16:00:00,16,1,1,19,moyen
15,2024-09-10 16:00:00,16,1,1,25,moyen
16,2024-09-10 16:00:00,16,1,0,23,moyen
17,2024-09-10 16:00:00,16,1,0,20,moyen
18,2024-09-10 16:00:00,16,1,1,19,moyen
19,2024-09-10 16:00:00,16,1,1,20,moyen
20,2024-09-10 16:00:00,16,1,0,15,moyen
21,2024-09-10 16:00:00,16,1,0,16,moyen
22,2024-09-10 16:00:00,16,1,1,15,moyen
23,2024-09-10 16:00:00,16,1,1,13,moyen
24,2024-09-10 16:00:00,16,1,0,20,moyen
25,2024-09-10 16:00:00,16,1,1,16,moyen
26,2024-09-10 16:00:00,16,1,1,13,moyen
27,2024-09-10 16:00:00,16,1,1,16,moyen
28,2024-09-10 16:00:00,16,1,1,21,moyen
29,2024-09-10 16:00:00,16,1,0,12,moyen
30,2024-09-10 16:00:00,16,1,0,11,moyen
31,2024-09-10 16:00:00,16,1,0,11,moyen
32,2024-09-10 16:00:00,16,1,0,11,moyen
33,2024-09-10 16:00:00,16,1,1,7,moyen
34,2024-09-10 16:00:00,16,1,1,9,moyen
35,2024-09-10 16:00:00,16,1,0,22,faible
36,2024-09-10 16:00:00,16,1,1,7,moyen
37,2024-09-10 16:00:00,16,1,1,8,moyen
38,2024-09-10 16:00:00,16,1,0,23,faible
1,2024-09-10 17:00:00,17,1,1,10,moyen
2,2024-09-10 17:00:00,17,1,1,5,faible
3,2024-09-10 17:00:00,17,1,1,4,faible
4,2024-09-10 17:00:00,17,1,1,0,faible
5,2024-09-10 17:00:00,17,1,0,17,faible
6,2024-09-10 17:00:00,17,1,0,47,faible
7,2024-09-10 17:00:00,17,1,0,36,faible
8,2024-09-10 17:00:00,17,1,1,12,moyen
9,2024-09-10 17:00:00,17,1,1,13,moyen
10,2024-09-10 17:00:00,17,1,1,11,moyen
11,2024-09-10 17:00:00,17,1,1,9,moyen
12,2024-09-10 17:00:00,17,1,1,7,moyen
13,2024-09-10 17:00:00,17,1,1,12,moyen
14,2024-09-10 17:00:00,17,1,1,8,faible
15,2024-09-10 17:00:00,17,1,1,11,faible
16,2024-09-10 17:00:00,17,1,1,4,faible
17,2024-09-10 17:00:00,17,1,1,4,faible
18,2024-09-10 17:00:00,17,1,1,8,faible
19,2024-09-10 17:00:00,17,1,0,7,faible
20,2024-09-10 17:00:00,17,1,0,3,faible
21,2024-09-10 17:00:00,17,1,0,4,faible
22,2024-09-10 17:00:00,17,1,1,6,faible
23,2024-09-10 17:00:00,17,1,0,5,faible
24,2024-09-10 17:00:00,17,1,1,5,faible
25,2024-09-10 17:00:00,17,1,0,4,faible
26,2024-09-10 17:00:00,17,1,1,7,faible
27,2024-09-10 17:00:00,17,1,0,7,faible
28,2024-09-10 17:00:00,17,1,1,5,faible
29,2024-09-10 17:00:00,17,1,1,2,faible
30,2024-09-10 17:00:00,17,1,1,5,faible
31,2024-09-10 17:00:00,17,1,1,5,faible
32,2024-09-10 17:00:00,17,1,0,4,faible
33,2024-09-10 17:00:00,17,1,1,2,faible
34,2024-09-10 17:00:00,17,1,0,2,faible
35,2024-09-10 17:00:00,17,1,1,52,moyen
36,2024-09-10 17:00:00,17,1,1,7,moyen
37,2024-09-10 17:00:00,17,1,1,7,moyen
38,2024-09-10 17:00:00,17,1,0,13,faible
1,2024-09-10 18:00:00,18,1,0,3,faible
2,2024-09-10 18:00:00,18,1,0,0,faible
3,2024-09-10 18:00:00,18,1,0,0,faible
4,2024-09-10 18:00:00,18,1,0,1,faible
5,2024-09-10 18:00:00,18,1,0,32,faible
6,2024-09-10 18:00:00,18,1,0,51,faible
7,2024-09-10 18:00:00,18,1,0,31,faible
8,2024-09-10 18:00:00,18,1,1,4,faible
9,2024-09-10 18:00:00,18,1,1,4,faible
10,2024-09-10 18:00:00,18,1,1,1,faible
11,2024-09-10 18:00:00,18,1,1,2,faible
12,2024-09-10 18:00:00,18,1,1,2,faible
13,2024-09-10 18:00:00,18,1,0,1,faible
14,2024-09-10 18:00:00,18,1,1,4,faible
15,2024-09-10 18:00:00,18,1,0,9,faible
16,2024-09-10 18:00:00,18,1,1,8,faible
17,2024-09-10 18:00:00,18,1,1,7,faible
18,2024-09-10 18:00:00,18,1,1,8,faible
19,2024-09-10 18:00:00,18,1,1,6,faible
20,2024-09-10 18:00:00,18,1,1,6,faible
21,2024-09-10 18:00:00,18,1,1,4,faible
22,2024-09-10 18:00:00,18,1,1,4,faible
23,2024-09-10 18:00:00,18,1,1,4,faible
24,2024-09-10 18:00:00,18,1,1,5,faible
25,2024-09-10 18:00:00,18,1,0,7,faible
26,2024-09-10 18:00:00,18,1,0,7,faible
27,2024-09-10 18:00:00,18,1,0,7,faible
28,2024-09-10 18:00:00,18,1,1,5,faible
29,2024-09-10 18:00:00,18,1,1,2,faible
30,2024-09-10 18:00:00,18,1,1,6,faible
31,2024-09-10 18:00:00,18,1,1,2,faible
32,2024-09-10 18:00:00,18,1,0,2,faible
33,2024-09-10 18:00:00,18,1,1,2,faible
34,2024-09-10 18:00:00,18,1,1,2,faible
35,2024-09-10 18:00:00,18,1,1,49,moyen
36,2024-09-10 18:00:00,18,1,0,3,faible
37,2024-09-10 18:00:00,18,1,1,3,faible
38,2024-09-10 18:00:00,18,1,0,13,faible
1,2024-09-10 19:00:00,19,1,0,0,faible
2,2024-09-10 19:00:00,19,1,0,1,faible
3,2024-09-10 19:00:00,19,1,0,1,faible
4,2024-09-10 19:00:00,19,1,0,1,faible
5,2024-09-10 19:00:00,19,1,0,19,faible
6,2024-09-10 19:00:00,19,1,0,39,faible
7,2024-09-10 19:00:00,19,1,0,24,faible
8,2024-09-10 19:00:00,19,1,0,1,faible
9,2024-09-10 19:00:00,19,1,0,4,faible
10,2024-09-10 19:00:00,19,1,0,3,faible
11,2024-09-10 19:00:00,19,1,0,3,faible
12,2024-09-10 19:00:00,19,1,0,2,faible
13,2024-09-10 19:00:00,19,1,0,4,faible
14,2024-09-10 19:00:00,19,1,0,9,faible
15,2024-09-10 19:00:00,19,1,0,10,faible
16,2024-09-10 19:00:00,19,1,0,3,faible
17,2024-09-10 19:00:00,19,1,0,6,faible
18,2024-09-10 19:00:00,19,1,0,4,faible
19,2024-09-10 19:00:00,19,1,0,8,faible
20,2024-09-10 19:00:00,19,1,0,2,faible
21,2024-09-10 19:00:00,19,1,0,6,faible
22,2024-09-10 19:00:00,19,1,0,7,faible
23,2024-09-10 19:00:00,19,1,0,5,faible
24,2024-09-10 19:00:00,19,1,0,6,faible
25,2024-09-10 19:00:00,19,1,0,3,faible
26,2024-09-10 19:00:00,19,1,0,6,faible
27,2024-09-10 19:00:00,19,1,0,7,faible
28,2024-09-10 19:00:00,19,1,0,6,faible
29,2024-09-10 19:00:00,19,1,0,5,faible
30,2024-09-10 19:00:00,19,1,0,3,faible
31,2024-09-10 19:00:00,19,1,0,5,faible
32,2024-09-10 19:00:00,19,1,0,2,faible
33,2024-09-10 19:00:00,19,1,0,1,faible
34,2024-09-10 19:00:00,19,1,0,1,faible
35,2024-09-10 19:00:00,19,1,0,52,moyen
36,2024-09-10 19:00:00,19,1,0,1,faible
37,2024-09-10 19:00:00,19,1,0,1,faible
38,2024-09-10 19:00:00,19,1,0,12,faible
1,2024-09-10 20:00:00,20,1,0,1,faible
2,2024-09-10 20:00:00,20,1,0,1,faible
3,2024-09-10 20:00:00,20,1,0,0,faible
4,2024-09-10 20:00:00,20,1,0,0,faible
5,2024-09-10 20:00:00,20,1,0,28,faible
6,2024-09-10 20:00:00,20,1,0,35,faible
7,2024-09-10 20:00:00,20,1,0,36,faible
8,2024-09-10 20:00:00,20,1,0,3,faible
9,2024-09-10 20:00:00,20,1,0,5,faible
10,2024-09-10 20:00:00,20,1,0,2,faible
11,2024-09-10 20:00:00,20,1,0,3,faible
12,2024-09-10 20:00:00,20,1,0,3,faible
13,2024-09-10 20:00:00,20,1,0,1,faible
14,2024-09-10 20:00:00,20,1,0,6,faible
15,2024-09-10 20:00:00,20,1,0,4,faible
16,2024-09-10 20:00:00,20,1,0,3,faible
17,2024-09-10 20:00:00,20,1,0,4,faible
18,2024-09-10 20:00:00,20,1,0,8,faible
19,2024-09-10 20:00:00,20,1,0,6,faible
20,2024-09-10 20:00:00,20,1,0,3,faible
21,2024-09-10 20:00:00,20,1,0,3,faible
22,2024-09-10 20:00:00,20,1,0,2,faible
23,2024-09-10 20:00:00,20,1,0,4,faible
24,2024-09-10 20:00:00,20,1,0,5,faible
25,2024-09-10 20:00:00,20,1,0,7,faible
26,2024-09-10 20:00:00,20,1,0,3,faible
27,2024-09-10 20:00:00,20,1,0,6,faible
28,2024-09-10 20:00:00,20,1,0,7,faible
29,2024-09-10 20:00:00,20,1,0,6,faible
30,2024-09-10 20:00:00,20,1,0,4,faible
31,2024-09-10 20:00:00,20,1,0,5,faible
32,2024-09-10 20:00:00,20,1,0,4,faible
33,2024-09-10 20:00:00,20,1,0,4,faible
34,2024-09-10 20:00:00,20,1,0,3,faible
35,2024-09-10 20:00:00,20,1,0,45,moyen
36,2024-09-10 20:00:00,20,1,0,2,faible
37,2024-09-10 20:00:00,20,1,0,3,faible
38,2024-09-10 20:00:00,20,1,0,21,faible
1,2024-09-10 21:00:00,21,1,0,2,faible
2,2024-09-10 21:00:00,21,1,0,0,faible
3,2024-09-10 21:00:00,21,1,0,0,faible
4,2024-09-10 21:00:00,21,1,0,0,faible
5,2024-09-10 21:00:00,21,1,0,30,faible
6,2024-09-10 21:00:00,21,1,0,38,faible
7,2024-09-10 21:00:00,21,1,0,25,faible
8,2024-09-10 21:00:00,21,1,0,3,faible
9,2024-09-10 21:00:00,21,1,0,5,faible
10,2024-09-10 21:00:00,21,1,0,3,faible
11,2024-09-10 21:00:00,21,1,0,3,faible
12,2024-09-10 21:00:00,21,1,0,1,faible
13,2024-09-10 21:00:00,21,1,0,2,faible
14,2024-09-10 21:00:00,21,1,0,9,faible
15,2024-09-10 21:00:00,21,1,0,7,faible
16,2024-09-10 21:00:00,21,1,0,3,faible
17,2024-09-10 21:00:00,21,1,0,7,faible
18,2024-09-10 21:00:00,21,1,0,7,faible
19,2024-09-10 21:00:00,21,1,0,4,faible
20,2024-09-10 21:00:00,21,1,0,3,faible
21,2024-09-10 21:00:00,21,1,0,6,faible
22,2024-09-10 21:00:00,21,1,0,5,faible
23,2024-09-10 21:00:00,21,1,0,6,faible
24,2024-09-10 21:00:00,21,1,0,6,faible
25,2024-09-10 21:00:00,21,1,0,5,faible
26,2024-09-10 21:00:00,21,1,0,6,faible
27,2024-09-10 21:00:00,21,1,0,6,faible
28,2024-09-10 21:00:00,21,1,0,8,faible
29,2024-09-10 21:00:00,21,1,0,2,faible
30,2024-09-10 21:00:00,21,1,0,2,faible
31,2024-09-10 21:00:00,21,1,0,5,faible
32,2024-09-10 21:00:00,21,1,0,4,faible
33,2024-09-10 21:00:00,21,1,0,2,faible
34,2024-09-10 21:00:00,21,1,0,1,faible
35,2024-09-10 21:00:00,21,1,0,52,moyen
36,2024-09-10 21:00:00,21,1,0,2,faible
37,2024-09-10 21:00:00,21,1,0,1,faible
38,2024-09-10 21:00:00,21,1,0,20,faible
1,2024-09-11 07:00:00,7,2,0,0,faible
2,2024-09-11 07:00:00,7,2,0,1,faible
3,2024-09-11 07:00:00,7,2,0,0,faible
4,2024-09-11 07:00:00,7,2,0,0,faible
5,2024-09-11 07:00:00,7,2,0,24,faible
6,2024-09-11 07:00:00,7,2,0,50,faible
7,2024-09-11 07:00:00,7,2,0,19,faible
8,2024-09-11 07:00:00,7,2,0,2,faible
9,2024-09-11 07:00:00,7,2,0,5,faible
10,2024-09-11 07:00:00,7,2,0,1,faible
11,2024-09-11 07:00:00,7,2,0,3,faible
12,2024-09-11 07:00:00,7,2,0,2,faible
13,2024-09-11 07:00:00,7,2,0,1,faible
14,2024-09-11 07:00:00,7,2,0,4,faible
15,2024-09-11 07:00:00,7,2,0,7,faible
16,2024-09-11 07:00:00,7,2,0,6,faible
17,2024-09-11 07:00:00,7,2,0,7,faible
18,2024-09-11 07:00:00,7,2,0,3,faible
19,2024-09-11 07:00:00,7,2,0,9,faible
20,2024-09-11 07:00:00,7,2,0,5,faible
21,2024-09-11 07:00:00,7,2,0,6,faible
22,2024-09-11 07:00:00,7,2,0,8,faible
23,2024-09-11 07:00:00,7,2,0,3,faible
24,2024-09-11 07:00:00,7,2,0,3,faible
25,2024-09-11 07:00:00,7,2,0,2,faible
26,2024-09-11 07:00:00,7,2,0,2,faible
27,2024-09-11 07:00:00,7,2,0,6,faible
28,2024-09-11 07:00:00,7,2,0,2,faible
29,2024-09-11 07:00:00,7,2,0,5,faible
30,2024-09-11 07:00:00,7,2,0,2,faible
31,2024-09-11 07:00:00,7,2,0,3,faible
32,2024-09-11 07:00:00,7,2,0,4,faible
33,2024-09-11 07:00:00,7,2,0,3,faible
34,2024-09-11 07:00:00,7,2,0,3,faible
35,2024-09-11 07:00:00,7,2,0,14,faible
36,2024-09-11 07:00:00,7,2,0,1,faible
37,2024-09-11 07:00:00,7,2,0,3,faible
38,2024-09-11 07:00:00,7,2,0,13,faible
1,2024-09-11 08:00:00,8,2,1,10,moyen
2,2024-09-11 08:00:00,8,2,1,7,faible
3,2024-09-11 08:00:00,8,2,1,5,faible
4,2024-09-11 08:00:00,8,2,1,0,faible
5,2024-09-11 08:00:00,8,2,1,64,moyen
6,2024-09-11 08:00:00,8,2,1,103,moyen
7,2024-09-11 08:00:00,8,2,1,80,moyen
8,2024-09-11 08:00:00,8,2,1,4,faible
9,2024-09-11 08:00:00,8,2,1,4,faible
10,2024-09-11 08:00:00,8,2,0,3,faible
11,2024-09-11 08:00:00,8,2,0,2,faible
12,2024-09-11 08:00:00,8,2,0,2,faible
13,2024-09-11 08:00:00,8,2,1,3,faible
14,2024-09-11 08:00:00,8,2,1,5,faible
15,2024-09-11 08:00:00,8,2,0,9,faible
16,2024-09-11 08:00:00,8,2,0,9,faible
17,2024-09-11 08:00:00,8,2,0,7,faible
18,2024-09-11 08:00:00,8,2,0,5,faible
19,2024-09-11 08:00:00,8,2,0,6,faible
20,2024-09-11 08:00:00,8,2,0,6,faible
21,2024-09-11 08:00:00,8,2,0,3,faible
22,2024-09-11 08:00:00,8,2,1,4,faible
23,2024-09-11 08:00:00,8,2,1,3,faible
24,2024-09-11 08:00:00,8,2,1,6,faible
25,2024-09-11 08:00:00,8,2,0,6,faible
26,2024-09-11 08:00:00,8,2,0,3,faible
27,2024-09-11 08:00:00,8,2,1,3,faible
28,2024-09-11 08:00:00,8,2,1,7,faible
29,2024-09-11 08:00:00,8,2,1,6,faible
30,2024-09-11 08:00:00,8,2,0,3,faible
31,2024-09-11 08:00:00,8,2,1,4,faible
32,2024-09-11 08:00:00,8,2,0,1,faible
33,2024-09-11 08:00:00,8,2,1,2,faible
34,2024-09-11 08:00:00,8,2,1,3,faible
35,2024-09-11 08:00:00,8,2,0,23,faible
36,2024-09-11 08:00:00,8,2,1,2,faible
37,2024-09-11 08:00:00,8,2,1,3,faible
38,2024-09-11 08:00:00,8,2,1,44,moyen
1,2024-09-11 09:00:00,9,2,1,6,faible
2,2024-09-11 09:00:00,9,2,1,6,faible
3,2024-09-11 09:00:00,9,2,1,4,faible
4,2024-09-11 09:00:00,9,2,1,0,faible
5,2024-09-11 09:00:00,9,2,1,57,moyen
6,2024-09-11 09:00:00,9,2,1,110,moyen
7,2024-09-11 09:00:00,9,2,1,65,moyen
8,2024-09-11 09:00:00,9,2,1,17,eleve
9,2024-09-11 09:00:00,9,2,1,11,moyen
10,2024-09-11 09:00:00,9,2,1,10,moyen
11,2024-09-11 09:00:00,9,2,1,8,moyen
12,2024-09-11 09:00:00,9,2,1,8,moyen
13,2024-09-11 09:00:00,9,2,1,11,moyen
14,2024-09-11 09:00:00,9,2,1,24,moyen
15,2024-09-11 09:00:00,9,2,0,19,moyen
16,2024-09-11 09:00:00,9,2,0,17,moyen
17,2024-09-11 09:00:00,9,2,1,21,moyen
18,2024-09-11 09:00:00,9,2,0,16,moyen
19,2024-09-11 09:00:00,9,2,1,23,moyen
20,2024-09-11 09:00:00,9,2,1,19,moyen
21,2024-09-11 09:00:00,9,2,0,13,moyen
22,2024-09-11 09:00:00,9,2,1,15,moyen
23,2024-09-11 09:00:00,9,2,1,12,moyen
24,2024-09-11 09:00:00,9,2,0,18,moyen
25,2024-09-11 09:00:00,9,2,1,16,moyen
26,2024-09-11 09:00:00,9,2,1,13,moyen
27,2024-09-11 09:00:00,9,2,0,17,moyen
28,2024-09-11 09:00:00,9,2,1,21,moyen
29,2024-09-11 09:00:00,9,2,1,12,moyen
30,2024-09-11 09:00:00,9,2,1,14,moyen
31,2024-09-11 09:00:00,9,2,1,9,moyen
32,2024-09-11 09:00:00,9,2,1,10,moyen
33,2024-09-11 09:00:00,9,2,1,8,moyen
34,2024-09-11 09:00:00,9,2,1,8,moyen
35,2024-09-11 09:00:00,9,2,0,25,moyen
36,2024-09-11 09:00:00,9,2,1,7,moyen
37,2024-09-11 09:00:00,9,2,0,8,moyen
38,2024-09-11 09:00:00,9,2,1,46,moyen
1,2024-09-11 10:00:00,10,2,1,9,moyen
2,2024-09-11 10:00:00,10,2,1,8,moyen
3,2024-09-11 10:00:00,10,2,1,6,moyen
4,2024-09-11 10:00:00,10,2,1,1,faible
5,2024-09-11 10:00:00,10,2,1,65,moyen
6,2024-09-11 10:00:00,10,2,1,107,moyen
7,2024-09-11 10:00:00,10,2,1,71,moyen
8,2024-09-11 10:00:00,10,2,1,11,moyen
9,2024-09-11 10:00:00,10,2,1,12,moyen
10,2024-09-11 10:00:00,10,2,1,10,moyen
11,2024-09-11 10:00:00,10,2,1,9,moyen
12,2024-09-11 10:00:00,10,2,1,7,moyen
13,2024-09-11 10:00:00,10,2,1,9,moyen
14,2024-09-11 10:00:00,10,2,1,18,moyen
15,2024-09-11 10:00:00,10,2,1,20,moyen
16,2024-09-11 10:00:00,10,2,1,18,moyen
17,2024-09-11 10:00:00,10,2,1,19,moyen
18,2024-09-11 10:00:00,10,2,1,16,moyen
19,2024-09-11 10:00:00,10,2,1,24,moyen
20,2024-09-11 10:00:00,10,2,0,16,moyen
21,2024-09-11 10:00:00,10,2,0,13,moyen
22,2024-09-11 10:00:00,10,2,1,16,moyen
23,2024-09-11 10:00:00,10,2,1,14,moyen
24,2024-09-11 10:00:00,10,2,1,18,moyen
25,2024-09-11 10:00:00,10,2,1,16,moyen
26,2024-09-11 10:00:00,10,2,0,16,moyen
27,2024-09-11 10:00:00,10,2,1,14,moyen
28,2024-09-11 10:00:00,10,2,0,16,moyen
29,2024-09-11 10:00:00,10,2,1,15,moyen
30,2024-09-11 10:00:00,10,2,1,14,moyen
31,2024-09-11 10:00:00,10,2,1,12,moyen
32,2024-09-11 10:00:00,10,2,1,11,moyen
33,2024-09-11 10:00:00,10,2,1,8,moyen
34,2024-09-11 10:00:00,10,2,1,8,moyen
35,2024-09-11 10:00:00,10,2,1,18,faible
36,2024-09-11 10:00:00,10,2,1,9,moyen
37,2024-09-11 10:00:00,10,2,0,7,moyen
38,2024-09-11 10:00:00,10,2,1,55,moyen
1,2024-09-11 11:00:00,11,2,1,11,moyen
2,2024-09-11 11:00:00,11,2,1,5,faible
3,2024-09-11 11:00:00,11,2,1,4,faible
4,2024-09-11 11:00:00,11,2,1,0,faible
5,2024-09-11 11:00:00,11,2,1,52,moyen
6,2024-09-11 11:00:00,11,2,1,88,moyen
7,2024-09-11 11:00:00,11,2,1,77,moyen
8,2024-09-11 11:00:00,11,2,0,12,moyen
9,2024-09-11 11:00:00,11,2,1,13,moyen
10,2024-09-11 11:00:00,11,2,0,11,moyen
11,2024-09-11 11:00:00,11,2,1,9,moyen
12,2024-09-11 11:00:00,11,2,1,7,moyen
13,2024-09-11 11:00:00,11,2,0,10,moyen
14,2024-09-11 11:00:00,11,2,0,23,moyen
15,2024-09-11 11:00:00,11,2,1,21,moyen
16,2024-09-11 11:00:00,11,2,0,17,moyen
17,2024-09-11 11:00:00,11,2,0,18,moyen
18,2024-09-11 11:00:00,11,2,1,15,moyen
19,2024-09-11 11:00:00,11,2,0,24,moyen
20,2024-09-11 11:00:00,11,2,0,18,moyen
21,2024-09-11 11:00:00,11,2,1,15,moyen
22,2024-09-11 11:00:00,11,2,1,17,moyen
23,2024-09-11 11:00:00,11,2,1,14,moyen
24,2024-09-11 11:00:00,11,2,1,15,moyen
25,2024-09-11 11:00:00,11,2,1,20,moyen
26,2024-09-11 11:00:00,11,2,0,15,moyen
27,2024-09-11 11:00:00,11,2,1,15,moyen
28,2024-09-11 11:00:00,11,2,0,17,moyen
29,2024-09-11 11:00:00,11,2,1,15,moyen
30,2024-09-11 11:00:00,11,2,0,15,moyen
31,2024-09-11 11:00:00,11,2,1,11,moyen
32,2024-09-11 11:00:00,11,2,1,12,moyen
33,2024-09-11 11:00:00,11,2,1,9,moyen
34,2024-09-11 11:00:00,11,2,1,8,moyen
35,2024-09-11 11:00:00,11,2,1,18,faible
36,2024-09-11 11:00:00,11,2,0,8,moyen
37,2024-09-11 11:00:00,11,2,0,8,moyen
38,2024-09-11 11:00:00,11,2,1,44,moyen
1,2024-09-11 12:00:00,12,2,1,10,moyen
2,2024-09-11 12:00:00,12,2,1,5,faible
3,2024-09-11 12:00:00,12,2,1,4,faible
4,2024-09-11 12:00:00,12,2,1,0,faible
5,2024-09-11 12:00:00,12,2,1,33,faible
6,2024-09-11 12:00:00,12,2,1,40,faible
7,2024-09-11 12:00:00,12,2,1,22,faible
8,2024-09-11 12:00:00,12,2,1,10,moyen
9,2024-09-11 12:00:00,12,2,1,12,moyen
10,2024-09-11 12:00:00,12,2,0,9,moyen
11,2024-09-11 12:00:00,12,2,1,9,moyen
12,2024-09-11 12:00:00,12,2,0,8,moyen
13,2024-09-11 12:00:00,12,2,0,9,moyen
14,2024-09-11 12:00:00,12,2,1,10,faible
15,2024-09-11 12:00:00,12,2,1,10,faible
16,2024-09-11 12:00:00,12,2,1,4,faible
17,2024-09-11 12:00:00,12,2,1,6,faible
18,2024-09-11 12:00:00,12,2,1,5,faible
19,2024-09-11 12:00:00,12,2,1,10,faible
20,2024-09-11 12:00:00,12,2,1,9,faible
21,2024-09-11 12:00:00,12,2,1,4,faible
22,2024-09-11 12:00:00,12,2,1,3,faible
23,2024-09-11 12:00:00,12,2,1,4,faible
24,2024-09-11 12:00:00,12,2,1,9,faible
25,2024-09-11 12:00:00,12,2,0,4,faible
26,2024-09-11 12:00:00,12,2,1,7,faible
27,2024-09-11 12:00:00,12,2,1,6,faible
28,2024-09-11 12:00:00,12,2,0,5,faible
29,2024-09-11 12:00:00,12,2,1,5,faible
30,2024-09-11 12:00:00,12,2,0,2,faible
31,2024-09-11 12:00:00,12,2,1,3,faible
32,2024-09-11 12:00:00,12,2,1,1,faible
33,2024-09-11 12:00:00,12,2,1,3,faible
34,2024-09-11 12:00:00,12,2,0,3,faible
35,2024-09-11 12:00:00,12,2,1,45,moyen
36,2024-09-11 12:00:00,12,2,1,9,moyen
37,2024-09-11 12:00:00,12,2,0,8,moyen
38,2024-09-11 12:00:00,12,2,1,24,faible
1,2024-09-11 13:00:00,13,2,1,8,faible
2,2024-09-11 13:00:00,13,2,1,7,faible
3,2024-09-11 13:00:00,13,2,1,6,moyen
4,2024-09-11 13:00:00,13,2,1,1,faible
5,2024-09-11 13:00:00,13,2,0,22,faible
6,2024-09-11 13:00:00,13,2,0,43,faible
7,2024-09-11 13:00:00,13,2,0,37,faible
8,2024-09-11 13:00:00,13,2,1,4,faible
9,2024-09-11 13:00:00,13,2,1,5,faible
10,2024-09-11 13:00:00,13,2,1,3,faible
11,2024-09-11 13:00:00,13,2,1,3,faible
12,2024-09-11 13:00:00,13,2,0,3,faible
13,2024-09-11 13:00:00,13,2,0,3,faible
14,2024-09-11 13:00:00,13,2,1,9,faible
15,2024-09-11 13:00:00,13,2,1,8,faible
16,2024-09-11 13:00:00,13,2,1,4,faible
17,2024-09-11 13:00:00,13,2,1,5,faible
18,2024-09-11 13:00:00,13,2,1,8,faible
19,2024-09-11 13:00:00,13,2,1,9,faible
20,2024-09-11 13:00:00,13,2,1,8,faible
21,2024-09-11 13:00:00,13,2,1,3,faible
22,2024-09-11 13:00:00,13,2,0,6,faible
23,2024-09-11 13:00:00,13,2,1,5,faible
24,2024-09-11 13:00:00,13,2,1,5,faible
25,2024-09-11 13:00:00,13,2,0,8,faible
26,2024-09-11 13:00:00,13,2,0,5,faible
27,2024-09-11 13:00:00,13,2,0,5,faible
28,2024-09-11 13:00:00,13,2,1,6,faible
29,2024-09-11 13:00:00,13,2,1,4,faible
30,2024-09-11 13:00:00,13,2,0,5,faible
31,2024-09-11 13:00:00,13,2,1,2,faible
32,2024-09-11 13:00:00,13,2,0,5,faible
33,2024-09-11 13:00:00,13,2,1,3,faible
34,2024-09-11 13:00:00,13,2,1,3,faible
35,2024-09-11 13:00:00,13,2,1,49,moyen
36,2024-09-11 13:00:00,13,2,1,2,faible
37,2024-09-11 13:00:00,13,2,0,2,faible
38,2024-09-11 13:00:00,13,2,0,25,faible
1,2024-09-11 14:00:00,14,2,1,7,faible
2,2024-09-11 14:00:00,14,2,1,5,faible
3,2024-09-11 14:00:00,14,2,1,5,faible
4,2024-09-11 14:00:00,14,2,1,0,faible
5,2024-09-11 14:00:00,14,2,0,27,faible
6,2024-09-11 14:00:00,14,2,0,55,faible
7,2024-09-11 14:00:00,14,2,0,39,faible
8,2024-09-11 14:00:00,14,2,1,11,moyen
9,2024-09-11 14:00:00,14,2,1,11,moyen
10,2024-09-11 14:00:00,14,2,1,11,moyen
11,2024-09-11 14:00:00,14,2,1,10,moyen
12,2024-09-11 14:00:00,14,2,1,7,moyen
13,2024-09-11 14:00:00,14,2,1,9,moyen
14,2024-09-11 14:00:00,14,2,1,23,moyen
15,2024-09-11 14:00:00,14,2,1,23,moyen
16,2024-09-11 14:00:00,14,2,1,18,moyen
17,2024-09-11 14:00:00,14,2,0,22,moyen
18,2024-09-11 14:00:00,14,2,1,20,moyen
19,2024-09-11 14:00:00,14,2,1,24,moyen
20,2024-09-11 14:00:00,14,2,1,16,moyen
21,2024-09-11 14:00:00,14,2,0,18,moyen
22,2024-09-11 14:00:00,14,2,1,17,moyen
23,2024-09-11 14:00:00,14,2,0,13,moyen
24,2024-09-11 14:00:00,14,2,1,18,moyen
25,2024-09-11 14:00:00,14,2,0,20,moyen
26,2024-09-11 14:00:00,14,2,1,17,moyen
27,2024-09-11 14:00:00,14,2,0,17,moyen
28,2024-09-11 14:00:00,14,2,0,19,moyen
29,2024-09-11 14:00:00,14,2,1,14,moyen
30,2024-09-11 14:00:00,14,2,1,13,moyen
31,2024-09-11 14:00:00,14,2,1,10,moyen
32,2024-09-11 14:00:00,14,2,1,9,moyen
33,2024-09-11 14:00:00,14,2,0,8,moyen
34,2024-09-11 14:00:00,14,2,0,7,moyen
35,2024-09-11 14:00:00,14,2,1,21,faible
36,2024-09-11 14:00:00,14,2,0,9,moyen
37,2024-09-11 14:00:00,14,2,1,9,moyen
38,2024-09-11 14:00:00,14,2,0,12,faible
1,2024-09-11 15:00:00,15,2,1,9,moyen
2,2024-09-11 15:00:00,15,2,1,5,faible
3,2024-09-11 15:00:00,15,2,1,6,moyen
4,2024-09-11 15:00:00,15,2,1,0,faible
5,2024-09-11 15:00:00,15,2,0,28,faible
6,2024-09-11 15:00:00,15,2,0,25,faible
7,2024-09-11 15:00:00,15,2,0,27,faible
8,2024-09-11 15:00:00,15,2,1,9,moyen
9,2024-09-11 15:00:00,15,2,1,12,moyen
10,2024-09-11 15:00:00,15,2,1,10,moyen
11,2024-09-11 15:00:00,15,2,1,8,moyen
12,2024-09-11 15:00:00,15,2,0,7,moyen
13,2024-09-11 15:00:00,15,2,1,9,moyen
14,2024-09-11 15:00:00,15,2,0,22,moyen
15,2024-09-11 15:00:00,15,2,1,19,moyen
16,2024-09-11 15:00:00,15,2,0,19,moyen
17,2024-09-11 15:00:00,15,2,1,19,moyen
18,2024-09-11 15:00:00,15,2,1,19,moyen
19,2024-09-11 15:00:00,15,2,1,21,moyen
20,2024-09-11 15:00:00,15,2,1,15,moyen
21,2024-09-11 15:00:00,15,2,1,17,moyen
22,2024-09-11 15:00:00,15,2,1,18,moyen
23,2024-09-11 15:00:00,15,2,1,15,moyen
24,2024-09-11 15:00:00,15,2,0,20,moyen
25,2024-09-11 15:00:00,15,2,0,19,moyen
26,2024-09-11 15:00:00,15,2,1,18,moyen
27,2024-09-11 15:00:00,15,2,1,14,moyen
28,2024-09-11 15:00:00,15,2,1,16,moyen
29,2024-09-11 15:00:00,15,2,0,11,moyen
30,2024-09-11 15:00:00,15,2,1,15,moyen
31,2024-09-11 15:00:00,15,2,0,12,moyen
32,2024-09-11 15:00:00,15,2,1,12,moyen
33,2024-09-11 15:00:00,15,2,1,8,moyen
34,2024-09-11 15:00:00,15,2,0,8,moyen
35,2024-09-11 15:00:00,15,2,1,26,moyen
36,2024-09-11 15:00:00,15,2,0,8,moyen
37,2024-09-11 15:00:00,15,2,1,7,moyen
38,2024-09-11 15:00:00,15,2,0,15,faible
1,2024-09-11 16:00:00,16,2,1,8,faible
2,2024-09-11 16:00:00,16,2,1,8,moyen
3,2024-09-11 16:00:00,16,2,1,7,moyen
4,2024-09-11 16:00:00,16,2,1,0,faible
5,2024-09-11 16:00:00,16,2,0,23,faible
6,2024-09-11 16:00:00,16,2,0,41,faible
7,2024-09-11 16:00:00,16,2,0,41,faible
8,2024-09-11 16:00:00,16,2,0,10,moyen
9,2024-09-11 16:00:00,16,2,1,13,moyen
10,2024-09-11 16:00:00,16,2,1,11,moyen
11,2024-09-11 16:00:00,16,2,1,10,moyen
12,2024-09-11 16:00:00,16,2,1,7,moyen
13,2024-09-11 16:00:00,16,2,1,9,moyen
14,2024-09-11 16:00:00,16,2,0,20,moyen
15,2024-09-11 16:00:00,16,2,1,25,moyen
16,2024-09-11 16:00:00,16,2,0,18,moyen
17,2024-09-11 16:00:00,16,2,1,19,moyen
18,2024-09-11 16:00:00,16,2,1,20,moyen
19,2024-09-11 16:00:00,16,2,1,22,moyen
20,2024-09-11 16:00:00,16,2,1,20,moyen
21,2024-09-11 16:00:00,16,2,1,15,moyen
22,2024-09-11 16:00:00,16,2,0,18,moyen
23,2024-09-11 16:00:00,16,2,1,15,moyen
24,2024-09-11 16:00:00,16,2,1,20,moyen
25,2024-09-11 16:00:00,16,2,1,18,moyen
26,2024-09-11 16:00:00,16,2,0,13,moyen
27,2024-09-11 16:00:00,16,2,1,15,moyen
28,2024-09-11 16:00:00,16,2,1,15,moyen
29,2024-09-11 16:00:00,16,2,1,14,moyen
30,2024-09-11 16:00:00,16,2,1,14,moyen
31,2024-09-11 16:00:00,16,2,1,10,moyen
32,2024-09-11 16:00:00,16,2,1,12,moyen
33,2024-09-11 16:00:00,16,2,1,9,moyen
34,2024-09-11 16:00:00,16,2,0,10,moyen
35,2024-09-11 16:00:00,16,2,1,22,faible
36,2024-09-11 16:00:00,16,2,0,7,moyen
37,2024-09-11 16:00:00,16,2,1,8,moyen
38,2024-09-11 16:00:00,16,2,0,12,faible
1,2024-09-11 17:00:00,17,2,1,10,moyen
2,2024-09-11 17:00:00,17,2,1,7,faible
3,2024-09-11 17:00:00,17,2,1,6,moyen
4,2024-09-11 17:00:00,17,2,1,0,faible
5,2024-09-11 17:00:00,17,2,0,27,faible
6,2024-09-11 17:00:00,17,2,0,55,faible
7,2024-09-11 17:00:00,17,2,0,28,faible
8,2024-09-11 17:00:00,17,2,1,11,moyen
9,2024-09-11 17:00:00,17,2,0,15,moyen
10,2024-09-11 17:00:00,17,2,1,10,moyen
11,2024-09-11 17:00:00,17,2,1,8,moyen
12,2024-09-11 17:00:00,17,2,0,7,moyen
13,2024-09-11 17:00:00,17,2,0,11,moyen
14,2024-09-11 17:00:00,17,2,0,10,faible
15,2024-09-11 17:00:00,17,2,1,8,faible
16,2024-09-11 17:00:00,17,2,1,4,faible
17,2024-09-11 17:00:00,17,2,1,8,faible
18,2024-09-11 17:00:00,17,2,1,2,faible
19,2024-09-11 17:00:00,17,2,1,11,faible
20,2024-09-11 17:00:00,17,2,1,7,faible
21,2024-09-11 17:00:00,17,2,0,3,faible
22,2024-09-11 17:00:00,17,2,1,6,faible
23,2024-09-11 17:00:00,17,2,1,2,faible
24,2024-09-11 17:00:00,17,2,1,4,faible
25,2024-09-11 17:00:00,17,2,1,5,faible
26,2024-09-11 17:00:00,17,2,1,2,faible
27,2024-09-11 17:00:00,17,2,0,6,faible
28,2024-09-11 17:00:00,17,2,1,5,faible
29,2024-09-11 17:00:00,17,2,1,3,faible
30,2024-09-11 17:00:00,17,2,0,2,faible
31,2024-09-11 17:00:00,17,2,0,5,faible
32,2024-09-11 17:00:00,17,2,0,3,faible
33,2024-09-11 17:00:00,17,2,1,3,faible
34,2024-09-11 17:00:00,17,2,1,3,faible
35,2024-09-11 17:00:00,17,2,1,54,moyen
36,2024-09-11 17:00:00,17,2,1,8,moyen
37,2024-09-11 17:00:00,17,2,0,7,moyen
38,2024-09-11 17:00:00,17,2,0,26,faible
1,2024-09-11 18:00:00,18,2,0,0,faible
2,2024-09-11 18:00:00,18,2,0,2,faible
3,2024-09-11 18:00:00,18,2,0,1,faible
4,2024-09-11 18:00:00,18,2,0,0,faible
5,2024-09-11 18:00:00,18,2,0,26,faible
6,2024-09-11 18:00:00,18,2,0,33,faible
7,2024-09-11 18:00:00,18,2,0,28,faible
8,2024-09-11 18:00:00,18,2,1,3,faible
9,2024-09-11 18:00:00,18,2,1,4,faible
10,2024-09-11 18:00:00,18,2,1,3,faible
11,2024-09-11 18:00:00,18,2,0,2,faible
12,2024-09-11 18:00:00,18,2,1,3,faible
13,2024-09-11 18:00:00,18,2,0,2,faible
14,2024-09-11 18:00:00,18,2,1,9,faible
15,2024-09-11 18:00:00,18,2,1,3,faible
16,2024-09-11 18:00:00,18,2,1,5,faible
17,2024-09-11 18:00:00,18,2,0,10,faible
18,2024-09-11 18:00:00,18,2,1,6,faible
19,2024-09-11 18:00:00,18,2,1,7,faible
20,2024-09-11 18:00:00,18,2,0,5,faible
21,2024-09-11 18:00:00,18,2,1,5,faible
22,2024-09-11 18:00:00,18,2,1,5,faible
23,2024-09-11 18:00:00,18,2,1,2,faible
24,2024-09-11 18:00:00,18,2,1,4,faible
25,2024-09-11 18:00:00,18,2,1,5,faible
26,2024-09-11 18:00:00,18,2,1,6,faible
27,2024-09-11 18:00:00,18,2,0,6,faible
28,2024-09-11 18:00:00,18,2,1,6,faible
29,2024-09-11 18:00:00,18,2,1,5,faible
30,2024-09-11 18:00:00,18,2,1,5,faible
31,2024-09-11 18:00:00,18,2,1,4,faible
32,2024-09-11 18:00:00,18,2,1,4,faible
33,2024-09-11 18:00:00,18,2,1,3,faible
34,2024-09-11 18:00:00,18,2,0,2,faible
35,2024-09-11 18:00:00,18,2,0,50,moyen
36,2024-09-11 18:00:00,18,2,0,3,faible
37,2024-09-11 18:00:00,18,2,1,2,faible
38,2024-09-11 18:00:00,18,2,0,16,faible
1,2024-09-11 19:00:00,19,2,0,0,faible
2,2024-09-11 19:00:00,19,2,0,1,faible
3,2024-09-11 19:00:00,19,2,0,0,faible
4,2024-09-11 19:00:00,19,2,0,0,faible
5,2024-09-11 19:00:00,19,2,0,17,faible
6,2024-09-11 19:00:00,19,2,0,50,faible
7,2024-09-11 19:00:00,19,2,0,32,faible
8,2024-09-11 19:00:00,19,2,0,1,faible
9,2024-09-11 19:00:00,19,2,0,2,faible
10,2024-09-11 19:00:00,19,2,0,4,faible
11,2024-09-11 19:00:00,19,2,0,3,faible
12,2024-09-11 19:00:00,19,2,0,2,faible
13,2024-09-11 19:00:00,19,2,0,4,faible
14,2024-09-11 19:00:00,19,2,0,9,faible
15,2024-09-11 19:00:00,19,2,0,10,faible
16,2024-09-11 19:00:00,19,2,0,4,faible
17,2024-09-11 19:00:00,19,2,0,9,faible
18,2024-09-11 19:00:00,19,2,0,6,faible
19,2024-09-11 19:00:00,19,2,0,10,faible
20,2024-09-11 19:00:00,19,2,0,6,faible
21,2024-09-11 19:00:00,19,2,0,3,faible
22,2024-09-11 19:00:00,19,2,0,4,faible
23,2024-09-11 19:00:00,19,2,0,3,faible
24,2024-09-11 19:00:00,19,2,0,7,faible
25,2024-09-11 19:00:00,19,2,0,8,faible
26,2024-09-11 19:00:00,19,2,0,3,faible
27,2024-09-11 19:00:00,19,2,0,6,faible
28,2024-09-11 19:00:00,19,2,0,7,faible
29,2024-09-11 19:00:00,19,2,0,6,faible
30,2024-09-11 19:00:00,19,2,0,2,faible
31,2024-09-11 19:00:00,19,2,0,5,faible
32,2024-09-11 19:00:00,19,2,0,3,faible
33,2024-09-11 19:00:00,19,2,0,4,faible
34,2024-09-11 19:00:00,19,2,0,1,faible
35,2024-09-11 19:00:00,19,2,0,53,moyen
36,2024-09-11 19:00:00,19,2,0,1,faible
37,2024-09-11 19:00:00,19,2,0,2,faible
38,2024-09-11 19:00:00,19,2,0,17,faible
1,2024-09-11 20:00:00,20,2,0,2,faible
2,2024-09-11 20:00:00,20,2,0,1,faible
3,2024-09-11 20:00:00,20,2,0,0,faible
4,2024-09-11 20:00:00,20,2,0,1,faible
5,2024-09-11 20:00:00,20,2,0,32,faible
6,2024-09-11 20:00:00,20,2,0,27,faible
7,2024-09-11 20:00:00,20,2,0,35,faible
8,2024-09-11 20:00:00,20,2,0,2,faible
9,2024-09-11 20:00:00,20,2,0,1,faible
10,2024-09-11 20:00:00,20,2,0,3,faible
11,2024-09-11 20:00:00,20,2,0,2,faible
12,2024-09-11 20:00:00,20,2,0,3,faible
13,2024-09-11 20:00:00,20,2,0,4,faible
14,2024-09-11 20:00:00,20,2,0,7,faible
15,2024-09-11 20:00:00,20,2,0,3,faible
16,2024-09-11 20:00:00,20,2,0,5,faible
17,2024-09-11 20:00:00,20,2,0,6,faible
18,2024-09-11 20:00:00,20,2,0,7,faible
19,2024-09-11 20:00:00,20,2,0,10,faible
20,2024-09-11 20:00:00,20,2,0,4,faible
21,2024-09-11 20:00:00,20,2,0,3,faible
22,2024-09-11 20:00:00,20,2,0,5,faible
23,2024-09-11 20:00:00,20,2,0,2,faible
24,2024-09-11 20:00:00,20,2,0,7,faible
25,2024-09-11 20:00:00,20,2,0,6,faible
26,2024-09-11 20:00:00,20,2,0,5,faible
27,2024-09-11 20:00:00,20,2,0,7,faible
28,2024-09-11 20:00:00,20,2,0,3,faible
29,2024-09-11 20:00:00,20,2,0,4,faible
30,2024-09-11 20:00:00,20,2,0,4,faible
31,2024-09-11 20:00:00,20,2,0,1,faible
32,2024-09-11 20:00:00,20,2,0,3,faible
33,2024-09-11 20:00:00,20,2,0,3,faible
34,2024-09-11 20:00:00,20,2,0,3,faible
35,2024-09-11 20:00:00,20,2,0,45,moyen
36,2024-09-11 20:00:00,20,2,0,1,faible
37,2024-09-11 20:00:00,20,2,0,3,faible
38,2024-09-11 20:00:00,20,2,0,15,faible
1,2024-09-11 21:00:00,21,2,0,0,faible
2,2024-09-11 21:00:00,21,2,0,0,faible
3,2024-09-11 21:00:00,21,2,0,0,faible
4,2024-09-11 21:00:00,21,2,0,0,faible
5,2024-09-11 21:00:00,21,2,0,20,faible
6,2024-09-11 21:00:00,21,2,0,27,faible
7,2024-09-11 21:00:00,21,2,0,35,faible
8,2024-09-11 21:00:00,21,2,0,2,faible
9,2024-09-11 21:00:00,21,2,0,5,faible
10,2024-09-11 21:00:00,21,2,0,4,faible
11,2024-09-11 21:00:00,21,2,0,2,faible
12,2024-09-11 21:00:00,21,2,0,3,faible
13,2024-09-11 21:00:00,21,2,0,3,faible
14,2024-09-11 21:00:00,21,2,0,5,faible
15,2024-09-11 21:00:00,21,2,0,6,faible
16,2024-09-11 21:00:00,21,2,0,9,faible
17,2024-09-11 21:00:00,21,2,0,3,faible
18,2024-09-11 21:00:00,21,2,0,8,faible
19,2024-09-11 21:00:00,21,2,0,5,faible
20,2024-09-11 21:00:00,21,2,0,8,faible
21,2024-09-11 21:00:00,21,2,0,6,faible
22,2024-09-11 21:00:00,21,2,0,6,faible
23,2024-09-11 21:00:00,21,2,0,2,faible
24,2024-09-11 21:00:00,21,2,0,8,faible
25,2024-09-11 21:00:00,21,2,0,7,faible
26,2024-09-11 21:00:00,21,2,0,2,faible
27,2024-09-11 21:00:00,21,2,0,4,faible
28,2024-09-11 21:00:00,21,2,0,5,faible
29,2024-09-11 21:00:00,21,2,0,5,faible
30,2024-09-11 21:00:00,21,2,0,6,faible
31,2024-09-11 21:00:00,21,2,0,2,faible
32,2024-09-11 21:00:00,21,2,0,4,faible
33,2024-09-11 21:00:00,21,2,0,2,faible
34,2024-09-11 21:00:00,21,2,0,1,faible
35,2024-09-11 21:00:00,21,2,0,50,moyen
36,2024-09-11 21:00:00,21,2,0,1,faible
37,2024-09-11 21:00:00,21,2,0,2,faible
38,2024-09-11 21:00:00,21,2,0,16,faible
1,2024-09-12 07:00:00,7,3,0,0,faible
2,2024-09-12 07:00:00,7,3,0,2,faible
3,2024-09-12 07:00:00,7,3,0,1,faible
4,2024-09-12 07:00:00,7,3,0,0,faible
5,2024-09-12 07:00:00,7,3,0,21,faible
6,2024-09-12 07:00:00,7,3,0,29,faible
7,2024-09-12 07:00:00,7,3,0,21,faible
8,2024-09-12 07:00:00,7,3,0,2,faible
9,2024-09-12 07:00:00,7,3,0,4,faible
10,2024-09-12 07:00:00,7,3,0,3,faible
11,2024-09-12 07:00:00,7,3,0,2,faible
12,2024-09-12 07:00:00,7,3,0,1,faible
13,2024-09-12 07:00:00,7,3,0,2,faible
14,2024-09-12 07:00:00,7,3,0,9,faible
15,2024-09-12 07:00:00,7,3,0,7,faible
16,2024-09-12 07:00:00,7,3,0,8,faible
17,2024-09-12 07:00:00,7,3,0,6,faible
18,2024-09-12 07:00:00,7,3,0,5,faible
19,2024-09-12 07:00:00,7,3,0,5,faible
20,2024-09-12 07:00:00,7,3,0,3,faible
21,2024-09-12 07:00:00,7,3,0,5,faible
22,2024-09-12 07:00:00,7,3,0,4,faible
23,2024-09-12 07:00:00,7,3,0,3,faible
24,2024-09-12 07:00:00,7,3,0,7,faible
25,2024-09-12 07:00:00,7,3,0,7,faible
26,2024-09-12 07:00:00,7,3,0,5,faible
27,2024-09-12 07:00:00,7,3,0,4,faible
28,2024-09-12 07:00:00,7,3,0,6,faible
29,2024-09-12 07:00:00,7,3,0,6,faible
30,2024-09-12 07:00:00,7,3,0,5,faible
31,2024-09-12 07:00:00,7,3,0,3,faible
32,2024-09-12 07:00:00,7,3,0,4,faible
33,2024-09-12 07:00:00,7,3,0,3,faible
34,2024-09-12 07:00:00,7,3,0,1,faible
35,2024-09-12 07:00:00,7,3,0,15,faible
36,2024-09-12 07:00:00,7,3,0,3,faible
37,2024-09-12 07:00:00,7,3,0,3,faible
38,2024-09-12 07:00:00,7,3,0,27,faible
1,2024-09-12 08:00:00,8,3,1,10,moyen
2,2024-09-12 08:00:00,8,3,1,7,faible
3,2024-09-12 08:00:00,8,3,1,5,faible
4,2024-09-12 08:00:00,8,3,1,0,faible
5,2024-09-12 08:00:00,8,3,0,66,moyen
6,2024-09-12 08:00:00,8,3,0,112,moyen
7,2024-09-12 08:00:00,8,3,0,64,moyen
8,2024-09-12 08:00:00,8,3,1,3,faible
9,2024-09-12 08:00:00,8,3,1,2,faible
10,2024-09-12 08:00:00,8,3,1,2,faible
11,2024-09-12 08:00:00,8,3,1,1,faible
12,2024-09-12 08:00:00,8,3,1,3,faible
13,2024-09-12 08:00:00,8,3,1,3,faible
14,2024-09-12 08:00:00,8,3,0,4,faible
15,2024-09-12 08:00:00,8,3,0,6,faible
16,2024-09-12 08:00:00,8,3,1,4,faible
17,2024-09-12 08:00:00,8,3,0,7,faible
18,2024-09-12 08:00:00,8,3,1,3,faible
19,2024-09-12 08:00:00,8,3,1,10,faible
20,2024-09-12 08:00:00,8,3,1,5,faible
21,2024-09-12 08:00:00,8,3,1,8,faible
22,2024-09-12 08:00:00,8,3,1,5,faible
23,2024-09-12 08:00:00,8,3,0,6,faible
24,2024-09-12 08:00:00,8,3,1,5,faible
25,2024-09-12 08:00:00,8,3,1,5,faible
26,2024-09-12 08:00:00,8,3,0,6,faible
27,2024-09-12 08:00:00,8,3,1,2,faible
28,2024-09-12 08:00:00,8,3,1,6,faible
29,2024-09-12 08:00:00,8,3,1,2,faible
30,2024-09-12 08:00:00,8,3,1,3,faible
31,2024-09-12 08:00:00,8,3,1,3,faible
32,2024-09-12 08:00:00,8,3,1,2,faible
33,2024-09-12 08:00:00,8,3,1,4,faible
34,2024-09-12 08:00:00,8,3,0,2,faible
35,2024-09-12 08:00:00,8,3,0,16,faible
36,2024-09-12 08:00:00,8,3,0,3,faible
37,2024-09-12 08:00:00,8,3,0,1,faible
38,2024-09-12 08:00:00,8,3,0,48,moyen
1,2024-09-12 09:00:00,9,3,1,6,faible
2,2024-09-12 09:00:00,9,3,1,5,faible
3,2024-09-12 09:00:00,9,3,1,5,faible
4,2024-09-12 09:00:00,9,3,1,0,faible
5,2024-09-12 09:00:00,9,3,0,53,moyen
6,2024-09-12 09:00:00,9,3,0,106,moyen
7,2024-09-12 09:00:00,9,3,0,74,moyen
8,2024-09-12 09:00:00,9,3,0,15,eleve
9,2024-09-12 09:00:00,9,3,1,13,moyen
10,2024-09-12 09:00:00,9,3,1,9,moyen
11,2024-09-12 09:00:00,9,3,1,10,moyen
12,2024-09-12 09:00:00,9,3,1,8,moyen
13,2024-09-12 09:00:00,9,3,1,11,moyen
14,2024-09-12 09:00:00,9,3,1,23,moyen
15,2024-09-12 09:00:00,9,3,1,21,moyen
16,2024-09-12 09:00:00,9,3,1,23,moyen
17,2024-09-12 09:00:00,9,3,1,21,moyen
18,2024-09-12 09:00:00,9,3,1,19,moyen
19,2024-09-12 09:00:00,9,3,1,22,moyen
20,2024-09-12 09:00:00,9,3,1,18,moyen
21,2024-09-12 09:00:00,9,3,1,15,moyen
22,2024-09-12 09:00:00,9,3,1,13,moyen
23,2024-09-12 09:00:00,9,3,1,11,moyen
24,2024-09-12 09:00:00,9,3,1,15,moyen
25,2024-09-12 09:00:00,9,3,1,16,moyen
26,2024-09-12 09:00:00,9,3,1,17,moyen
27,2024-09-12 09:00:00,9,3,1,16,moyen
28,2024-09-12 09:00:00,9,3,1,20,moyen
29,2024-09-12 09:00:00,9,3,0,12,moyen
30,2024-09-12 09:00:00,9,3,1,13,moyen
31,2024-09-12 09:00:00,9,3,1,11,moyen
32,2024-09-12 09:00:00,9,3,1,12,moyen
33,2024-09-12 09:00:00,9,3,1,9,moyen
34,2024-09-12 09:00:00,9,3,1,9,moyen
35,2024-09-12 09:00:00,9,3,0,21,faible
36,2024-09-12 09:00:00,9,3,0,8,moyen
37,2024-09-12 09:00:00,9,3,1,7,moyen
38,2024-09-12 09:00:00,9,3,0,53,moyen
1,2024-09-12 10:00:00,10,3,1,7,faible
2,2024-09-12 10:00:00,10,3,1,7,faible
3,2024-09-12 10:00:00,10,3,1,7,moyen
4,2024-09-12 10:00:00,10,3,1,0,faible
5,2024-09-12 10:00:00,10,3,0,61,moyen
6,2024-09-12 10:00:00,10,3,0,93,moyen
7,2024-09-12 10:00:00,10,3,0,73,moyen
8,2024-09-12 10:00:00,10,3,1,10,moyen
9,2024-09-12 10:00:00,10,3,1,14,moyen
10,2024-09-12 10:00:00,10,3,1,10,moyen
11,2024-09-12 10:00:00,10,3,1,9,moyen
12,2024-09-12 10:00:00,10,3,0,8,moyen
13,2024-09-12 10:00:00,10,3,1,10,moyen
14,2024-09-12 10:00:00,10,3,1,24,moyen
15,2024-09-12 10:00:00,10,3,0,24,moyen
16,2024-09-12 10:00:00,10,3,1,19,moyen
17,2024-09-12 10:00:00,10,3,1,22,moyen
18,2024-09-12 10:00:00,10,3,0,15,moyen
19,2024-09-12 10:00:00,10,3,0,19,moyen
20,2024-09-12 10:00:00,10,3,1,16,moyen
21,2024-09-12 10:00:00,10,3,1,15,moyen
22,2024-09-12 10:00:00,10,3,0,15,moyen
23,2024-09-12 10:00:00,10,3,1,13,moyen
24,2024-09-12 10:00:00,10,3,1,16,moyen
25,2024-09-12 10:00:00,10,3,1,18,moyen
26,2024-09-12 10:00:00,10,3,0,14,moyen
27,2024-09-12 10:00:00,10,3,1,17,moyen
28,2024-09-12 10:00:00,10,3,1,15,moyen
29,2024-09-12 10:00:00,10,3,1,13,moyen
30,2024-09-12 10:00:00,10,3,1,15,moyen
31,2024-09-12 10:00:00,10,3,1,9,moyen
32,2024-09-12 10:00:00,10,3,1,10,moyen
33,2024-09-12 10:00:00,10,3,1,9,moyen
34,2024-09-12 10:00:00,10,3,1,10,moyen
35,2024-09-12 10:00:00,10,3,1,20,faible
36,2024-09-12 10:00:00,10,3,0,7,moyen
37,2024-09-12 10:00:00,10,3,1,8,moyen
38,2024-09-12 10:00:00,10,3,0,47,moyen
1,2024-09-12 11:00:00,11,3,1,9,moyen
2,2024-09-12 11:00:00,11,3,1,6,faible
3,2024-09-12 11:00:00,11,3,1,6,moyen
4,2024-09-12 11:00:00,11,3,1,0,faible
5,2024-09-12 11:00:00,11,3,0,51,moyen
6,2024-09-12 11:00:00,11,3,0,110,moyen
7,2024-09-12 11:00:00,11,3,0,81,moyen
8,2024-09-12 11:00:00,11,3,1,12,moyen
9,2024-09-12 11:00:00,11,3,0,12,moyen
10,2024-09-12 11:00:00,11,3,1,10,moyen
11,2024-09-12 11:00:00,11,3,1,10,moyen
12,2024-09-12 11:00:00,11,3,1,9,moyen
13,2024-09-12 11:00:00,11,3,0,9,moyen
14,2024-09-12 11:00:00,11,3,0,25,moyen
15,2024-09-12 11:00:00,11,3,1,20,moyen
16,2024-09-12 11:00:00,11,3,1,23,moyen
17,2024-09-12 11:00:00,11,3,0,16,moyen
18,2024-09-12 11:00:00,11,3,1,18,moyen
19,2024-09-12 11:00:00,11,3,1,24,moyen
20,2024-09-12 11:00:00,11,3,0,17,moyen
21,2024-09-12 11:00:00,11,3,1,14,moyen
22,2024-09-12 11:00:00,11,3,1,16,moyen
23,2024-09-12 11:00:00,11,3,1,12,moyen
24,2024-09-12 11:00:00,11,3,0,16,moyen
25,2024-09-12 11:00:00,11,3,1,17,moyen
26,2024-09-12 11:00:00,11,3,1,14,moyen
27,2024-09-12 11:00:00,11,3,1,13,moyen
28,2024-09-12 11:00:00,11,3,0,15,moyen
29,2024-09-12 11:00:00,11,3,0,11,moyen
30,2024-09-12 11:00:00,11,3,0,12,moyen
31,2024-09-12 11:00:00,11,3,1,11,moyen
32,2024-09-12 11:00:00,11,3,1,11,moyen
33,2024-09-12 11:00:00,11,3,0,9,moyen
34,2024-09-12 11:00:00,11,3,1,9,moyen
35,2024-09-12 11:00:00,11,3,0,14,faible
36,2024-09-12 11:00:00,11,3,0,8,moyen
37,2024-09-12 11:00:00,11,3,0,7,moyen
38,2024-09-12 11:00:00,11,3,0,53,moyen
1,2024-09-12 12:00:00,12,3,1,8,faible
2,2024-09-12 12:00:00,12,3,1,8,moyen
3,2024-09-12 12:00:00,12,3,1,6,moyen
4,2024-09-12 12:00:00,12,3,1,1,faible
5,2024-09-12 12:00:00,12,3,0,28,faible
6,2024-09-12 12:00:00,12,3,0,53,faible
7,2024-09-12 12:00:00,12,3,0,22,faible
8,2024-09-12 12:00:00,12,3,1,11,moyen
9,2024-09-12 12:00:00,12,3,1,11,moyen
10,2024-09-12 12:00:00,12,3,1,10,moyen
11,2024-09-12 12:00:00,12,3,1,10,moyen
12,2024-09-12 12:00:00,12,3,1,8,moyen
13,2024-09-12 12:00:00,12,3,1,11,moyen
14,2024-09-12 12:00:00,12,3,1,4,faible
15,2024-09-12 12:00:00,12,3,0,5,faible
16,2024-09-12 12:00:00,12,3,1,5,faible
17,2024-09-12 12:00:00,12,3,1,8,faible
18,2024-09-12 12:00:00,12,3,1,3,faible
19,2024-09-12 12:00:00,12,3,1,3,faible
20,2024-09-12 12:00:00,12,3,0,9,faible
21,2024-09-12 12:00:00,12,3,0,4,faible
22,2024-09-12 12:00:00,12,3,1,7,faible
23,2024-09-12 12:00:00,12,3,1,5,faible
24,2024-09-12 12:00:00,12,3,1,8,faible
25,2024-09-12 12:00:00,12,3,0,8,faible
26,2024-09-12 12:00:00,12,3,1,6,faible
27,2024-09-12 12:00:00,12,3,0,6,faible
28,2024-09-12 12:00:00,12,3,1,7,faible
29,2024-09-12 12:00:00,12,3,1,2,faible
30,2024-09-12 12:00:00,12,3,0,4,faible
31,2024-09-12 12:00:00,12,3,1,2,faible
32,2024-09-12 12:00:00,12,3,0,2,faible
33,2024-09-12 12:00:00,12,3,1,2,faible
34,2024-09-12 12:00:00,12,3,1,2,faible
35,2024-09-12 12:00:00,12,3,1,45,moyen
36,2024-09-12 12:00:00,12,3,0,7,moyen
37,2024-09-12 12:00:00,12,3,1,9,moyen
38,2024-09-12 12:00:00,12,3,0,24,faible
1,2024-09-12 13:00:00,13,3,1,6,faible
2,2024-09-12 13:00:00,13,3,1,9,moyen
3,2024-09-12 13:00:00,13,3,1,7,moyen
4,2024-09-12 13:00:00,13,3,1,0,faible
5,2024-09-12 13:00:00,13,3,0,21,faible
6,2024-09-12 13:00:00,13,3,0,29,faible
7,2024-09-12 13:00:00,13,3,0,23,faible
8,2024-09-12 13:00:00,13,3,0,2,faible
9,2024-09-12 13:00:00,13,3,0,4,faible
10,2024-09-12 13:00:00,13,3,1,3,faible
11,2024-09-12 13:00:00,13,3,1,2,faible
12,2024-09-12 13:00:00,13,3,0,1,faible
13,2024-09-12 13:00:00,13,3,0,1,faible
14,2024-09-12 13:00:00,13,3,1,8,faible
15,2024-09-12 13:00:00,13,3,0,6,faible
16,2024-09-12 13:00:00,13,3,1,9,faible
17,2024-09-12 13:00:00,13,3,1,8,faible
18,2024-09-12 13:00:00,13,3,1,4,faible
19,2024-09-12 13:00:00,13,3,0,5,faible
20,2024-09-12 13:00:00,13,3,1,3,faible
21,2024-09-12 13:00:00,13,3,1,7,faible
22,2024-09-12 13:00:00,13,3,1,5,faible
23,2024-09-12 13:00:00,13,3,1,5,faible
24,2024-09-12 13:00:00,13,3,1,8,faible
25,2024-09-12 13:00:00,13,3,1,3,faible
26,2024-09-12 13:00:00,13,3,1,6,faible
27,2024-09-12 13:00:00,13,3,1,4,faible
28,2024-09-12 13:00:00,13,3,0,3,faible
29,2024-09-12 13:00:00,13,3,0,4,faible
30,2024-09-12 13:00:00,13,3,0,6,faible
31,2024-09-12 13:00:00,13,3,0,3,faible
32,2024-09-12 13:00:00,13,3,1,3,faible
33,2024-09-12 13:00:00,13,3,1,3,faible
34,2024-09-12 13:00:00,13,3,0,1,faible
35,2024-09-12 13:00:00,13,3,1,53,moyen
36,2024-09-12 13:00:00,13,3,0,2,faible
37,2024-09-12 13:00:00,13,3,1,2,faible
38,2024-09-12 13:00:00,13,3,0,13,faible
1,2024-09-12 14:00:00,14,3,1,7,faible
2,2024-09-12 14:00:00,14,3,1,7,faible
3,2024-09-12 14:00:00,14,3,1,6,moyen
4,2024-09-12 14:00:00,14,3,1,0,faible
5,2024-09-12 14:00:00,14,3,0,29,faible
6,2024-09-12 14:00:00,14,3,0,45,faible
7,2024-09-12 14:00:00,14,3,0,28,faible
8,2024-09-12 14:00:00,14,3,0,9,moyen
9,2024-09-12 14:00:00,14,3,1,14,moyen
10,2024-09-12 14:00:00,14,3,1,11,moyen
11,2024-09-12 14:00:00,14,3,0,9,moyen
12,2024-09-12 14:00:00,14,3,0,8,moyen
13,2024-09-12 14:00:00,14,3,0,10,moyen
14,2024-09-12 14:00:00,14,3,0,19,moyen
15,2024-09-12 14:00:00,14,3,1,25,moyen
16,2024-09-12 14:00:00,14,3,0,20,moyen
17,2024-09-12 14:00:00,14,3,1,18,moyen
18,2024-09-12 14:00:00,14,3,1,15,moyen
19,2024-09-12 14:00:00,14,3,1,18,moyen
20,2024-09-12 14:00:00,14,3,1,15,moyen
21,2024-09-12 14:00:00,14,3,1,15,moyen
22,2024-09-12 14:00:00,14,3,1,15,moyen
23,2024-09-12 14:00:00,14,3,0,12,moyen
24,2024-09-12 14:00:00,14,3,0,15,moyen
25,2024-09-12 14:00:00,14,3,1,16,moyen
26,2024-09-12 14:00:00,14,3,0,17,moyen
27,2024-09-12 14:00:00,14,3,1,15,moyen
28,2024-09-12 14:00:00,14,3,1,20,moyen
29,2024-09-12 14:00:00,14,3,1,12,moyen
30,2024-09-12 14:00:00,14,3,1,12,moyen
31,2024-09-12 14:00:00,14,3,1,9,moyen
32,2024-09-12 14:00:00,14,3,1,11,moyen
33,2024-09-12 14:00:00,14,3,1,9,moyen
34,2024-09-12 14:00:00,14,3,1,7,moyen
35,2024-09-12 14:00:00,14,3,1,18,faible
36,2024-09-12 14:00:00,14,3,1,7,moyen
37,2024-09-12 14:00:00,14,3,1,8,moyen
38,2024-09-12 14:00:00,14,3,0,24,faible
1,2024-09-12 15:00:00,15,3,1,6,faible
2,2024-09-12 15:00:00,15,3,1,7,faible
3,2024-09-12 15:00:00,15,3,1,6,moyen
4,2024-09-12 15:00:00,15,3,1,0,faible
5,2024-09-12 15:00:00,15,3,0,19,faible
6,2024-09-12 15:00:00,15,3,0,24,faible
7,2024-09-12 15:00:00,15,3,0,33,faible
8,2024-09-12 15:00:00,15,3,1,11,moyen
9,2024-09-12 15:00:00,15,3,0,15,moyen
10,2024-09-12 15:00:00,15,3,1,11,moyen
11,2024-09-12 15:00:00,15,3,1,10,moyen
12,2024-09-12 15:00:00,15,3,0,7,moyen
13,2024-09-12 15:00:00,15,3,1,10,moyen
14,2024-09-12 15:00:00,15,3,1,19,moyen
15,2024-09-12 15:00:00,15,3,1,18,moyen
16,2024-09-12 15:00:00,15,3,1,20,moyen
17,2024-09-12 15:00:00,15,3,1,18,moyen
18,2024-09-12 15:00:00,15,3,1,20,moyen
19,2024-09-12 15:00:00,15,3,1,21,moyen
20,2024-09-12 15:00:00,15,3,1,21,moyen
21,2024-09-12 15:00:00,15,3,0,16,moyen
22,2024-09-12 15:00:00,15,3,1,16,moyen
23,2024-09-12 15:00:00,15,3,1,15,moyen
24,2024-09-12 15:00:00,15,3,0,18,moyen
25,2024-09-12 15:00:00,15,3,1,17,moyen
26,2024-09-12 15:00:00,15,3,0,13,moyen
27,2024-09-12 15:00:00,15,3,0,14,moyen
28,2024-09-12 15:00:00,15,3,0,17,moyen
29,2024-09-12 15:00:00,15,3,0,12,moyen
30,2024-09-12 15:00:00,15,3,0,12,moyen
31,2024-09-12 15:00:00,15,3,1,12,moyen
32,2024-09-12 15:00:00,15,3,1,11,moyen
33,2024-09-12 15:00:00,15,3,1,9,moyen
34,2024-09-12 15:00:00,15,3,1,10,moyen
35,2024-09-12 15:00:00,15,3,1,13,faible
36,2024-09-12 15:00:00,15,3,0,9,moyen
37,2024-09-12 15:00:00,15,3,1,8,moyen
38,2024-09-12 15:00:00,15,3,0,22,faible
1,2024-09-12 16:00:00,16,3,1,6,faible
2,2024-09-12 16:00:00,16,3,1,7,faible
3,2024-09-12 16:00:00,16,3,1,6,moyen
4,2024-09-12 16:00:00,16,3,1,1,faible
5,2024-09-12 16:00:00,16,3,0,24,faible
6,2024-09-12 16:00:00,16,3,0,29,faible
7,2024-09-12 16:00:00,16,3,0,20,faible
8,2024-09-12 16:00:00,16,3,0,9,moyen
9,2024-09-12 16:00:00,16,3,0,14,moyen
10,2024-09-12 16:00:00,16,3,1,11,moyen
11,2024-09-12 16:00:00,16,3,1,8,moyen
12,2024-09-12 16:00:00,16,3,1,9,moyen
13,2024-09-12 16:00:00,16,3,0,11,moyen
14,2024-09-12 16:00:00,16,3,1,23,moyen
15,2024-09-12 16:00:00,16,3,1,23,moyen
16,2024-09-12 16:00:00,16,3,1,23,moyen
17,2024-09-12 16:00:00,16,3,0,19,moyen
18,2024-09-12 16:00:00,16,3,1,15,moyen
19,2024-09-12 16:00:00,16,3,1,26,moyen
20,2024-09-12 16:00:00,16,3,1,18,moyen
21,2024-09-12 16:00:00,16,3,1,18,moyen
22,2024-09-12 16:00:00,16,3,1,15,moyen
23,2024-09-12 16:00:00,16,3,1,15,moyen
24,2024-09-12 16:00:00,16,3,1,20,moyen
25,2024-09-12 16:00:00,16,3,0,16,moyen
26,2024-09-12 16:00:00,16,3,1,17,moyen
27,2024-09-12 16:00:00,16,3,1,17,moyen
28,2024-09-12 16:00:00,16,3,1,18,moyen
29,2024-09-12 16:00:00,16,3,1,13,moyen
30,2024-09-12 16:00:00,16,3,1,13,moyen
31,2024-09-12 16:00:00,16,3,0,9,moyen
32,2024-09-12 16:00:00,16,3,0,12,moyen
33,2024-09-12 16:00:00,16,3,1,7,moyen
34,2024-09-12 16:00:00,16,3,0,8,moyen
35,2024-09-12 16:00:00,16,3,1,24,moyen
36,2024-09-12 16:00:00,16,3,0,7,moyen
37,2024-09-12 16:00:00,16,3,0,8,moyen
38,2024-09-12 16:00:00,16,3,0,22,faible
1,2024-09-12 17:00:00,17,3,1,7,faible
2,2024-09-12 17:00:00,17,3,1,6,faible
3,2024-09-12 17:00:00,17,3,1,7,moyen
4,2024-09-12 17:00:00,17,3,1,0,faible
5,2024-09-12 17:00:00,17,3,0,25,faible
6,2024-09-12 17:00:00,17,3,0,49,faible
7,2024-09-12 17:00:00,17,3,0,32,faible
8,2024-09-12 17:00:00,17,3,1,10,moyen
9,2024-09-12 17:00:00,17,3,1,12,moyen
10,2024-09-12 17:00:00,17,3,1,10,moyen
11,2024-09-12 17:00:00,17,3,1,10,moyen
12,2024-09-12 17:00:00,17,3,0,8,moyen
13,2024-09-12 17:00:00,17,3,1,9,moyen
14,2024-09-12 17:00:00,17,3,0,9,faible
15,2024-09-12 17:00:00,17,3,1,9,faible
16,2024-09-12 17:00:00,17,3,1,6,faible
17,2024-09-12 17:00:00,17,3,1,3,faible
18,2024-09-12 17:00:00,17,3,0,6,faible
19,2024-09-12 17:00:00,17,3,1,5,faible
20,2024-09-12 17:00:00,17,3,1,7,faible
21,2024-09-12 17:00:00,17,3,1,4,faible
22,2024-09-12 17:00:00,17,3,1,3,faible
23,2024-09-12 17:00:00,17,3,1,4,faible
24,2024-09-12 17:00:00,17,3,1,7,faible
25,2024-09-12 17:00:00,17,3,1,3,faible
26,2024-09-12 17:00:00,17,3,1,7,faible
27,2024-09-12 17:00:00,17,3,0,6,faible
28,2024-09-12 17:00:00,17,3,1,6,faible
29,2024-09-12 17:00:00,17,3,0,3,faible
30,2024-09-12 17:00:00,17,3,0,5,faible
31,2024-09-12 17:00:00,17,3,1,3,faible
32,2024-09-12 17:00:00,17,3,0,2,faible
33,2024-09-12 17:00:00,17,3,0,3,faible
34,2024-09-12 17:00:00,17,3,1,1,faible
35,2024-09-12 17:00:00,17,3,1,46,moyen
36,2024-09-12 17:00:00,17,3,1,9,moyen
37,2024-09-12 17:00:00,17,3,0,8,moyen
38,2024-09-12 17:00:00,17,3,0,20,faible
1,2024-09-12 18:00:00,18,3,0,1,faible
2,2024-09-12 18:00:00,18,3,0,2,faible
3,2024-09-12 18:00:00,18,3,0,0,faible
4,2024-09-12 18:00:00,18,3,0,0,faible
5,2024-09-12 18:00:00,18,3,0,24,faible
6,2024-09-12 18:00:00,18,3,0,40,faible
7,2024-09-12 18:00:00,18,3,0,32,faible
8,2024-09-12 18:00:00,18,3,0,4,faible
9,2024-09-12 18:00:00,18,3,1,2,faible
10,2024-09-12 18:00:00,18,3,1,4,faible
11,2024-09-12 18:00:00,18,3,1,2,faible
12,2024-09-12 18:00:00,18,3,1,2,faible
13,2024-09-12 18:00:00,18,3,0,1,faible
14,2024-09-12 18:00:00,18,3,1,5,faible
15,2024-09-12 18:00:00,18,3,1,8,faible
16,2024-09-12 18:00:00,18,3,1,8,faible
17,2024-09-12 18:00:00,18,3,1,8,faible
18,2024-09-12 18:00:00,18,3,1,8,faible
19,2024-09-12 18:00:00,18,3,1,10,faible
20,2024-09-12 18:00:00,18,3,0,3,faible
21,2024-09-12 18:00:00,18,3,1,6,faible
22,2024-09-12 18:00:00,18,3,1,4,faible
23,2024-09-12 18:00:00,18,3,0,2,faible
24,2024-09-12 18:00:00,18,3,0,6,faible
25,2024-09-12 18:00:00,18,3,1,4,faible
26,2024-09-12 18:00:00,18,3,0,2,faible
27,2024-09-12 18:00:00,18,3,0,7,faible
28,2024-09-12 18:00:00,18,3,0,4,faible
29,2024-09-12 18:00:00,18,3,0,2,faible
30,2024-09-12 18:00:00,18,3,0,3,faible
31,2024-09-12 18:00:00,18,3,0,2,faible
32,2024-09-12 18:00:00,18,3,1,1,faible
33,2024-09-12 18:00:00,18,3,0,2,faible
34,2024-09-12 18:00:00,18,3,1,3,faible
35,2024-09-12 18:00:00,18,3,1,53,moyen
36,2024-09-12 18:00:00,18,3,0,2,faible
37,2024-09-12 18:00:00,18,3,1,1,faible
38,2024-09-12 18:00:00,18,3,0,24,faible
1,2024-09-12 19:00:00,19,3,0,2,faible
2,2024-09-12 19:00:00,19,3,0,1,faible
3,2024-09-12 19:00:00,19,3,0,2,faible
4,2024-09-12 19:00:00,19,3,0,0,faible
5,2024-09-12 19:00:00,19,3,0,31,faible
6,2024-09-12 19:00:00,19,3,0,38,faible
7,2024-09-12 19:00:00,19,3,0,31,faible
8,2024-09-12 19:00:00,19,3,0,1,faible
9,2024-09-12 19:00:00,19,3,0,2,faible
10,2024-09-12 19:00:00,19,3,0,2,faible
11,2024-09-12 19:00:00,19,3,0,2,faible
12,2024-09-12 19:00:00,19,3,0,3,faible
13,2024-09-12 19:00:00,19,3,0,3,faible
14,2024-09-12 19:00:00,19,3,0,10,faible
15,2024-09-12 19:00:00,19,3,0,8,faible
16,2024-09-12 19:00:00,19,3,0,9,faible
17,2024-09-12 19:00:00,19,3,0,7,faible
18,2024-09-12 19:00:00,19,3,0,8,faible
19,2024-09-12 19:00:00,19,3,0,7,faible
20,2024-09-12 19:00:00,19,3,0,6,faible
21,2024-09-12 19:00:00,19,3,0,5,faible
22,2024-09-12 19:00:00,19,3,0,6,faible
23,2024-09-12 19:00:00,19,3,0,3,faible
24,2024-09-12 19:00:00,19,3,0,9,faible
25,2024-09-12 19:00:00,19,3,0,5,faible
26,2024-09-12 19:00:00,19,3,0,5,faible
27,2024-09-12 19:00:00,19,3,0,4,faible
28,2024-09-12 19:00:00,19,3,0,8,faible
29,2024-09-12 19:00:00,19,3,0,3,faible
30,2024-09-12 19:00:00,19,3,0,3,faible
31,2024-09-12 19:00:00,19,3,0,5,faible
32,2024-09-12 19:00:00,19,3,0,2,faible
33,2024-09-12 19:00:00,19,3,0,2,faible
34,2024-09-12 19:00:00,19,3,0,2,faible
35,2024-09-12 19:00:00,19,3,0,45,moyen
36,2024-09-12 19:00:00,19,3,0,2,faible
37,2024-09-12 19:00:00,19,3,0,1,faible
38,2024-09-12 19:00:00,19,3,0,21,faible
1,2024-09-12 20:00:00,20,3,0,2,faible
2,2024-09-12 20:00:00,20,3,0,1,faible
3,2024-09-12 20:00:00,20,3,0,0,faible
4,2024-09-12 20:00:00,20,3,0,0,faible
5,2024-09-12 20:00:00,20,3,0,23,faible
6,2024-09-12 20:00:00,20,3,0,35,faible
7,2024-09-12 20:00:00,20,3,0,34,faible
8,2024-09-12 20:00:00,20,3,0,2,faible
9,2024-09-12 20:00:00,20,3,0,4,faible
10,2024-09-12 20:00:00,20,3,0,2,faible
11,2024-09-12 20:00:00,20,3,0,1,faible
12,2024-09-12 20:00:00,20,3,0,1,faible
13,2024-09-12 20:00:00,20,3,0,3,faible
14,2024-09-12 20:00:00,20,3,0,3,faible
15,2024-09-12 20:00:00,20,3,0,10,faible
16,2024-09-12 20:00:00,20,3,0,7,faible
17,2024-09-12 20:00:00,20,3,0,8,faible
18,2024-09-12 20:00:00,20,3,0,7,faible
19,2024-09-12 20:00:00,20,3,0,5,faible
20,2024-09-12 20:00:00,20,3,0,4,faible
21,2024-09-12 20:00:00,20,3,0,4,faible
22,2024-09-12 20:00:00,20,3,0,6,faible
23,2024-09-12 20:00:00,20,3,0,2,faible
24,2024-09-12 20:00:00,20,3,0,6,faible
25,2024-09-12 20:00:00,20,3,0,4,faible
26,2024-09-12 20:00:00,20,3,0,4,faible
27,2024-09-12 20:00:00,20,3,0,2,faible
28,2024-09-12 20:00:00,20,3,0,5,faible
29,2024-09-12 20:00:00,20,3,0,2,faible
30,2024-09-12 20:00:00,20,3,0,4,faible
31,2024-09-12 20:00:00,20,3,0,4,faible
32,2024-09-12 20:00:00,20,3,0,2,faible
33,2024-09-12 20:00:00,20,3,0,1,faible
34,2024-09-12 20:00:00,20,3,0,3,faible
35,2024-09-12 20:00:00,20,3,0,49,moyen
36,2024-09-12 20:00:00,20,3,0,1,faible
37,2024-09-12 20:00:00,20,3,0,1,faible
38,2024-09-12 20:00:00,20,3,0,18,faible
1,2024-09-12 21:00:00,21,3,0,0,faible
2,2024-09-12 21:00:00,21,3,0,2,faible
3,2024-09-12 21:00:00,21,3,0,1,faible
4,2024-09-12 21:00:00,21,3,0,0,faible
5,2024-09-12 21:00:00,21,3,0,25,faible
6,2024-09-12 21:00:00,21,3,0,37,faible
7,2024-09-12 21:00:00,21,3,0,29,faible
8,2024-09-12 21:00:00,21,3,0,1,faible
9,2024-09-12 21:00:00,21,3,0,4,faible
10,2024-09-12 21:00:00,21,3,0,2,faible
11,2024-09-12 21:00:00,21,3,0,1,faible
12,2024-09-12 21:00:00,21,3,0,2,faible
13,2024-09-12 21:00:00,21,3,0,2,faible
14,2024-09-12 21:00:00,21,3,0,6,faible
15,2024-09-12 21:00:00,21,3,0,6,faible
16,2024-09-12 21:00:00,21,3,0,8,faible
17,2024-09-12 21:00:00,21,3,0,5,faible
18,2024-09-12 21:00:00,21,3,0,8,faible
19,2024-09-12 21:00:00,21,3,0,8,faible
20,2024-09-12 21:00:00,21,3,0,7,faible
21,2024-09-12 21:00:00,21,3,0,4,faible
22,2024-09-12 21:00:00,21,3,0,4,faible
23,2024-09-12 21:00:00,21,3,0,3,faible
24,2024-09-12 21:00:00,21,3,0,7,faible
25,2024-09-12 21:00:00,21,3,0,7,faible
26,2024-09-12 21:00:00,21,3,0,2,faible
27,2024-09-12 21:00:00,21,3,0,3,faible
28,2024-09-12 21:00:00,21,3,0,8,faible
29,2024-09-12 21:00:00,21,3,0,3,faible
30,2024-09-12 21:00:00,21,3,0,5,faible
31,2024-09-12 21:00:00,21,3,0,5,faible
32,2024-09-12 21:00:00,21,3,0,4,faible
33,2024-09-12 21:00:00,21,3,0,4,faible
34,2024-09-12 21:00:00,21,3,0,1,faible
35,2024-09-12 21:00:00,21,3,0,46,moyen
36,2024-09-12 21:00:00,21,3,0,2,faible
37,2024-09-12 21:00:00,21,3,0,1,faible
38,2024-09-12 21:00:00,21,3,0,18,faible
1,2024-09-13 07:00:00,7,4,0,0,faible
2,2024-09-13 07:00:00,7,4,0,1,faible
3,2024-09-13 07:00:00,7,4,0,0,faible
4,2024-09-13 07:00:00,7,4,0,0,faible
5,2024-09-13 07:00:00,7,4,0,27,faible
6,2024-09-13 07:00:00,7,4,0,45,faible
7,2024-09-13 07:00:00,7,4,0,21,faible
8,2024-09-13 07:00:00,7,4,0,1,faible
9,2024-09-13 07:00:00,7,4,0,2,faible
10,2024-09-13 07:00:00,7,4,0,2,faible
11,2024-09-13 07:00:00,7,4,0,4,faible
12,2024-09-13 07:00:00,7,4,0,2,faible
13,2024-09-13 07:00:00,7,4,0,2,faible
14,2024-09-13 07:00:00,7,4,0,10,faible
15,2024-09-13 07:00:00,7,4,0,9,faible
16,2024-09-13 07:00:00,7,4,0,6,faible
17,2024-09-13 07:00:00,7,4,0,6,faible
18,2024-09-13 07:00:00,7,4,0,7,faible
19,2024-09-13 07:00:00,7,4,0,8,faible
20,2024-09-13 07:00:00,7,4,0,5,faible
21,2024-09-13 07:00:00,7,4,0,3,faible
22,2024-09-13 07:00:00,7,4,0,3,faible
23,2024-09-13 07:00:00,7,4,0,5,faible
24,2024-09-13 07:00:00,7,4,0,3,faible
25,2024-09-13 07:00:00,7,4,0,5,faible
26,2024-09-13 07:00:00,7,4,0,7,faible
27,2024-09-13 07:00:00,7,4,0,5,faible
28,2024-09-13 07:00:00,7,4,0,8,faible
29,2024-09-13 07:00:00,7,4,0,4,faible
30,2024-09-13 07:00:00,7,4,0,4,faible
31,2024-09-13 07:00:00,7,4,0,3,faible
32,2024-09-13 07:00:00,7,4,0,1,faible
33,2024-09-13 07:00:00,7,4,0,3,faible
34,2024-09-13 07:00:00,7,4,0,4,faible
35,2024-09-13 07:00:00,7,4,0,13,faible
36,2024-09-13 07:00:00,7,4,0,2,faible
37,2024-09-13 07:00:00,7,4,0,2,faible
38,2024-09-13 07:00:00,7,4,0,18,faible
1,2024-09-13 08:00:00,8,4,1,10,moyen
2,2024-09-13 08:00:00,8,4,1,9,moyen
3,2024-09-13 08:00:00,8,4,1,4,faible
4,2024-09-13 08:00:00,8,4,1,1,faible
5,2024-09-13 08:00:00,8,4,1,53,moyen
6,2024-09-13 08:00:00,8,4,1,103,moyen
7,2024-09-13 08:00:00,8,4,1,85,moyen
8,2024-09-13 08:00:00,8,4,1,2,faible
9,2024-09-13 08:00:00,8,4,1,1,faible
10,2024-09-13 08:00:00,8,4,1,2,faible
11,2024-09-13 08:00:00,8,4,0,2,faible
12,2024-09-13 08:00:00,8,4,1,1,faible
13,2024-09-13 08:00:00,8,4,1,1,faible
14,2024-09-13 08:00:00,8,4,0,10,faible
15,2024-09-13 08:00:00,8,4,0,7,faible
16,2024-09-13 08:00:00,8,4,1,8,faible
17,2024-09-13 08:00:00,8,4,1,4,faible
18,2024-09-13 08:00:00,8,4,1,6,faible
19,2024-09-13 08:00:00,8,4,0,9,faible
20,2024-09-13 08:00:00,8,4,1,6,faible
21,2024-09-13 08:00:00,8,4,1,6,faible
22,2024-09-13 08:00:00,8,4,1,3,faible
23,2024-09-13 08:00:00,8,4,0,3,faible
24,2024-09-13 08:00:00,8,4,1,6,faible
25,2024-09-13 08:00:00,8,4,1,6,faible
26,2024-09-13 08:00:00,8,4,1,4,faible
27,2024-09-13 08:00:00,8,4,0,7,faible
28,2024-09-13 08:00:00,8,4,1,7,faible
29,2024-09-13 08:00:00,8,4,1,3,faible
30,2024-09-13 08:00:00,8,4,1,5,faible
31,2024-09-13 08:00:00,8,4,0,2,faible
32,2024-09-13 08:00:00,8,4,0,5,faible
33,2024-09-13 08:00:00,8,4,0,4,faible
34,2024-09-13 08:00:00,8,4,1,3,faible
35,2024-09-13 08:00:00,8,4,1,23,faible
36,2024-09-13 08:00:00,8,4,1,2,faible
37,2024-09-13 08:00:00,8,4,1,2,faible
38,2024-09-13 08:00:00,8,4,1,55,moyen
1,2024-09-13 09:00:00,9,4,1,7,faible
2,2024-09-13 09:00:00,9,4,1,7,faible
3,2024-09-13 09:00:00,9,4,1,6,moyen
4,2024-09-13 09:00:00,9,4,1,0,faible
5,2024-09-13 09:00:00,9,4,1,55,moyen
6,2024-09-13 09:00:00,9,4,1,93,moyen
7,2024-09-13 09:00:00,9,4,1,78,moyen
8,2024-09-13 09:00:00,9,4,1,17,eleve
9,2024-09-13 09:00:00,9,4,1,11,moyen
10,2024-09-13 09:00:00,9,4,1,11,moyen
11,2024-09-13 09:00:00,9,4,0,8,moyen
12,2024-09-13 09:00:00,9,4,1,8,moyen
13,2024-09-13 09:00:00,9,4,0,11,moyen
14,2024-09-13 09:00:00,9,4,1,25,moyen
15,2024-09-13 09:00:00,9,4,0,21,moyen
16,2024-09-13 09:00:00,9,4,1,16,moyen
17,2024-09-13 09:00:00,9,4,0,21,moyen
18,2024-09-13 09:00:00,9,4,1,18,moyen
19,2024-09-13 09:00:00,9,4,1,20,moyen
20,2024-09-13 09:00:00,9,4,0,18,moyen
21,2024-09-13 09:00:00,9,4,0,16,moyen
22,2024-09-13 09:00:00,9,4,1,17,moyen
23,2024-09-13 09:00:00,9,4,1,11,moyen
24,2024-09-13 09:00:00,9,4,1,20,moyen
25,2024-09-13 09:00:00,9,4,1,19,moyen
26,2024-09-13 09:00:00,9,4,1,16,moyen
27,2024-09-13 09:00:00,9,4,0,15,moyen
28,2024-09-13 09:00:00,9,4,1,20,moyen
29,2024-09-13 09:00:00,9,4,0,12,moyen
30,2024-09-13 09:00:00,9,4,1,12,moyen
31,2024-09-13 09:00:00,9,4,0,13,moyen
32,2024-09-13 09:00:00,9,4,1,10,moyen
33,2024-09-13 09:00:00,9,4,1,8,moyen
34,2024-09-13 09:00:00,9,4,0,8,moyen
35,2024-09-13 09:00:00,9,4,0,21,faible
36,2024-09-13 09:00:00,9,4,1,8,moyen
37,2024-09-13 09:00:00,9,4,1,7,moyen
38,2024-09-13 09:00:00,9,4,1,54,moyen
1,2024-09-13 10:00:00,10,4,1,10,moyen
2,2024-09-13 10:00:00,10,4,1,8,moyen
3,2024-09-13 10:00:00,10,4,1,5,faible
4,2024-09-13 10:00:00,10,4,1,0,faible
5,2024-09-13 10:00:00,10,4,1,53,moyen
6,2024-09-13 10:00:00,10,4,1,98,moyen
7,2024-09-13 10:00:00,10,4,1,75,moyen
8,2024-09-13 10:00:00,10,4,1,11,moyen
9,2024-09-13 10:00:00,10,4,1,14,moyen
10,2024-09-13 10:00:00,10,4,1,11,moyen
11,2024-09-13 10:00:00,10,4,1,10,moyen
12,2024-09-13 10:00:00,10,4,1,7,moyen
13,2024-09-13 10:00:00,10,4,0,11,moyen
14,2024-09-13 10:00:00,10,4,1,26,moyen
15,2024-09-13 10:00:00,10,4,0,23,moyen
16,2024-09-13 10:00:00,10,4,0,20,moyen
17,2024-09-13 10:00:00,10,4,0,19,moyen
18,2024-09-13 10:00:00,10,4,0,17,moyen
19,2024-09-13 10:00:00,10,4,1,19,moyen
20,2024-09-13 10:00:00,10,4,1,18,moyen
21,2024-09-13 10:00:00,10,4,0,15,moyen
22,2024-09-13 10:00:00,10,4,1,14,moyen
23,2024-09-13 10:00:00,10,4,1,15,moyen
24,2024-09-13 10:00:00,10,4,0,18,moyen
25,2024-09-13 10:00:00,10,4,1,16,moyen
26,2024-09-13 10:00:00,10,4,1,13,moyen
27,2024-09-13 10:00:00,10,4,1,18,moyen
28,2024-09-13 10:00:00,10,4,1,17,moyen
29,2024-09-13 10:00:00,10,4,1,15,moyen
30,2024-09-13 10:00:00,10,4,1,13,moyen
31,2024-09-13 10:00:00,10,4,1,11,moyen
32,2024-09-13 10:00:00,10,4,1,9,moyen
33,2024-09-13 10:00:00,10,4,0,10,moyen
34,2024-09-13 10:00:00,10,4,1,7,moyen
35,2024-09-13 10:00:00,10,4,0,13,faible
36,2024-09-13 10:00:00,10,4,0,9,moyen
37,2024-09-13 10:00:00,10,4,1,8,moyen
38,2024-09-13 10:00:00,10,4,1,48,moyen
1,2024-09-13 11:00:00,11,4,1,7,faible
2,2024-09-13 11:00:00,11,4,1,9,moyen
3,2024-09-13 11:00:00,11,4,1,6,moyen
4,2024-09-13 11:00:00,11,4,1,0,faible
5,2024-09-13 11:00:00,11,4,1,63,moyen
6,2024-09-13 11:00:00,11,4,1,101,moyen
7,2024-09-13 11:00:00,11,4,1,82,moyen
8,2024-09-13 11:00:00,11,4,1,10,moyen
9,2024-09-13 11:00:00,11,4,0,11,moyen
10,2024-09-13 11:00:00,11,4,1,10,moyen
11,2024-09-13 11:00:00,11,4,0,10,moyen
12,2024-09-13 11:00:00,11,4,0,9,moyen
13,2024-09-13 11:00:00,11,4,1,11,moyen
14,2024-09-13 11:00:00,11,4,1,23,moyen
15,2024-09-13 11:00:00,11,4,1,19,moyen
16,2024-09-13 11:00:00,11,4,1,16,moyen
17,2024-09-13 11:00:00,11,4,1,19,moyen
18,2024-09-13 11:00:00,11,4,1,20,moyen
19,2024-09-13 11:00:00,11,4,1,20,moyen
20,2024-09-13 11:00:00,11,4,1,20,moyen
21,2024-09-13 11:00:00,11,4,1,17,moyen
22,2024-09-13 11:00:00,11,4,0,13,moyen
23,2024-09-13 11:00:00,11,4,0,14,moyen
24,2024-09-13 11:00:00,11,4,1,20,moyen
25,2024-09-13 11:00:00,11,4,1,15,moyen
26,2024-09-13 11:00:00,11,4,1,17,moyen
27,2024-09-13 11:00:00,11,4,1,18,moyen
28,2024-09-13 11:00:00,11,4,0,17,moyen
29,2024-09-13 11:00:00,11,4,1,11,moyen
30,2024-09-13 11:00:00,11,4,1,13,moyen
31,2024-09-13 11:00:00,11,4,1,11,moyen
32,2024-09-13 11:00:00,11,4,0,9,moyen
33,2024-09-13 11:00:00,11,4,1,9,moyen
34,2024-09-13 11:00:00,11,4,0,8,moyen
35,2024-09-13 11:00:00,11,4,1,14,faible
36,2024-09-13 11:00:00,11,4,0,9,moyen
37,2024-09-13 11:00:00,11,4,1,7,moyen
38,2024-09-13 11:00:00,11,4,1,50,moyen
1,2024-09-13 12:00:00,12,4,1,7,faible
2,2024-09-13 12:00:00,12,4,1,7,faible
3,2024-09-13 12:00:00,12,4,1,7,moyen
4,2024-09-13 12:00:00,12,4,1,0,faible
5,2024-09-13 12:00:00,12,4,1,29,faible
6,2024-09-13 12:00:00,12,4,1,39,faible
7,2024-09-13 12:00:00,12,4,1,30,faible
8,2024-09-13 12:00:00,12,4,1,9,moyen
9,2024-09-13 12:00:00,12,4,1,14,moyen
10,2024-09-13 12:00:00,12,4,0,11,moyen
11,2024-09-13 12:00:00,12,4,1,8,moyen
12,2024-09-13 12:00:00,12,4,1,8,moyen
13,2024-09-13 12:00:00,12,4,1,9,moyen
14,2024-09-13 12:00:00,12,4,1,9,faible
15,2024-09-13 12:00:00,12,4,1,7,faible
16,2024-09-13 12:00:00,12,4,1,6,faible
17,2024-09-13 12:00:00,12,4,1,4,faible
18,2024-09-13 12:00:00,12,4,1,7,faible
19,2024-09-13 12:00:00,12,4,0,9,faible
20,2024-09-13 12:00:00,12,4,1,2,faible
21,2024-09-13 12:00:00,12,4,1,4,faible
22,2024-09-13 12:00:00,12,4,1,7,faible
23,2024-09-13 12:00:00,12,4,0,6,faible
24,2024-09-13 12:00:00,12,4,0,6,faible
25,2024-09-13 12:00:00,12,4,0,8,faible
26,2024-09-13 12:00:00,12,4,1,7,faible
27,2024-09-13 12:00:00,12,4,1,4,faible
28,2024-09-13 12:00:00,12,4,1,6,faible
29,2024-09-13 12:00:00,12,4,0,6,faible
30,2024-09-13 12:00:00,12,4,1,2,faible
31,2024-09-13 12:00:00,12,4,0,3,faible
32,2024-09-13 12:00:00,12,4,1,5,faible
33,2024-09-13 12:00:00,12,4,0,2,faible
34,2024-09-13 12:00:00,12,4,1,1,faible
35,2024-09-13 12:00:00,12,4,1,45,moyen
36,2024-09-13 12:00:00,12,4,1,9,moyen
37,2024-09-13 12:00:00,12,4,1,8,moyen
38,2024-09-13 12:00:00,12,4,1,22,faible
1,2024-09-13 13:00:00,13,4,1,7,faible
2,2024-09-13 13:00:00,13,4,1,6,faible
3,2024-09-13 13:00:00,13,4,1,6,moyen
4,2024-09-13 13:00:00,13,4,1,0,faible
5,2024-09-13 13:00:00,13,4,0,16,faible
6,2024-09-13 13:00:00,13,4,0,45,faible
7,2024-09-13 13:00:00,13,4,0,38,faible
8,2024-09-13 13:00:00,13,4,0,3,faible
9,2024-09-13 13:00:00,13,4,1,4,faible
10,2024-09-13 13:00:00,13,4,1,4,faible
11,2024-09-13 13:00:00,13,4,0,1,faible
12,2024-09-13 13:00:00,13,4,1,3,faible
13,2024-09-13 13:00:00,13,4,1,3,faible
14,2024-09-13 13:00:00,13,4,1,9,faible
15,2024-09-13 13:00:00,13,4,0,10,faible
16,2024-09-13 13:00:00,13,4,0,8,faible
17,2024-09-13 13:00:00,13,4,1,4,faible
18,2024-09-13 13:00:00,13,4,0,5,faible
19,2024-09-13 13:00:00,13,4,1,7,faible
20,2024-09-13 13:00:00,13,4,1,4,faible
21,2024-09-13 13:00:00,13,4,1,3,faible
22,2024-09-13 13:00:00,13,4,1,3,faible
23,2024-09-13 13:00:00,13,4,1,3,faible
24,2024-09-13 13:00:00,13,4,0,7,faible
25,2024-09-13 13:00:00,13,4,0,7,faible
26,2024-09-13 13:00:00,13,4,1,4,faible
27,2024-09-13 13:00:00,13,4,1,7,faible
28,2024-09-13 13:00:00,13,4,1,8,faible
29,2024-09-13 13:00:00,13,4,0,3,faible
30,2024-09-13 13:00:00,13,4,1,6,faible
31,2024-09-13 13:00:00,13,4,0,2,faible
32,2024-09-13 13:00:00,13,4,1,3,faible
33,2024-09-13 13:00:00,13,4,1,3,faible
34,2024-09-13 13:00:00,13,4,0,1,faible
35,2024-09-13 13:00:00,13,4,1,48,moyen
36,2024-09-13 13:00:00,13,4,0,3,faible
37,2024-09-13 13:00:00,13,4,1,2,faible
38,2024-09-13 13:00:00,13,4,0,15,faible
1,2024-09-13 14:00:00,14,4,1,7,faible
2,2024-09-13 14:00:00,14,4,1,7,faible
3,2024-09-13 14:00:00,14,4,1,5,faible
4,2024-09-13 14:00:00,14,4,1,1,faible
5,2024-09-13 14:00:00,14,4,0,32,faible
6,2024-09-13 14:00:00,14,4,0,49,faible
7,2024-09-13 14:00:00,14,4,0,26,faible
8,2024-09-13 14:00:00,14,4,0,10,moyen
9,2024-09-13 14:00:00,14,4,1,13,moyen
10,2024-09-13 14:00:00,14,4,1,11,moyen
11,2024-09-13 14:00:00,14,4,1,8,moyen
12,2024-09-13 14:00:00,14,4,1,9,moyen
13,2024-09-13 14:00:00,14,4,1,12,moyen
14,2024-09-13 14:00:00,14,4,1,19,moyen
15,2024-09-13 14:00:00,14,4,0,19,moyen
16,2024-09-13 14:00:00,14,4,1,17,moyen
17,2024-09-13 14:00:00,14,4,0,22,moyen
18,2024-09-13 14:00:00,14,4,1,20,moyen
19,2024-09-13 14:00:00,14,4,1,18,moyen
20,2024-09-13 14:00:00,14,4,0,16,moyen
21,2024-09-13 14:00:00,14,4,1,13,moyen
22,2024-09-13 14:00:00,14,4,0,14,moyen
23,2024-09-13 14:00:00,14,4,0,15,moyen
24,2024-09-13 14:00:00,14,4,1,19,moyen
25,2024-09-13 14:00:00,14,4,1,15,moyen
26,2024-09-13 14:00:00,14,4,1,17,moyen
27,2024-09-13 14:00:00,14,4,0,14,moyen
28,2024-09-13 14:00:00,14,4,0,19,moyen
29,2024-09-13 14:00:00,14,4,1,13,moyen
30,2024-09-13 14:00:00,14,4,1,13,moyen
31,2024-09-13 14:00:00,14,4,1,12,moyen
32,2024-09-13 14:00:00,14,4,0,9,moyen
33,2024-09-13 14:00:00,14,4,1,10,moyen
34,2024-09-13 14:00:00,14,4,1,8,moyen
35,2024-09-13 14:00:00,14,4,1,25,moyen
36,2024-09-13 14:00:00,14,4,0,8,moyen
37,2024-09-13 14:00:00,14,4,1,8,moyen
38,2024-09-13 14:00:00,14,4,0,24,faible
1,2024-09-13 15:00:00,15,4,1,6,faible
2,2024-09-13 15:00:00,15,4,1,9,moyen
3,2024-09-13 15:00:00,15,4,1,6,moyen
4,2024-09-13 15:00:00,15,4,1,0,faible
5,2024-09-13 15:00:00,15,4,0,19,faible
6,2024-09-13 15:00:00,15,4,0,25,faible
7,2024-09-13 15:00:00,15,4,0,26,faible
8,2024-09-13 15:00:00,15,4,1,11,moyen
9,2024-09-13 15:00:00,15,4,0,12,moyen
10,2024-09-13 15:00:00,15,4,0,10,moyen
11,2024-09-13 15:00:00,15,4,1,11,moyen
12,2024-09-13 15:00:00,15,4,1,8,moyen
13,2024-09-13 15:00:00,15,4,1,11,moyen
14,2024-09-13 15:00:00,15,4,1,20,moyen
15,2024-09-13 15:00:00,15,4,1,19,moyen
16,2024-09-13 15:00:00,15,4,0,19,moyen
17,2024-09-13 15:00:00,15,4,0,20,moyen
18,2024-09-13 15:00:00,15,4,0,17,moyen
19,2024-09-13 15:00:00,15,4,1,22,moyen
20,2024-09-13 15:00:00,15,4,1,21,moyen
21,2024-09-13 15:00:00,15,4,1,18,moyen
22,2024-09-13 15:00:00,15,4,1,16,moyen
23,2024-09-13 15:00:00,15,4,0,12,moyen
24,2024-09-13 15:00:00,15,4,1,20,moyen
25,2024-09-13 15:00:00,15,4,1,18,moyen
26,2024-09-13 15:00:00,15,4,0,15,moyen
27,2024-09-13 15:00:00,15,4,1,13,moyen
28,2024-09-13 15:00:00,15,4,1,17,moyen
29,2024-09-13 15:00:00,15,4,0,12,moyen
30,2024-09-13 15:00:00,15,4,1,12,moyen
31,2024-09-13 15:00:00,15,4,1,10,moyen
32,2024-09-13 15:00:00,15,4,0,10,moyen
33,2024-09-13 15:00:00,15,4,1,7,moyen
34,2024-09-13 15:00:00,15,4,1,9,moyen
35,2024-09-13 15:00:00,15,4,1,17,faible
36,2024-09-13 15:00:00,15,4,1,7,moyen
37,2024-09-13 15:00:00,15,4,1,8,moyen
38,2024-09-13 15:00:00,15,4,0,22,faible
1,2024-09-13 16:00:00,16,4,1,9,moyen
2,2024-09-13 16:00:00,16,4,1,9,moyen
3,2024-09-13 16:00:00,16,4,1,4,faible
4,2024-09-13 16:00:00,16,4,1,0,faible
5,2024-09-13 16:00:00,16,4,0,16,faible
6,2024-09-13 16:00:00,16,4,0,48,faible
7,2024-09-13 16:00:00,16,4,0,40,faible
8,2024-09-13 16:00:00,16,4,1,9,moyen
9,2024-09-13 16:00:00,16,4,1,11,moyen
10,2024-09-13 16:00:00,16,4,1,10,moyen
11,2024-09-13 16:00:00,16,4,0,10,moyen
12,2024-09-13 16:00:00,16,4,0,8,moyen
13,2024-09-13 16:00:00,16,4,1,9,moyen
14,2024-09-13 16:00:00,16,4,0,21,moyen
15,2024-09-13 16:00:00,16,4,1,25,moyen
16,2024-09-13 16:00:00,16,4,0,21,moyen
17,2024-09-13 16:00:00,16,4,0,17,moyen
18,2024-09-13 16:00:00,16,4,0,15,moyen
19,2024-09-13 16:00:00,16,4,1,22,moyen
20,2024-09-13 16:00:00,16,4,1,19,moyen
21,2024-09-13 16:00:00,16,4,0,17,moyen
22,2024-09-13 16:00:00,16,4,1,13,moyen
23,2024-09-13 16:00:00,16,4,1,14,moyen
24,2024-09-13 16:00:00,16,4,0,15,moyen
25,2024-09-13 16:00:00,16,4,1,16,moyen
26,2024-09-13 16:00:00,16,4,1,13,moyen
27,2024-09-13 16:00:00,16,4,1,18,moyen
28,2024-09-13 16:00:00,16,4,0,19,moyen
29,2024-09-13 16:00:00,16,4,1,14,moyen
30,2024-09-13 16:00:00,16,4,0,11,moyen
31,2024-09-13 16:00:00,16,4,1,13,moyen
32,2024-09-13 16:00:00,16,4,1,12,moyen
33,2024-09-13 16:00:00,16,4,1,10,moyen
34,2024-09-13 16:00:00,16,4,1,9,moyen
35,2024-09-13 16:00:00,16,4,1,22,faible
36,2024-09-13 16:00:00,16,4,0,7,moyen
37,2024-09-13 16:00:00,16,4,1,7,moyen
38,2024-09-13 16:00:00,16,4,0,13,faible
1,2024-09-13 17:00:00,17,4,1,6,faible
2,2024-09-13 17:00:00,17,4,1,7,faible
3,2024-09-13 17:00:00,17,4,1,7,moyen
4,2024-09-13 17:00:00,17,4,1,0,faible
5,2024-09-13 17:00:00,17,4,0,33,faible
6,2024-09-13 17:00:00,17,4,0,48,faible
7,2024-09-13 17:00:00,17,4,0,18,faible
8,2024-09-13 17:00:00,17,4,1,11,moyen
9,2024-09-13 17:00:00,17,4,1,11,moyen
10,2024-09-13 17:00:00,17,4,1,12,moyen
11,2024-09-13 17:00:00,17,4,1,9,moyen
12,2024-09-13 17:00:00,17,4,1,8,moyen
13,2024-09-13 17:00:00,17,4,1,9,moyen
14,2024-09-13 17:00:00,17,4,1,8,faible
15,2024-09-13 17:00:00,17,4,1,11,faible
16,2024-09-13 17:00:00,17,4,1,5,faible
17,2024-09-13 17:00:00,17,4,1,9,faible
18,2024-09-13 17:00:00,17,4,1,5,faible
19,2024-09-13 17:00:00,17,4,1,5,faible
20,2024-09-13 17:00:00,17,4,0,6,faible
21,2024-09-13 17:00:00,17,4,0,4,faible
22,2024-09-13 17:00:00,17,4,1,2,faible
23,2024-09-13 17:00:00,17,4,1,4,faible
24,2024-09-13 17:00:00,17,4,1,6,faible
25,2024-09-13 17:00:00,17,4,1,5,faible
26,2024-09-13 17:00:00,17,4,0,7,faible
27,2024-09-13 17:00:00,17,4,1,5,faible
28,2024-09-13 17:00:00,17,4,0,5,faible
29,2024-09-13 17:00:00,17,4,0,5,faible
30,2024-09-13 17:00:00,17,4,0,4,faible
31,2024-09-13 17:00:00,17,4,1,4,faible
32,2024-09-13 17:00:00,17,4,1,5,faible
33,2024-09-13 17:00:00,17,4,0,3,faible
34,2024-09-13 17:00:00,17,4,1,3,faible
35,2024-09-13 17:00:00,17,4,0,46,moyen
36,2024-09-13 17:00:00,17,4,1,7,moyen
37,2024-09-13 17:00:00,17,4,1,7,moyen
38,2024-09-13 17:00:00,17,4,0,14,faible
1,2024-09-13 18:00:00,18,4,0,0,faible
2,2024-09-13 18:00:00,18,4,0,0,faible
3,2024-09-13 18:00:00,18,4,0,1,faible
4,2024-09-13 18:00:00,18,4,0,1,faible
5,2024-09-13 18:00:00,18,4,0,15,faible
6,2024-09-13 18:00:00,18,4,0,30,faible
7,2024-09-13 18:00:00,18,4,0,27,faible
8,2024-09-13 18:00:00,18,4,1,2,faible
9,2024-09-13 18:00:00,18,4,0,2,faible
10,2024-09-13 18:00:00,18,4,0,3,faible
11,2024-09-13 18:00:00,18,4,0,1,faible
12,2024-09-13 18:00:00,18,4,1,3,faible
13,2024-09-13 18:00:00,18,4,1,1,faible
14,2024-09-13 18:00:00,18,4,1,5,faible
15,2024-09-13 18:00:00,18,4,1,4,faible
16,2024-09-13 18:00:00,18,4,0,3,faible
17,2024-09-13 18:00:00,18,4,1,9,faible
18,2024-09-13 18:00:00,18,4,1,7,faible
19,2024-09-13 18:00:00,18,4,1,3,faible
20,2024-09-13 18:00:00,18,4,1,6,faible
21,2024-09-13 18:00:00,18,4,0,5,faible
22,2024-09-13 18:00:00,18,4,1,3,faible
23,2024-09-13 18:00:00,18,4,1,2,faible
24,2024-09-13 18:00:00,18,4,0,4,faible
25,2024-09-13 18:00:00,18,4,0,8,faible
26,2024-09-13 18:00:00,18,4,1,6,faible
27,2024-09-13 18:00:00,18,4,1,7,faible
28,2024-09-13 18:00:00,18,4,1,7,faible
29,2024-09-13 18:00:00,18,4,1,4,faible
30,2024-09-13 18:00:00,18,4,1,4,faible
31,2024-09-13 18:00:00,18,4,0,5,faible
32,2024-09-13 18:00:00,18,4,1,4,faible
33,2024-09-13 18:00:00,18,4,0,2,faible
34,2024-09-13 18:00:00,18,4,1,1,faible
35,2024-09-13 18:00:00,18,4,1,44,moyen
36,2024-09-13 18:00:00,18,4,1,3,faible
37,2024-09-13 18:00:00,18,4,0,3,faible
38,2024-09-13 18:00:00,18,4,0,17,faible
1,2024-09-13 19:00:00,19,4,0,1,faible
2,2024-09-13 19:00:00,19,4,0,0,faible
3,2024-09-13 19:00:00,19,4,0,0,faible
4,2024-09-13 19:00:00,19,4,0,0,faible
5,2024-09-13 19:00:00,19,4,0,14,faible
6,2024-09-13 19:00:00,19,4,0,43,faible
7,2024-09-13 19:00:00,19,4,0,18,faible
8,2024-09-13 19:00:00,19,4,0,2,faible
9,2024-09-13 19:00:00,19,4,0,2,faible
10,2024-09-13 19:00:00,19,4,0,2,faible
11,2024-09-13 19:00:00,19,4,0,1,faible
12,2024-09-13 19:00:00,19,4,0,2,faible
13,2024-09-13 19:00:00,19,4,0,3,faible
14,2024-09-13 19:00:00,19,4,0,4,faible
15,2024-09-13 19:00:00,19,4,0,6,faible
16,2024-09-13 19:00:00,19,4,0,10,faible
17,2024-09-13 19:00:00,19,4,0,3,faible
18,2024-09-13 19:00:00,19,4,0,7,faible
19,2024-09-13 19:00:00,19,4,0,9,faible
20,2024-09-13 19:00:00,19,4,0,3,faible
21,2024-09-13 19:00:00,19,4,0,4,faible
22,2024-09-13 19:00:00,19,4,0,7,faible
23,2024-09-13 19:00:00,19,4,0,5,faible
24,2024-09-13 19:00:00,19,4,0,6,faible
25,2024-09-13 19:00:00,19,4,0,8,faible
26,2024-09-13 19:00:00,19,4,0,6,faible
27,2024-09-13 19:00:00,19,4,0,6,faible
28,2024-09-13 19:00:00,19,4,0,6,faible
29,2024-09-13 19:00:00,19,4,0,4,faible
30,2024-09-13 19:00:00,19,4,0,5,faible
31,2024-09-13 19:00:00,19,4,0,3,faible
32,2024-09-13 19:00:00,19,4,0,2,faible
33,2024-09-13 19:00:00,19,4,0,2,faible
34,2024-09-13 19:00:00,19,4,0,3,faible
35,2024-09-13 19:00:00,19,4,0,42,moyen
36,2024-09-13 19:00:00,19,4,0,2,faible
37,2024-09-13 19:00:00,19,4,0,1,faible
38,2024-09-13 19:00:00,19,4,0,23,faible
1,2024-09-13 20:00:00,20,4,0,2,faible
2,2024-09-13 20:00:00,20,4,0,1,faible
3,2024-09-13 20:00:00,20,4,0,1,faible
4,2024-09-13 20:00:00,20,4,0,0,faible
5,2024-09-13 20:00:00,20,4,0,25,faible
6,2024-09-13 20:00:00,20,4,0,25,faible
7,2024-09-13 20:00:00,20,4,0,19,faible
8,2024-09-13 20:00:00,20,4,0,4,faible
9,2024-09-13 20:00:00,20,4,0,3,faible
10,2024-09-13 20:00:00,20,4,0,2,faible
11,2024-09-13 20:00:00,20,4,0,2,faible
12,2024-09-13 20:00:00,20,4,0,2,faible
13,2024-09-13 20:00:00,20,4,0,3,faible
14,2024-09-13 20:00:00,20,4,0,5,faible
15,2024-09-13 20:00:00,20,4,0,7,faible
16,2024-09-13 20:00:00,20,4,0,5,faible
17,2024-09-13 20:00:00,20,4,0,9,faible
18,2024-09-13 20:00:00,20,4,0,6,faible
19,2024-09-13 20:00:00,20,4,0,8,faible
20,2024-09-13 20:00:00,20,4,0,8,faible
21,2024-09-13 20:00:00,20,4,0,6,faible
22,2024-09-13 20:00:00,20,4,0,3,faible
23,2024-09-13 20:00:00,20,4,0,6,faible
24,2024-09-13 20:00:00,20,4,0,4,faible
25,2024-09-13 20:00:00,20,4,0,3,faible
26,2024-09-13 20:00:00,20,4,0,2,faible
27,2024-09-13 20:00:00,20,4,0,5,faible
28,2024-09-13 20:00:00,20,4,0,3,faible
29,2024-09-13 20:00:00,20,4,0,5,faible
30,2024-09-13 20:00:00,20,4,0,2,faible
31,2024-09-13 20:00:00,20,4,0,1,faible
32,2024-09-13 20:00:00,20,4,0,3,faible
33,2024-09-13 20:00:00,20,4,0,3,faible
34,2024-09-13 20:00:00,20,4,0,3,faible
35,2024-09-13 20:00:00,20,4,0,49,moyen
36,2024-09-13 20:00:00,20,4,0,3,faible
37,2024-09-13 20:00:00,20,4,0,1,faible
38,2024-09-13 20:00:00,20,4,0,22,faible
1,2024-09-13 21:00:00,21,4,0,0,faible
2,2024-09-13 21:00:00,21,4,0,0,faible
3,2024-09-13 21:00:00,21,4,0,0,faible
4,2024-09-13 21:00:00,21,4,0,0,faible
5,2024-09-13 21:00:00,21,4,0,19,faible
6,2024-09-13 21:00:00,21,4,0,30,faible
7,2024-09-13 21:00:00,21,4,0,21,faible
8,2024-09-13 21:00:00,21,4,0,3,faible
9,2024-09-13 21:00:00,21,4,0,3,faible
10,2024-09-13 21:00:00,21,4,0,1,faible
11,2024-09-13 21:00:00,21,4,0,2,faible
12,2024-09-13 21:00:00,21,4,0,3,faible
13,2024-09-13 21:00:00,21,4,0,2,faible
14,2024-09-13 21:00:00,21,4,0,8,faible
15,2024-09-13 21:00:00,21,4,0,5,faible
16,2024-09-13 21:00:00,21,4,0,3,faible
17,2024-09-13 21:00:00,21,4,0,4,faible
18,2024-09-13 21:00:00,21,4,0,6,faible
19,2024-09-13 21:00:00,21,4,0,3,faible
20,2024-09-13 21:00:00,21,4,0,3,faible
21,2024-09-13 21:00:00,21,4,0,3,faible
22,2024-09-13 21:00:00,21,4,0,2,faible
23,2024-09-13 21:00:00,21,4,0,6,faible
24,2024-09-13 21:00:00,21,4,0,7,faible
25,2024-09-13 21:00:00,21,4,0,4,faible
26,2024-09-13 21:00:00,21,4,0,3,faible
27,2024-09-13 21:00:00,21,4,0,6,faible
28,2024-09-13 21:00:00,21,4,0,5,faible
29,2024-09-13 21:00:00,21,4,0,6,faible
30,2024-09-13 21:00:00,21,4,0,2,faible
31,2024-09-13 21:00:00,21,4,0,5,faible
32,2024-09-13 21:00:00,21,4,0,2,faible
33,2024-09-13 21:00:00,21,4,0,3,faible
34,2024-09-13 21:00:00,21,4,0,1,faible
35,2024-09-13 21:00:00,21,4,0,51,moyen
36,2024-09-13 21:00:00,21,4,0,1,faible
37,2024-09-13 21:00:00,21,4,0,1,faible
38,2024-09-13 21:00:00,21,4,0,17,faible
1,2024-09-14 07:00:00,7,5,0,0,faible
2,2024-09-14 07:00:00,7,5,0,0,faible
3,2024-09-14 07:00:00,7,5,0,0,faible
4,2024-09-14 07:00:00,7,5,0,0,faible
5,2024-09-14 07:00:00,7,5,0,30,faible
6,2024-09-14 07:00:00,7,5,0,35,faible
7,2024-09-14 07:00:00,7,5,0,37,faible
8,2024-09-14 07:00:00,7,5,0,2,faible
9,2024-09-14 07:00:00,7,5,0,5,faible
10,2024-09-14 07:00:00,7,5,0,2,faible
11,2024-09-14 07:00:00,7,5,0,2,faible
12,2024-09-14 07:00:00,7,5,0,3,faible
13,2024-09-14 07:00:00,7,5,0,1,faible
14,2024-09-14 07:00:00,7,5,0,7,faible
15,2024-09-14 07:00:00,7,5,0,4,faible
16,2024-09-14 07:00:00,7,5,0,3,faible
17,2024-09-14 07:00:00,7,5,0,3,faible
18,2024-09-14 07:00:00,7,5,0,3,faible
19,2024-09-14 07:00:00,7,5,0,8,faible
20,2024-09-14 07:00:00,7,5,0,5,faible
21,2024-09-14 07:00:00,7,5,0,7,faible
22,2024-09-14 07:00:00,7,5,0,6,faible
23,2024-09-14 07:00:00,7,5,0,5,faible
24,2024-09-14 07:00:00,7,5,0,5,faible
25,2024-09-14 07:00:00,7,5,0,5,faible
26,2024-09-14 07:00:00,7,5,0,5,faible
27,2024-09-14 07:00:00,7,5,0,7,faible
28,2024-09-14 07:00:00,7,5,0,3,faible
29,2024-09-14 07:00:00,7,5,0,5,faible
30,2024-09-14 07:00:00,7,5,0,4,faible
31,2024-09-14 07:00:00,7,5,0,2,faible
32,2024-09-14 07:00:00,7,5,0,4,faible
33,2024-09-14 07:00:00,7,5,0,2,faible
34,2024-09-14 07:00:00,7,5,0,4,faible
35,2024-09-14 07:00:00,7,5,0,23,faible
36,2024-09-14 07:00:00,7,5,0,3,faible
37,2024-09-14 07:00:00,7,5,0,1,faible
38,2024-09-14 07:00:00,7,5,0,18,faible
1,2024-09-14 08:00:00,8,5,1,7,faible
2,2024-09-14 08:00:00,8,5,1,7,faible
3,2024-09-14 08:00:00,8,5,1,6,moyen
4,2024-09-14 08:00:00,8,5,1,0,faible
5,2024-09-14 08:00:00,8,5,0,52,moyen
6,2024-09-14 08:00:00,8,5,0,99,moyen
7,2024-09-14 08:00:00,8,5,0,75,moyen
8,2024-09-14 08:00:00,8,5,1,2,faible
9,2024-09-14 08:00:00,8,5,1,3,faible
10,2024-09-14 08:00:00,8,5,1,4,faible
11,2024-09-14 08:00:00,8,5,1,2,faible
12,2024-09-14 08:00:00,8,5,1,3,faible
13,2024-09-14 08:00:00,8,5,1,3,faible
14,2024-09-14 08:00:00,8,5,1,4,faible
15,2024-09-14 08:00:00,8,5,1,6,faible
16,2024-09-14 08:00:00,8,5,0,5,faible
17,2024-09-14 08:00:00,8,5,0,8,faible
18,2024-09-14 08:00:00,8,5,1,6,faible
19,2024-09-14 08:00:00,8,5,1,6,faible
20,2024-09-14 08:00:00,8,5,1,7,faible
21,2024-09-14 08:00:00,8,5,0,3,faible
22,2024-09-14 08:00:00,8,5,0,4,faible
23,2024-09-14 08:00:00,8,5,1,5,faible
24,2024-09-14 08:00:00,8,5,0,5,faible
25,2024-09-14 08:00:00,8,5,0,3,faible
26,2024-09-14 08:00:00,8,5,0,7,faible
27,2024-09-14 08:00:00,8,5,0,4,faible
28,2024-09-14 08:00:00,8,5,1,4,faible
29,2024-09-14 08:00:00,8,5,1,2,faible
30,2024-09-14 08:00:00,8,5,1,3,faible
31,2024-09-14 08:00:00,8,5,0,4,faible
32,2024-09-14 08:00:00,8,5,1,2,faible
33,2024-09-14 08:00:00,8,5,1,4,faible
34,2024-09-14 08:00:00,8,5,1,4,faible
35,2024-09-14 08:00:00,8,5,1,19,faible
36,2024-09-14 08:00:00,8,5,1,3,faible
37,2024-09-14 08:00:00,8,5,1,2,faible
38,2024-09-14 08:00:00,8,5,0,44,moyen
1,2024-09-14 09:00:00,9,5,1,7,faible
2,2024-09-14 09:00:00,9,5,1,6,faible
3,2024-09-14 09:00:00,9,5,1,7,moyen
4,2024-09-14 09:00:00,9,5,1,0,faible
5,2024-09-14 09:00:00,9,5,0,61,moyen
6,2024-09-14 09:00:00,9,5,0,105,moyen
7,2024-09-14 09:00:00,9,5,0,69,moyen
8,2024-09-14 09:00:00,9,5,1,16,eleve
9,2024-09-14 09:00:00,9,5,0,12,moyen
10,2024-09-14 09:00:00,9,5,1,12,moyen
11,2024-09-14 09:00:00,9,5,1,11,moyen
12,2024-09-14 09:00:00,9,5,1,7,moyen
13,2024-09-14 09:00:00,9,5,1,9,moyen
14,2024-09-14 09:00:00,9,5,0,20,moyen
15,2024-09-14 09:00:00,9,5,1,20,moyen
16,2024-09-14 09:00:00,9,5,0,22,moyen
17,2024-09-14 09:00:00,9,5,1,17,moyen
18,2024-09-14 09:00:00,9,5,1,20,moyen
19,2024-09-14 09:00:00,9,5,1,21,moyen
20,2024-09-14 09:00:00,9,5,1,19,moyen
21,2024-09-14 09:00:00,9,5,1,15,moyen
22,2024-09-14 09:00:00,9,5,1,18,moyen
23,2024-09-14 09:00:00,9,5,1,12,moyen
24,2024-09-14 09:00:00,9,5,1,17,moyen
25,2024-09-14 09:00:00,9,5,1,20,moyen
26,2024-09-14 09:00:00,9,5,1,14,moyen
27,2024-09-14 09:00:00,9,5,1,17,moyen
28,2024-09-14 09:00:00,9,5,1,20,moyen
29,2024-09-14 09:00:00,9,5,1,12,moyen
30,2024-09-14 09:00:00,9,5,1,13,moyen
31,2024-09-14 09:00:00,9,5,1,10,moyen
32,2024-09-14 09:00:00,9,5,1,11,moyen
33,2024-09-14 09:00:00,9,5,0,10,moyen
34,2024-09-14 09:00:00,9,5,0,8,moyen
35,2024-09-14 09:00:00,9,5,1,14,faible
36,2024-09-14 09:00:00,9,5,1,7,moyen
37,2024-09-14 09:00:00,9,5,1,9,moyen
38,2024-09-14 09:00:00,9,5,0,56,moyen
1,2024-09-14 10:00:00,10,5,1,11,moyen
2,2024-09-14 10:00:00,10,5,1,9,moyen
3,2024-09-14 10:00:00,10,5,1,5,faible
4,2024-09-14 10:00:00,10,5,1,0,faible
5,2024-09-14 10:00:00,10,5,0,56,moyen
6,2024-09-14 10:00:00,10,5,0,108,moyen
7,2024-09-14 10:00:00,10,5,0,77,moyen
8,2024-09-14 10:00:00,10,5,1,10,moyen
9,2024-09-14 10:00:00,10,5,1,14,moyen
10,2024-09-14 10:00:00,10,5,0,12,moyen
11,2024-09-14 10:00:00,10,5,0,10,moyen
12,2024-09-14 10:00:00,10,5,1,8,moyen
13,2024-09-14 10:00:00,10,5,1,9,moyen
14,2024-09-14 10:00:00,10,5,1,24,moyen
15,2024-09-14 10:00:00,10,5,1,20,moyen
16,2024-09-14 10:00:00,10,5,0,23,moyen
17,2024-09-14 10:00:00,10,5,1,23,moyen
18,2024-09-14 10:00:00,10,5,1,18,moyen
19,2024-09-14 10:00:00,10,5,1,20,moyen
20,2024-09-14 10:00:00,10,5,1,20,moyen
21,2024-09-14 10:00:00,10,5,1,14,moyen
22,2024-09-14 10:00:00,10,5,1,14,moyen
23,2024-09-14 10:00:00,10,5,1,11,moyen
24,2024-09-14 10:00:00,10,5,1,16,moyen
25,2024-09-14 10:00:00,10,5,1,16,moyen
26,2024-09-14 10:00:00,10,5,0,16,moyen
27,2024-09-14 10:00:00,10,5,1,15,moyen
28,2024-09-14 10:00:00,10,5,1,15,moyen
29,2024-09-14 10:00:00,10,5,1,15,moyen
30,2024-09-14 10:00:00,10,5,0,11,moyen
31,2024-09-14 10:00:00,10,5,1,10,moyen
32,2024-09-14 10:00:00,10,5,1,9,moyen
33,2024-09-14 10:00:00,10,5,0,8,moyen
34,2024-09-14 10:00:00,10,5,1,8,moyen
35,2024-09-14 10:00:00,10,5,1,17,faible
36,2024-09-14 10:00:00,10,5,1,8,moyen
37,2024-09-14 10:00:00,10,5,0,8,moyen
38,2024-09-14 10:00:00,10,5,0,55,moyen
1,2024-09-14 11:00:00,11,5,1,9,moyen
2,2024-09-14 11:00:00,11,5,1,8,moyen
3,2024-09-14 11:00:00,11,5,1,4,faible
4,2024-09-14 11:00:00,11,5,1,0,faible
5,2024-09-14 11:00:00,11,5,0,62,moyen
6,2024-09-14 11:00:00,11,5,0,89,moyen
7,2024-09-14 11:00:00,11,5,0,78,moyen
8,2024-09-14 11:00:00,11,5,0,12,moyen
9,2024-09-14 11:00:00,11,5,1,13,moyen
10,2024-09-14 11:00:00,11,5,1,12,moyen
11,2024-09-14 11:00:00,11,5,1,9,moyen
12,2024-09-14 11:00:00,11,5,1,8,moyen
13,2024-09-14 11:00:00,11,5,1,10,moyen
14,2024-09-14 11:00:00,11,5,1,20,moyen
15,2024-09-14 11:00:00,11,5,1,19,moyen
16,2024-09-14 11:00:00,11,5,0,21,moyen
17,2024-09-14 11:00:00,11,5,1,22,moyen
18,2024-09-14 11:00:00,11,5,1,20,moyen
19,2024-09-14 11:00:00,11,5,0,25,moyen
20,2024-09-14 11:00:00,11,5,1,20,moyen
21,2024-09-14 11:00:00,11,5,1,16,moyen
22,2024-09-14 11:00:00,11,5,0,13,moyen
23,2024-09-14 11:00:00,11,5,1,11,moyen
24,2024-09-14 11:00:00,11,5,0,15,moyen
25,2024-09-14 11:00:00,11,5,1,16,moyen
26,2024-09-14 11:00:00,11,5,1,16,moyen
27,2024-09-14 11:00:00,11,5,0,13,moyen
28,2024-09-14 11:00:00,11,5,1,16,moyen
29,2024-09-14 11:00:00,11,5,0,14,moyen
30,2024-09-14 11:00:00,11,5,1,15,moyen
31,2024-09-14 11:00:00,11,5,1,11,moyen
32,2024-09-14 11:00:00,11,5,1,9,moyen
33,2024-09-14 11:00:00,11,5,0,10,moyen
34,2024-09-14 11:00:00,11,5,1,8,moyen
35,2024-09-14 11:00:00,11,5,0,18,faible
36,2024-09-14 11:00:00,11,5,0,8,moyen
37,2024-09-14 11:00:00,11,5,1,8,moyen
38,2024-09-14 11:00:00,11,5,0,44,moyen
1,2024-09-14 12:00:00,12,5,1,10,moyen
2,2024-09-14 12:00:00,12,5,1,8,moyen
3,2024-09-14 12:00:00,12,5,1,6,moyen
4,2024-09-14 12:00:00,12,5,1,0,faible
5,2024-09-14 12:00:00,12,5,0,28,faible
6,2024-09-14 12:00:00,12,5,0,54,faible
7,2024-09-14 12:00:00,12,5,0,26,faible
8,2024-09-14 12:00:00,12,5,1,12,moyen
9,2024-09-14 12:00:00,12,5,0,12,moyen
10,2024-09-14 12:00:00,12,5,1,9,moyen
11,2024-09-14 12:00:00,12,5,1,10,moyen
12,2024-09-14 12:00:00,12,5,0,8,moyen
13,2024-09-14 12:00:00,12,5,1,11,moyen
14,2024-09-14 12:00:00,12,5,1,3,faible
15,2024-09-14 12:00:00,12,5,1,7,faible
16,2024-09-14 12:00:00,12,5,1,9,faible
17,2024-09-14 12:00:00,12,5,0,8,faible
18,2024-09-14 12:00:00,12,5,1,4,faible
19,2024-09-14 12:00:00,12,5,1,7,faible
20,2024-09-14 12:00:00,12,5,0,5,faible
21,2024-09-14 12:00:00,12,5,1,2,faible
22,2024-09-14 12:00:00,12,5,0,2,faible
23,2024-09-14 12:00:00,12,5,1,5,faible
24,2024-09-14 12:00:00,12,5,1,3,faible
25,2024-09-14 12:00:00,12,5,1,3,faible
26,2024-09-14 12:00:00,12,5,0,4,faible
27,2024-09-14 12:00:00,12,5,0,5,faible
28,2024-09-14 12:00:00,12,5,1,3,faible
29,2024-09-14 12:00:00,12,5,1,6,faible
30,2024-09-14 12:00:00,12,5,1,3,faible
31,2024-09-14 12:00:00,12,5,1,4,faible
32,2024-09-14 12:00:00,12,5,0,2,faible
33,2024-09-14 12:00:00,12,5,1,4,faible
34,2024-09-14 12:00:00,12,5,1,4,faible
35,2024-09-14 12:00:00,12,5,0,50,moyen
36,2024-09-14 12:00:00,12,5,1,9,moyen
37,2024-09-14 12:00:00,12,5,1,8,moyen
38,2024-09-14 12:00:00,12,5,0,24,faible
1,2024-09-14 13:00:00,13,5,1,7,faible
2,2024-09-14 13:00:00,13,5,1,6,faible
3,2024-09-14 13:00:00,13,5,1,7,moyen
4,2024-09-14 13:00:00,13,5,1,0,faible
5,2024-09-14 13:00:00,13,5,0,27,faible
6,2024-09-14 13:00:00,13,5,0,28,faible
7,2024-09-14 13:00:00,13,5,0,40,faible
8,2024-09-14 13:00:00,13,5,1,4,faible
9,2024-09-14 13:00:00,13,5,1,4,faible
10,2024-09-14 13:00:00,13,5,1,2,faible
11,2024-09-14 13:00:00,13,5,1,2,faible
12,2024-09-14 13:00:00,13,5,1,3,faible
13,2024-09-14 13:00:00,13,5,1,3,faible
14,2024-09-14 13:00:00,13,5,1,8,faible
15,2024-09-14 13:00:00,13,5,1,4,faible
16,2024-09-14 13:00:00,13,5,1,6,faible
17,2024-09-14 13:00:00,13,5,1,9,faible
18,2024-09-14 13:00:00,13,5,0,9,faible
19,2024-09-14 13:00:00,13,5,1,8,faible
20,2024-09-14 13:00:00,13,5,1,4,faible
21,2024-09-14 13:00:00,13,5,1,6,faible
22,2024-09-14 13:00:00,13,5,0,6,faible
23,2024-09-14 13:00:00,13,5,1,5,faible
24,2024-09-14 13:00:00,13,5,1,4,faible
25,2024-09-14 13:00:00,13,5,0,5,faible
26,2024-09-14 13:00:00,13,5,1,3,faible
27,2024-09-14 13:00:00,13,5,1,4,faible
28,2024-09-14 13:00:00,13,5,1,8,faible
29,2024-09-14 13:00:00,13,5,1,5,faible
30,2024-09-14 13:00:00,13,5,1,2,faible
31,2024-09-14 13:00:00,13,5,1,2,faible
32,2024-09-14 13:00:00,13,5,0,3,faible
33,2024-09-14 13:00:00,13,5,1,3,faible
34,2024-09-14 13:00:00,13,5,1,2,faible
35,2024-09-14 13:00:00,13,5,1,47,moyen
36,2024-09-14 13:00:00,13,5,1,1,faible
37,2024-09-14 13:00:00,13,5,0,2,faible
38,2024-09-14 13:00:00,13,5,0,17,faible
1,2024-09-14 14:00:00,14,5,0,9,moyen
2,2024-09-14 14:00:00,14,5,0,8,moyen
3,2024-09-14 14:00:00,14,5,0,7,moyen
4,2024-09-14 14:00:00,14,5,0,0,faible
5,2024-09-14 14:00:00,14,5,0,21,faible
6,2024-09-14 14:00:00,14,5,0,37,faible
7,2024-09-14 14:00:00,14,5,0,35,faible
8,2024-09-14 14:00:00,14,5,0,9,moyen
9,2024-09-14 14:00:00,14,5,0,14,moyen
10,2024-09-14 14:00:00,14,5,0,12,moyen
11,2024-09-14 14:00:00,14,5,0,9,moyen
12,2024-09-14 14:00:00,14,5,0,8,moyen
13,2024-09-14 14:00:00,14,5,0,9,moyen
14,2024-09-14 14:00:00,14,5,0,25,moyen
15,2024-09-14 14:00:00,14,5,0,19,moyen
16,2024-09-14 14:00:00,14,5,0,21,moyen
17,2024-09-14 14:00:00,14,5,0,20,moyen
18,2024-09-14 14:00:00,14,5,0,16,moyen
19,2024-09-14 14:00:00,14,5,0,21,moyen
20,2024-09-14 14:00:00,14,5,0,18,moyen
21,2024-09-14 14:00:00,14,5,0,14,moyen
22,2024-09-14 14:00:00,14,5,0,13,moyen
23,2024-09-14 14:00:00,14,5,0,13,moyen
24,2024-09-14 14:00:00,14,5,0,14,moyen
25,2024-09-14 14:00:00,14,5,0,15,moyen
26,2024-09-14 14:00:00,14,5,0,14,moyen
27,2024-09-14 14:00:00,14,5,0,15,moyen
28,2024-09-14 14:00:00,14,5,0,15,moyen
29,2024-09-14 14:00:00,14,5,0,11,moyen
30,2024-09-14 14:00:00,14,5,0,14,moyen
31,2024-09-14 14:00:00,14,5,0,11,moyen
32,2024-09-14 14:00:00,14,5,0,9,moyen
33,2024-09-14 14:00:00,14,5,0,9,moyen
34,2024-09-14 14:00:00,14,5,0,7,moyen
35,2024-09-14 14:00:00,14,5,0,17,faible
36,2024-09-14 14:00:00,14,5,0,9,moyen
37,2024-09-14 14:00:00,14,5,0,8,moyen
38,2024-09-14 14:00:00,14,5,0,24,faible
1,2024-09-14 15:00:00,15,5,0,8,faible
2,2024-09-14 15:00:00,15,5,0,9,moyen
3,2024-09-14 15:00:00,15,5,0,5,faible
4,2024-09-14 15:00:00,15,5,0,0,faible
5,2024-09-14 15:00:00,15,5,0,26,faible
6,2024-09-14 15:00:00,15,5,0,36,faible
7,2024-09-14 15:00:00,15,5,0,31,faible
8,2024-09-14 15:00:00,15,5,0,11,moyen
9,2024-09-14 15:00:00,15,5,0,12,moyen
10,2024-09-14 15:00:00,15,5,0,9,moyen
11,2024-09-14 15:00:00,15,5,0,9,moyen
12,2024-09-14 15:00:00,15,5,0,8,moyen
13,2024-09-14 15:00:00,15,5,0,9,moyen
14,2024-09-14 15:00:00,15,5,0,23,moyen
15,2024-09-14 15:00:00,15,5,0,24,moyen
16,2024-09-14 15:00:00,15,5,0,17,moyen
17,2024-09-14 15:00:00,15,5,0,21,moyen
18,2024-09-14 15:00:00,15,5,0,19,moyen
19,2024-09-14 15:00:00,15,5,0,18,moyen
20,2024-09-14 15:00:00,15,5,0,20,moyen
21,2024-09-14 15:00:00,15,5,0,16,moyen
22,2024-09-14 15:00:00,15,5,0,18,moyen
23,2024-09-14 15:00:00,15,5,0,13,moyen
24,2024-09-14 15:00:00,15,5,0,17,moyen
25,2024-09-14 15:00:00,15,5,0,18,moyen
26,2024-09-14 15:00:00,15,5,0,14,moyen
27,2024-09-14 15:00:00,15,5,0,17,moyen
28,2024-09-14 15:00:00,15,5,0,20,moyen
29,2024-09-14 15:00:00,15,5,0,15,moyen
30,2024-09-14 15:00:00,15,5,0,14,moyen
31,2024-09-14 15:00:00,15,5,0,12,moyen
32,2024-09-14 15:00:00,15,5,0,12,moyen
33,2024-09-14 15:00:00,15,5,0,8,moyen
34,2024-09-14 15:00:00,15,5,0,7,moyen
35,2024-09-14 15:00:00,15,5,0,14,faible
36,2024-09-14 15:00:00,15,5,0,8,moyen
37,2024-09-14 15:00:00,15,5,0,7,moyen
38,2024-09-14 15:00:00,15,5,0,15,faible
1,2024-09-14 16:00:00,16,5,0,11,moyen
2,2024-09-14 16:00:00,16,5,0,8,moyen
3,2024-09-14 16:00:00,16,5,0,6,moyen
4,2024-09-14 16:00:00,16,5,0,0,faible
5,2024-09-14 16:00:00,16,5,0,17,faible
6,2024-09-14 16:00:00,16,5,0,27,faible
7,2024-09-14 16:00:00,16,5,0,19,faible
8,2024-09-14 16:00:00,16,5,0,9,moyen
9,2024-09-14 16:00:00,16,5,0,12,moyen
10,2024-09-14 16:00:00,16,5,0,12,moyen
11,2024-09-14 16:00:00,16,5,0,10,moyen
12,2024-09-14 16:00:00,16,5,0,8,moyen
13,2024-09-14 16:00:00,16,5,0,10,moyen
14,2024-09-14 16:00:00,16,5,0,26,moyen
15,2024-09-14 16:00:00,16,5,0,23,moyen
16,2024-09-14 16:00:00,16,5,0,19,moyen
17,2024-09-14 16:00:00,16,5,0,23,moyen
18,2024-09-14 16:00:00,16,5,0,17,moyen
19,2024-09-14 16:00:00,16,5,0,24,moyen
20,2024-09-14 16:00:00,16,5,0,14,moyen
21,2024-09-14 16:00:00,16,5,0,15,moyen
22,2024-09-14 16:00:00,16,5,0,16,moyen
23,2024-09-14 16:00:00,16,5,0,12,moyen
24,2024-09-14 16:00:00,16,5,0,16,moyen
25,2024-09-14 16:00:00,16,5,0,19,moyen
26,2024-09-14 16:00:00,16,5,0,15,moyen
27,2024-09-14 16:00:00,16,5,0,15,moyen
28,2024-09-14 16:00:00,16,5,0,18,moyen
29,2024-09-14 16:00:00,16,5,0,13,moyen
30,2024-09-14 16:00:00,16,5,0,15,moyen
31,2024-09-14 16:00:00,16,5,0,12,moyen
32,2024-09-14 16:00:00,16,5,0,9,moyen
33,2024-09-14 16:00:00,16,5,0,10,moyen
34,2024-09-14 16:00:00,16,5,0,8,moyen
35,2024-09-14 16:00:00,16,5,0,18,faible
36,2024-09-14 16:00:00,16,5,0,8,moyen
37,2024-09-14 16:00:00,16,5,0,7,moyen
38,2024-09-14 16:00:00,16,5,0,25,faible
1,2024-09-14 17:00:00,17,5,0,6,faible
2,2024-09-14 17:00:00,17,5,0,7,faible
3,2024-09-14 17:00:00,17,5,0,5,faible
4,2024-09-14 17:00:00,17,5,0,0,faible
5,2024-09-14 17:00:00,17,5,0,23,faible
6,2024-09-14 17:00:00,17,5,0,25,faible
7,2024-09-14 17:00:00,17,5,0,35,faible
8,2024-09-14 17:00:00,17,5,0,12,moyen
9,2024-09-14 17:00:00,17,5,0,14,moyen
10,2024-09-14 17:00:00,17,5,0,11,moyen
11,2024-09-14 17:00:00,17,5,0,11,moyen
12,2024-09-14 17:00:00,17,5,0,8,moyen
13,2024-09-14 17:00:00,17,5,0,9,moyen
14,2024-09-14 17:00:00,17,5,0,8,faible
15,2024-09-14 17:00:00,17,5,0,8,faible
16,2024-09-14 17:00:00,17,5,0,4,faible
17,2024-09-14 17:00:00,17,5,0,8,faible
18,2024-09-14 17:00:00,17,5,0,4,faible
19,2024-09-14 17:00:00,17,5,0,5,faible
20,2024-09-14 17:00:00,17,5,0,7,faible
21,2024-09-14 17:00:00,17,5,0,5,faible
22,2024-09-14 17:00:00,17,5,0,6,faible
23,2024-09-14 17:00:00,17,5,0,2,faible
24,2024-09-14 17:00:00,17,5,0,5,faible
25,2024-09-14 17:00:00,17,5,0,3,faible
26,2024-09-14 17:00:00,17,5,0,3,faible
27,2024-09-14 17:00:00,17,5,0,4,faible
28,2024-09-14 17:00:00,17,5,0,4,faible
29,2024-09-14 17:00:00,17,5,0,3,faible
30,2024-09-14 17:00:00,17,5,0,6,faible
31,2024-09-14 17:00:00,17,5,0,5,faible
32,2024-09-14 17:00:00,17,5,0,4,faible
33,2024-09-14 17:00:00,17,5,0,4,faible
34,2024-09-14 17:00:00,17,5,0,3,faible
35,2024-09-14 17:00:00,17,5,0,48,moyen
36,2024-09-14 17:00:00,17,5,0,8,moyen
37,2024-09-14 17:00:00,17,5,0,7,moyen
38,2024-09-14 17:00:00,17,5,0,18,faible
1,2024-09-14 18:00:00,18,5,0,3,faible
2,2024-09-14 18:00:00,18,5,0,0,faible
3,2024-09-14 18:00:00,18,5,0,0,faible
4,2024-09-14 18:00:00,18,5,0,0,faible
5,2024-09-14 18:00:00,18,5,0,20,faible
6,2024-09-14 18:00:00,18,5,0,32,faible
7,2024-09-14 18:00:00,18,5,0,39,faible
8,2024-09-14 18:00:00,18,5,0,4,faible
9,2024-09-14 18:00:00,18,5,0,4,faible
10,2024-09-14 18:00:00,18,5,0,2,faible
11,2024-09-14 18:00:00,18,5,0,2,faible
12,2024-09-14 18:00:00,18,5,0,1,faible
13,2024-09-14 18:00:00,18,5,0,4,faible
14,2024-09-14 18:00:00,18,5,0,8,faible
15,2024-09-14 18:00:00,18,5,0,6,faible
16,2024-09-14 18:00:00,18,5,0,9,faible
17,2024-09-14 18:00:00,18,5,0,7,faible
18,2024-09-14 18:00:00,18,5,0,7,faible
19,2024-09-14 18:00:00,18,5,0,5,faible
20,2024-09-14 18:00:00,18,5,0,7,faible
21,2024-09-14 18:00:00,18,5,0,7,faible
22,2024-09-14 18:00:00,18,5,0,3,faible
23,2024-09-14 18:00:00,18,5,0,4,faible
24,2024-09-14 18:00:00,18,5,0,4,faible
25,2024-09-14 18:00:00,18,5,0,8,faible
26,2024-09-14 18:00:00,18,5,0,7,faible
27,2024-09-14 18:00:00,18,5,0,3,faible
28,2024-09-14 18:00:00,18,5,0,6,faible
29,2024-09-14 18:00:00,18,5,0,5,faible
30,2024-09-14 18:00:00,18,5,0,5,faible
31,2024-09-14 18:00:00,18,5,0,3,faible
32,2024-09-14 18:00:00,18,5,0,2,faible
33,2024-09-14 18:00:00,18,5,0,1,faible
34,2024-09-14 18:00:00,18,5,0,2,faible
35,2024-09-14 18:00:00,18,5,0,46,moyen
36,2024-09-14 18:00:00,18,5,0,2,faible
37,2024-09-14 18:00:00,18,5,0,2,faible
38,2024-09-14 18:00:00,18,5,0,26,faible
1,2024-09-14 19:00:00,19,5,0,3,faible
2,2024-09-14 19:00:00,19,5,0,1,faible
3,2024-09-14 19:00:00,19,5,0,1,faible
4,2024-09-14 19:00:00,19,5,0,0,faible
5,2024-09-14 19:00:00,19,5,0,24,faible
6,2024-09-14 19:00:00,19,5,0,51,faible
7,2024-09-14 19:00:00,19,5,0,24,faible
8,2024-09-14 19:00:00,19,5,0,2,faible
9,2024-09-14 19:00:00,19,5,0,2,faible
10,2024-09-14 19:00:00,19,5,0,1,faible
11,2024-09-14 19:00:00,19,5,0,3,faible
12,2024-09-14 19:00:00,19,5,0,2,faible
13,2024-09-14 19:00:00,19,5,0,1,faible
14,2024-09-14 19:00:00,19,5,0,9,faible
15,2024-09-14 19:00:00,19,5,0,4,faible
16,2024-09-14 19:00:00,19,5,0,6,faible
17,2024-09-14 19:00:00,19,5,0,3,faible
18,2024-09-14 19:00:00,19,5,0,4,faible
19,2024-09-14 19:00:00,19,5,0,10,faible
20,2024-09-14 19:00:00,19,5,0,6,faible
21,2024-09-14 19:00:00,19,5,0,3,faible
22,2024-09-14 19:00:00,19,5,0,5,faible
23,2024-09-14 19:00:00,19,5,0,5,faible
24,2024-09-14 19:00:00,19,5,0,5,faible
25,2024-09-14 19:00:00,19,5,0,5,faible
26,2024-09-14 19:00:00,19,5,0,5,faible
27,2024-09-14 19:00:00,19,5,0,7,faible
28,2024-09-14 19:00:00,19,5,0,3,faible
29,2024-09-14 19:00:00,19,5,0,3,faible
30,2024-09-14 19:00:00,19,5,0,2,faible
31,2024-09-14 19:00:00,19,5,0,2,faible
32,2024-09-14 19:00:00,19,5,0,3,faible
33,2024-09-14 19:00:00,19,5,0,2,faible
34,2024-09-14 19:00:00,19,5,0,4,faible
35,2024-09-14 19:00:00,19,5,0,43,moyen
36,2024-09-14 19:00:00,19,5,0,2,faible
37,2024-09-14 19:00:00,19,5,0,2,faible
38,2024-09-14 19:00:00,19,5,0,25,faible
1,2024-09-14 20:00:00,20,5,0,0,faible
2,2024-09-14 20:00:00,20,5,0,2,faible
3,2024-09-14 20:00:00,20,5,0,0,faible
4,2024-09-14 20:00:00,20,5,0,0,faible
5,2024-09-14 20:00:00,20,5,0,16,faible
6,2024-09-14 20:00:00,20,5,0,47,faible
7,2024-09-14 20:00:00,20,5,0,29,faible
8,2024-09-14 20:00:00,20,5,0,4,faible
9,2024-09-14 20:00:00,20,5,0,5,faible
10,2024-09-14 20:00:00,20,5,0,3,faible
11,2024-09-14 20:00:00,20,5,0,2,faible
12,2024-09-14 20:00:00,20,5,0,1,faible
13,2024-09-14 20:00:00,20,5,0,3,faible
14,2024-09-14 20:00:00,20,5,0,8,faible
15,2024-09-14 20:00:00,20,5,0,10,faible
16,2024-09-14 20:00:00,20,5,0,10,faible
17,2024-09-14 20:00:00,20,5,0,7,faible
18,2024-09-14 20:00:00,20,5,0,5,faible
19,2024-09-14 20:00:00,20,5,0,9,faible
20,2024-09-14 20:00:00,20,5,0,8,faible
21,2024-09-14 20:00:00,20,5,0,5,faible
22,2024-09-14 20:00:00,20,5,0,7,faible
23,2024-09-14 20:00:00,20,5,0,3,faible
24,2024-09-14 20:00:00,20,5,0,5,faible
25,2024-09-14 20:00:00,20,5,0,4,faible
26,2024-09-14 20:00:00,20,5,0,3,faible
27,2024-09-14 20:00:00,20,5,0,4,faible
28,2024-09-14 20:00:00,20,5,0,5,faible
29,2024-09-14 20:00:00,20,5,0,2,faible
30,2024-09-14 20:00:00,20,5,0,3,faible
31,2024-09-14 20:00:00,20,5,0,3,faible
32,2024-09-14 20:00:00,20,5,0,3,faible
33,2024-09-14 20:00:00,20,5,0,4,faible
34,2024-09-14 20:00:00,20,5,0,2,faible
35,2024-09-14 20:00:00,20,5,0,43,moyen
36,2024-09-14 20:00:00,20,5,0,3,faible
37,2024-09-14 20:00:00,20,5,0,1,faible
38,2024-09-14 20:00:00,20,5,0,22,faible
1,2024-09-14 21:00:00,21,5,0,0,faible
2,2024-09-14 21:00:00,21,5,0,2,faible
3,2024-09-14 21:00:00,21,5,0,0,faible
4,2024-09-14 21:00:00,21,5,0,0,faible
5,2024-09-14 21:00:00,21,5,0,17,faible
6,2024-09-14 21:00:00,21,5,0,37,faible
7,2024-09-14 21:00:00,21,5,0,33,faible
8,2024-09-14 21:00:00,21,5,0,1,faible
9,2024-09-14 21:00:00,21,5,0,2,faible
10,2024-09-14 21:00:00,21,5,0,2,faible
11,2024-09-14 21:00:00,21,5,0,2,faible
12,2024-09-14 21:00:00,21,5,0,2,faible
13,2024-09-14 21:00:00,21,5,0,3,faible
14,2024-09-14 21:00:00,21,5,0,9,faible
15,2024-09-14 21:00:00,21,5,0,6,faible
16,2024-09-14 21:00:00,21,5,0,9,faible
17,2024-09-14 21:00:00,21,5,0,9,faible
18,2024-09-14 21:00:00,21,5,0,3,faible
19,2024-09-14 21:00:00,21,5,0,9,faible
20,2024-09-14 21:00:00,21,5,0,9,faible
21,2024-09-14 21:00:00,21,5,0,6,faible
22,2024-09-14 21:00:00,21,5,0,6,faible
23,2024-09-14 21:00:00,21,5,0,6,faible
24,2024-09-14 21:00:00,21,5,0,6,faible
25,2024-09-14 21:00:00,21,5,0,4,faible
26,2024-09-14 21:00:00,21,5,0,6,faible
27,2024-09-14 21:00:00,21,5,0,7,faible
28,2024-09-14 21:00:00,21,5,0,3,faible
29,2024-09-14 21:00:00,21,5,0,5,faible
30,2024-09-14 21:00:00,21,5,0,2,faible
31,2024-09-14 21:00:00,21,5,0,4,faible
32,2024-09-14 21:00:00,21,5,0,3,faible
33,2024-09-14 21:00:00,21,5,0,4,faible
34,2024-09-14 21:00:00,21,5,0,1,faible
35,2024-09-14 21:00:00,21,5,0,44,moyen
36,2024-09-14 21:00:00,21,5,0,3,faible
37,2024-09-14 21:00:00,21,5,0,1,faible
38,2024-09-14 21:00:00,21,5,0,25,faible
1,2024-09-16 07:00:00,7,0,0,0,faible
2,2024-09-16 07:00:00,7,0,0,0,faible
3,2024-09-16 07:00:00,7,0,0,1,faible
4,2024-09-16 07:00:00,7,0,0,0,faible
5,2024-09-16 07:00:00,7,0,0,32,faible
6,2024-09-16 07:00:00,7,0,0,29,faible
7,2024-09-16 07:00:00,7,0,0,37,faible
8,2024-09-16 07:00:00,7,0,0,3,faible
9,2024-09-16 07:00:00,7,0,0,2,faible
10,2024-09-16 07:00:00,7,0,0,2,faible
11,2024-09-16 07:00:00,7,0,0,1,faible
12,2024-09-16 07:00:00,7,0,0,2,faible
13,2024-09-16 07:00:00,7,0,0,3,faible
14,2024-09-16 07:00:00,7,0,0,9,faible
15,2024-09-16 07:00:00,7,0,0,9,faible
16,2024-09-16 07:00:00,7,0,0,4,faible
17,2024-09-16 07:00:00,7,0,0,4,faible
18,2024-09-16 07:00:00,7,0,0,9,faible
19,2024-09-16 07:00:00,7,0,0,8,faible
20,2024-09-16 07:00:00,7,0,0,4,faible
21,2024-09-16 07:00:00,7,0,0,3,faible
22,2024-09-16 07:00:00,7,0,0,3,faible
23,2024-09-16 07:00:00,7,0,0,4,faible
24,2024-09-16 07:00:00,7,0,0,9,faible
25,2024-09-16 07:00:00,7,0,0,4,faible
26,2024-09-16 07:00:00,7,0,0,7,faible
27,2024-09-16 07:00:00,7,0,0,3,faible
28,2024-09-16 07:00:00,7,0,0,4,faible
29,2024-09-16 07:00:00,7,0,0,3,faible
30,2024-09-16 07:00:00,7,0,0,4,faible
31,2024-09-16 07:00:00,7,0,0,2,faible
32,2024-09-16 07:00:00,7,0,0,4,faible
33,2024-09-16 07:00:00,7,0,0,3,faible
34,2024-09-16 07:00:00,7,0,0,2,faible
35,2024-09-16 07:00:00,7,0,0,19,faible
36,2024-09-16 07:00:00,7,0,0,3,faible
37,2024-09-16 07:00:00,7,0,0,1,faible
38,2024-09-16 07:00:00,7,0,0,25,faible
1,2024-09-16 08:00:00,8,0,1,7,faible
2,2024-09-16 08:00:00,8,0,1,7,faible
3,2024-09-16 08:00:00,8,0,1,6,moyen
4,2024-09-16 08:00:00,8,0,1,0,faible
5,2024-09-16 08:00:00,8,0,1,56,moyen
6,2024-09-16 08:00:00,8,0,1,112,moyen
7,2024-09-16 08:00:00,8,0,1,64,moyen
8,2024-09-16 08:00:00,8,0,1,2,faible
9,2024-09-16 08:00:00,8,0,1,1,faible
10,2024-09-16 08:00:00,8,0,0,1,faible
11,2024-09-16 08:00:00,8,0,1,2,faible
12,2024-09-16 08:00:00,8,0,0,3,faible
13,2024-09-16 08:00:00,8,0,0,1,faible
14,2024-09-16 08:00:00,8,0,1,10,faible
15,2024-09-16 08:00:00,8,0,1,3,faible
16,2024-09-16 08:00:00,8,0,1,6,faible
17,2024-09-16 08:00:00,8,0,1,8,faible
18,2024-09-16 08:00:00,8,0,1,7,faible
19,2024-09-16 08:00:00,8,0,1,3,faible
20,2024-09-16 08:00:00,8,0,0,3,faible
21,2024-09-16 08:00:00,8,0,0,6,faible
22,2024-09-16 08:00:00,8,0,0,7,faible
23,2024-09-16 08:00:00,8,0,1,6,faible
24,2024-09-16 08:00:00,8,0,0,8,faible
25,2024-09-16 08:00:00,8,0,1,8,faible
26,2024-09-16 08:00:00,8,0,0,6,faible
27,2024-09-16 08:00:00,8,0,1,7,faible
28,2024-09-16 08:00:00,8,0,1,7,faible
29,2024-09-16 08:00:00,8,0,0,3,faible
30,2024-09-16 08:00:00,8,0,1,5,faible
31,2024-09-16 08:00:00,8,0,1,5,faible
32,2024-09-16 08:00:00,8,0,1,1,faible
33,2024-09-16 08:00:00,8,0,1,3,faible
34,2024-09-16 08:00:00,8,0,0,4,faible
35,2024-09-16 08:00:00,8,0,1,22,faible
36,2024-09-16 08:00:00,8,0,1,1,faible
37,2024-09-16 08:00:00,8,0,0,1,faible
38,2024-09-16 08:00:00,8,0,1,51,moyen
1,2024-09-16 09:00:00,9,0,1,10,moyen
2,2024-09-16 09:00:00,9,0,1,7,faible
3,2024-09-16 09:00:00,9,0,1,6,moyen
4,2024-09-16 09:00:00,9,0,1,0,faible
5,2024-09-16 09:00:00,9,0,1,64,moyen
6,2024-09-16 09:00:00,9,0,1,93,moyen
7,2024-09-16 09:00:00,9,0,1,69,moyen
8,2024-09-16 09:00:00,9,0,1,17,eleve
9,2024-09-16 09:00:00,9,0,1,15,moyen
10,2024-09-16 09:00:00,9,0,1,11,moyen
11,2024-09-16 09:00:00,9,0,0,10,moyen
12,2024-09-16 09:00:00,9,0,0,7,moyen
13,2024-09-16 09:00:00,9,0,0,9,moyen
14,2024-09-16 09:00:00,9,0,1,22,moyen
15,2024-09-16 09:00:00,9,0,1,18,moyen
16,2024-09-16 09:00:00,9,0,1,23,moyen
17,2024-09-16 09:00:00,9,0,1,22,moyen
18,2024-09-16 09:00:00,9,0,1,15,moyen
19,2024-09-16 09:00:00,9,0,0,26,moyen
20,2024-09-16 09:00:00,9,0,1,20,moyen
21,2024-09-16 09:00:00,9,0,1,15,moyen
22,2024-09-16 09:00:00,9,0,1,17,moyen
23,2024-09-16 09:00:00,9,0,1,13,moyen
24,2024-09-16 09:00:00,9,0,1,18,moyen
25,2024-09-16 09:00:00,9,0,1,16,moyen
26,2024-09-16 09:00:00,9,0,1,16,moyen
27,2024-09-16 09:00:00,9,0,0,17,moyen
28,2024-09-16 09:00:00,9,0,0,15,moyen
29,2024-09-16 09:00:00,9,0,1,15,moyen
30,2024-09-16 09:00:00,9,0,0,14,moyen
31,2024-09-16 09:00:00,9,0,0,11,moyen
32,2024-09-16 09:00:00,9,0,1,9,moyen
33,2024-09-16 09:00:00,9,0,0,7,moyen
34,2024-09-16 09:00:00,9,0,1,7,moyen
35,2024-09-16 09:00:00,9,0,0,22,faible
36,2024-09-16 09:00:00,9,0,1,9,moyen
37,2024-09-16 09:00:00,9,0,1,9,moyen
38,2024-09-16 09:00:00,9,0,1,53,moyen
1,2024-09-16 10:00:00,10,0,1,6,faible
2,2024-09-16 10:00:00,10,0,1,7,faible
3,2024-09-16 10:00:00,10,0,1,5,faible
4,2024-09-16 10:00:00,10,0,1,1,faible
5,2024-09-16 10:00:00,10,0,1,56,moyen
6,2024-09-16 10:00:00,10,0,1,98,moyen
7,2024-09-16 10:00:00,10,0,1,84,moyen
8,2024-09-16 10:00:00,10,0,1,9,moyen
9,2024-09-16 10:00:00,10,0,1,13,moyen
10,2024-09-16 10:00:00,10,0,1,11,moyen
11,2024-09-16 10:00:00,10,0,0,9,moyen
12,2024-09-16 10:00:00,10,0,1,7,moyen
13,2024-09-16 10:00:00,10,0,1,11,moyen
14,2024-09-16 10:00:00,10,0,1,22,moyen
15,2024-09-16 10:00:00,10,0,1,23,moyen
16,2024-09-16 10:00:00,10,0,1,18,moyen
17,2024-09-16 10:00:00,10,0,1,20,moyen
18,2024-09-16 10:00:00,10,0,1,20,moyen
19,2024-09-16 10:00:00,10,0,0,23,moyen
20,2024-09-16 10:00:00,10,0,1,20,moyen
21,2024-09-16 10:00:00,10,0,0,14,moyen
22,2024-09-16 10:00:00,10,0,1,13,moyen
23,2024-09-16 10:00:00,10,0,1,13,moyen
24,2024-09-16 10:00:00,10,0,1,15,moyen
25,2024-09-16 10:00:00,10,0,1,15,moyen
26,2024-09-16 10:00:00,10,0,1,17,moyen
27,2024-09-16 10:00:00,10,0,1,13,moyen
28,2024-09-16 10:00:00,10,0,1,15,moyen
29,2024-09-16 10:00:00,10,0,1,13,moyen
30,2024-09-16 10:00:00,10,0,0,11,moyen
31,2024-09-16 10:00:00,10,0,1,9,moyen
32,2024-09-16 10:00:00,10,0,1,13,moyen
33,2024-09-16 10:00:00,10,0,0,8,moyen
34,2024-09-16 10:00:00,10,0,1,8,moyen
35,2024-09-16 10:00:00,10,0,1,22,faible
36,2024-09-16 10:00:00,10,0,1,8,moyen
37,2024-09-16 10:00:00,10,0,0,8,moyen
38,2024-09-16 10:00:00,10,0,1,48,moyen
1,2024-09-16 11:00:00,11,0,1,10,moyen
2,2024-09-16 11:00:00,11,0,1,8,moyen
3,2024-09-16 11:00:00,11,0,1,6,moyen
4,2024-09-16 11:00:00,11,0,1,1,faible
5,2024-09-16 11:00:00,11,0,1,51,moyen
6,2024-09-16 11:00:00,11,0,1,96,moyen
7,2024-09-16 11:00:00,11,0,1,71,moyen
8,2024-09-16 11:00:00,11,0,1,10,moyen
9,2024-09-16 11:00:00,11,0,1,14,moyen
10,2024-09-16 11:00:00,11,0,0,9,moyen
11,2024-09-16 11:00:00,11,0,1,8,moyen
12,2024-09-16 11:00:00,11,0,0,8,moyen
13,2024-09-16 11:00:00,11,0,1,10,moyen
14,2024-09-16 11:00:00,11,0,1,25,moyen
15,2024-09-16 11:00:00,11,0,1,19,moyen
16,2024-09-16 11:00:00,11,0,1,17,moyen
17,2024-09-16 11:00:00,11,0,1,17,moyen
18,2024-09-16 11:00:00,11,0,1,19,moyen
19,2024-09-16 11:00:00,11,0,1,20,moyen
20,2024-09-16 11:00:00,11,0,1,20,moyen
21,2024-09-16 11:00:00,11,0,1,15,moyen
22,2024-09-16 11:00:00,11,0,1,15,moyen
23,2024-09-16 11:00:00,11,0,0,15,moyen
24,2024-09-16 11:00:00,11,0,1,14,moyen
25,2024-09-16 11:00:00,11,0,1,15,moyen
26,2024-09-16 11:00:00,11,0,0,16,moyen
27,2024-09-16 11:00:00,11,0,1,14,moyen
28,2024-09-16 11:00:00,11,0,1,15,moyen
29,2024-09-16 11:00:00,11,0,1,11,moyen
30,2024-09-16 11:00:00,11,0,1,11,moyen
31,2024-09-16 11:00:00,11,0,1,12,moyen
32,2024-09-16 11:00:00,11,0,1,11,moyen
33,2024-09-16 11:00:00,11,0,1,10,moyen
34,2024-09-16 11:00:00,11,0,1,9,moyen
35,2024-09-16 11:00:00,11,0,0,21,faible
36,2024-09-16 11:00:00,11,0,1,9,moyen
37,2024-09-16 11:00:00,11,0,0,8,moyen
38,2024-09-16 11:00:00,11,0,1,48,moyen
1,2024-09-16 12:00:00,12,0,1,7,faible
2,2024-09-16 12:00:00,12,0,1,6,faible
3,2024-09-16 12:00:00,12,0,1,4,faible
4,2024-09-16 12:00:00,12,0,1,0,faible
5,2024-09-16 12:00:00,12,0,1,28,faible
6,2024-09-16 12:00:00,12,0,1,37,faible
7,2024-09-16 12:00:00,12,0,1,21,faible
8,2024-09-16 12:00:00,12,0,0,9,moyen
9,2024-09-16 12:00:00,12,0,0,12,moyen
10,2024-09-16 12:00:00,12,0,1,10,moyen
11,2024-09-16 12:00:00,12,0,1,9,moyen
12,2024-09-16 12:00:00,12,0,1,7,moyen
13,2024-09-16 12:00:00,12,0,1,12,moyen
14,2024-09-16 12:00:00,12,0,1,8,faible
15,2024-09-16 12:00:00,12,0,0,10,faible
16,2024-09-16 12:00:00,12,0,1,9,faible
17,2024-09-16 12:00:00,12,0,1,9,faible
18,2024-09-16 12:00:00,12,0,1,6,faible
19,2024-09-16 12:00:00,12,0,1,5,faible
20,2024-09-16 12:00:00,12,0,0,3,faible
21,2024-09-16 12:00:00,12,0,0,6,faible
22,2024-09-16 12:00:00,12,0,0,5,faible
23,2024-09-16 12:00:00,12,0,1,6,faible
24,2024-09-16 12:00:00,12,0,1,2,faible
25,2024-09-16 12:00:00,12,0,0,3,faible
26,2024-09-16 12:00:00,12,0,1,2,faible
27,2024-09-16 12:00:00,12,0,1,6,faible
28,2024-09-16 12:00:00,12,0,1,4,faible
29,2024-09-16 12:00:00,12,0,0,6,faible
30,2024-09-16 12:00:00,12,0,1,5,faible
31,2024-09-16 12:00:00,12,0,0,2,faible
32,2024-09-16 12:00:00,12,0,0,3,faible
33,2024-09-16 12:00:00,12,0,1,3,faible
34,2024-09-16 12:00:00,12,0,0,3,faible
35,2024-09-16 12:00:00,12,0,1,46,moyen
36,2024-09-16 12:00:00,12,0,1,7,moyen
37,2024-09-16 12:00:00,12,0,0,8,moyen
38,2024-09-16 12:00:00,12,0,1,19,faible
1,2024-09-16 13:00:00,13,0,1,9,moyen
2,2024-09-16 13:00:00,13,0,1,7,faible
3,2024-09-16 13:00:00,13,0,1,7,moyen
4,2024-09-16 13:00:00,13,0,1,0,faible
5,2024-09-16 13:00:00,13,0,0,32,faible
6,2024-09-16 13:00:00,13,0,0,51,faible
7,2024-09-16 13:00:00,13,0,0,22,faible
8,2024-09-16 13:00:00,13,0,1,3,faible
9,2024-09-16 13:00:00,13,0,1,5,faible
10,2024-09-16 13:00:00,13,0,1,4,faible
11,2024-09-16 13:00:00,13,0,0,3,faible
12,2024-09-16 13:00:00,13,0,1,3,faible
13,2024-09-16 13:00:00,13,0,1,3,faible
14,2024-09-16 13:00:00,13,0,1,8,faible
15,2024-09-16 13:00:00,13,0,1,11,faible
16,2024-09-16 13:00:00,13,0,1,8,faible
17,2024-09-16 13:00:00,13,0,1,4,faible
18,2024-09-16 13:00:00,13,0,1,4,faible
19,2024-09-16 13:00:00,13,0,0,11,faible
20,2024-09-16 13:00:00,13,0,0,9,faible
21,2024-09-16 13:00:00,13,0,1,6,faible
22,2024-09-16 13:00:00,13,0,0,3,faible
23,2024-09-16 13:00:00,13,0,0,5,faible
24,2024-09-16 13:00:00,13,0,1,6,faible
25,2024-09-16 13:00:00,13,0,1,9,faible
26,2024-09-16 13:00:00,13,0,1,3,faible
27,2024-09-16 13:00:00,13,0,0,6,faible
28,2024-09-16 13:00:00,13,0,1,5,faible
29,2024-09-16 13:00:00,13,0,1,5,faible
30,2024-09-16 13:00:00,13,0,1,2,faible
31,2024-09-16 13:00:00,13,0,1,3,faible
32,2024-09-16 13:00:00,13,0,1,4,faible
33,2024-09-16 13:00:00,13,0,1,3,faible
34,2024-09-16 13:00:00,13,0,0,3,faible
35,2024-09-16 13:00:00,13,0,1,53,moyen
36,2024-09-16 13:00:00,13,0,1,1,faible
37,2024-09-16 13:00:00,13,0,1,1,faible
38,2024-09-16 13:00:00,13,0,0,21,faible
1,2024-09-16 14:00:00,14,0,1,8,faible
2,2024-09-16 14:00:00,14,0,1,7,faible
3,2024-09-16 14:00:00,14,0,1,5,faible
4,2024-09-16 14:00:00,14,0,1,0,faible
5,2024-09-16 14:00:00,14,0,0,24,faible
6,2024-09-16 14:00:00,14,0,0,27,faible
7,2024-09-16 14:00:00,14,0,0,41,faible
8,2024-09-16 14:00:00,14,0,1,10,moyen
9,2024-09-16 14:00:00,14,0,1,14,moyen
10,2024-09-16 14:00:00,14,0,1,10,moyen
11,2024-09-16 14:00:00,14,0,1,8,moyen
12,2024-09-16 14:00:00,14,0,1,9,moyen
13,2024-09-16 14:00:00,14,0,1,9,moyen
14,2024-09-16 14:00:00,14,0,1,21,moyen
15,2024-09-16 14:00:00,14,0,1,21,moyen
16,2024-09-16 14:00:00,14,0,1,17,moyen
17,2024-09-16 14:00:00,14,0,0,20,moyen
18,2024-09-16 14:00:00,14,0,0,16,moyen
19,2024-09-16 14:00:00,14,0,1,23,moyen
20,2024-09-16 14:00:00,14,0,0,20,moyen
21,2024-09-16 14:00:00,14,0,1,14,moyen
22,2024-09-16 14:00:00,14,0,1,16,moyen
23,2024-09-16 14:00:00,14,0,1,11,moyen
24,2024-09-16 14:00:00,14,0,0,16,moyen
25,2024-09-16 14:00:00,14,0,0,20,moyen
26,2024-09-16 14:00:00,14,0,1,14,moyen
27,2024-09-16 14:00:00,14,0,1,17,moyen
28,2024-09-16 14:00:00,14,0,1,18,moyen
29,2024-09-16 14:00:00,14,0,1,11,moyen
30,2024-09-16 14:00:00,14,0,1,14,moyen
31,2024-09-16 14:00:00,14,0,1,11,moyen
32,2024-09-16 14:00:00,14,0,1,11,moyen
33,2024-09-16 14:00:00,14,0,0,9,moyen
34,2024-09-16 14:00:00,14,0,1,8,moyen
35,2024-09-16 14:00:00,14,0,1,20,faible
36,2024-09-16 14:00:00,14,0,1,7,moyen
37,2024-09-16 14:00:00,14,0,1,8,moyen
38,2024-09-16 14:00:00,14,0,0,25,faible
1,2024-09-16 15:00:00,15,0,1,7,faible
2,2024-09-16 15:00:00,15,0,1,7,faible
3,2024-09-16 15:00:00,15,0,1,5,faible
4,2024-09-16 15:00:00,15,0,1,0,faible
5,2024-09-16 15:00:00,15,0,0,32,faible
6,2024-09-16 15:00:00,15,0,0,34,faible
7,2024-09-16 15:00:00,15,0,0,27,faible
8,2024-09-16 15:00:00,15,0,1,11,moyen
9,2024-09-16 15:00:00,15,0,1,12,moyen
10,2024-09-16 15:00:00,15,0,1,11,moyen
11,2024-09-16 15:00:00,15,0,1,9,moyen
12,2024-09-16 15:00:00,15,0,0,8,moyen
13,2024-09-16 15:00:00,15,0,1,11,moyen
14,2024-09-16 15:00:00,15,0,1,25,moyen
15,2024-09-16 15:00:00,15,0,1,19,moyen
16,2024-09-16 15:00:00,15,0,0,23,moyen
17,2024-09-16 15:00:00,15,0,1,17,moyen
18,2024-09-16 15:00:00,15,0,0,17,moyen
19,2024-09-16 15:00:00,15,0,0,23,moyen
20,2024-09-16 15:00:00,15,0,0,20,moyen
21,2024-09-16 15:00:00,15,0,0,15,moyen
22,2024-09-16 15:00:00,15,0,1,15,moyen
23,2024-09-16 15:00:00,15,0,1,11,moyen
24,2024-09-16 15:00:00,15,0,0,18,moyen
25,2024-09-16 15:00:00,15,0,0,19,moyen
26,2024-09-16 15:00:00,15,0,1,15,moyen
27,2024-09-16 15:00:00,15,0,0,15,moyen
28,2024-09-16 15:00:00,15,0,1,18,moyen
29,2024-09-16 15:00:00,15,0,1,15,moyen
30,2024-09-16 15:00:00,15,0,1,11,moyen
31,2024-09-16 15:00:00,15,0,0,13,moyen
32,2024-09-16 15:00:00,15,0,1,9,moyen
33,2024-09-16 15:00:00,15,0,1,9,moyen
34,2024-09-16 15:00:00,15,0,0,7,moyen
35,2024-09-16 15:00:00,15,0,1,22,faible
36,2024-09-16 15:00:00,15,0,1,8,moyen
37,2024-09-16 15:00:00,15,0,1,8,moyen
38,2024-09-16 15:00:00,15,0,0,21,faible
1,2024-09-16 16:00:00,16,0,1,9,moyen
2,2024-09-16 16:00:00,16,0,1,5,faible
3,2024-09-16 16:00:00,16,0,1,7,moyen
4,2024-09-16 16:00:00,16,0,1,0,faible
5,2024-09-16 16:00:00,16,0,0,20,faible
6,2024-09-16 16:00:00,16,0,0,41,faible
7,2024-09-16 16:00:00,16,0,0,36,faible
8,2024-09-16 16:00:00,16,0,1,10,moyen
9,2024-09-16 16:00:00,16,0,1,13,moyen
10,2024-09-16 16:00:00,16,0,1,12,moyen
11,2024-09-16 16:00:00,16,0,1,10,moyen
12,2024-09-16 16:00:00,16,0,1,8,moyen
13,2024-09-16 16:00:00,16,0,0,9,moyen
14,2024-09-16 16:00:00,16,0,1,22,moyen
15,2024-09-16 16:00:00,16,0,0,23,moyen
16,2024-09-16 16:00:00,16,0,1,17,moyen
17,2024-09-16 16:00:00,16,0,1,19,moyen
18,2024-09-16 16:00:00,16,0,0,15,moyen
19,2024-09-16 16:00:00,16,0,1,25,moyen
20,2024-09-16 16:00:00,16,0,0,21,moyen
21,2024-09-16 16:00:00,16,0,0,16,moyen
22,2024-09-16 16:00:00,16,0,1,15,moyen
23,2024-09-16 16:00:00,16,0,1,15,moyen
24,2024-09-16 16:00:00,16,0,1,20,moyen
25,2024-09-16 16:00:00,16,0,1,17,moyen
26,2024-09-16 16:00:00,16,0,0,13,moyen
27,2024-09-16 16:00:00,16,0,0,17,moyen
28,2024-09-16 16:00:00,16,0,1,20,moyen
29,2024-09-16 16:00:00,16,0,1,13,moyen
30,2024-09-16 16:00:00,16,0,1,12,moyen
31,2024-09-16 16:00:00,16,0,1,9,moyen
32,2024-09-16 16:00:00,16,0,1,9,moyen
33,2024-09-16 16:00:00,16,0,0,8,moyen
34,2024-09-16 16:00:00,16,0,1,9,moyen
35,2024-09-16 16:00:00,16,0,0,19,faible
36,2024-09-16 16:00:00,16,0,1,8,moyen
37,2024-09-16 16:00:00,16,0,1,7,moyen
38,2024-09-16 16:00:00,16,0,0,22,faible
1,2024-09-16 17:00:00,17,0,1,8,faible
2,2024-09-16 17:00:00,17,0,1,7,faible
3,2024-09-16 17:00:00,17,0,1,6,moyen
4,2024-09-16 17:00:00,17,0,1,0,faible
5,2024-09-16 17:00:00,17,0,0,16,faible
6,2024-09-16 17:00:00,17,0,0,50,faible
7,2024-09-16 17:00:00,17,0,0,23,faible
8,2024-09-16 17:00:00,17,0,0,10,moyen
9,2024-09-16 17:00:00,17,0,1,15,moyen
10,2024-09-16 17:00:00,17,0,1,10,moyen
11,2024-09-16 17:00:00,17,0,0,9,moyen
12,2024-09-16 17:00:00,17,0,1,9,moyen
13,2024-09-16 17:00:00,17,0,1,9,moyen
14,2024-09-16 17:00:00,17,0,1,6,faible
15,2024-09-16 17:00:00,17,0,1,11,faible
16,2024-09-16 17:00:00,17,0,1,3,faible
17,2024-09-16 17:00:00,17,0,1,6,faible
18,2024-09-16 17:00:00,17,0,1,6,faible
19,2024-09-16 17:00:00,17,0,0,7,faible
20,2024-09-16 17:00:00,17,0,1,7,faible
21,2024-09-16 17:00:00,17,0,0,5,faible
22,2024-09-16 17:00:00,17,0,1,4,faible
23,2024-09-16 17:00:00,17,0,1,5,faible
24,2024-09-16 17:00:00,17,0,1,3,faible
25,2024-09-16 17:00:00,17,0,1,4,faible
26,2024-09-16 17:00:00,17,0,1,4,faible
27,2024-09-16 17:00:00,17,0,1,4,faible
28,2024-09-16 17:00:00,17,0,1,9,faible
29,2024-09-16 17:00:00,17,0,0,3,faible
30,2024-09-16 17:00:00,17,0,1,2,faible
31,2024-09-16 17:00:00,17,0,1,1,faible
32,2024-09-16 17:00:00,17,0,1,1,faible
33,2024-09-16 17:00:00,17,0,1,1,faible
34,2024-09-16 17:00:00,17,0,1,2,faible
35,2024-09-16 17:00:00,17,0,1,51,moyen
36,2024-09-16 17:00:00,17,0,0,7,moyen
37,2024-09-16 17:00:00,17,0,1,8,moyen
38,2024-09-16 17:00:00,17,0,0,23,faible
1,2024-09-16 18:00:00,18,0,0,2,faible
2,2024-09-16 18:00:00,18,0,0,0,faible
3,2024-09-16 18:00:00,18,0,0,1,faible
4,2024-09-16 18:00:00,18,0,0,0,faible
5,2024-09-16 18:00:00,18,0,0,21,faible
6,2024-09-16 18:00:00,18,0,0,33,faible
7,2024-09-16 18:00:00,18,0,0,37,faible
8,2024-09-16 18:00:00,18,0,0,3,faible
9,2024-09-16 18:00:00,18,0,1,2,faible
10,2024-09-16 18:00:00,18,0,1,2,faible
11,2024-09-16 18:00:00,18,0,1,2,faible
12,2024-09-16 18:00:00,18,0,0,1,faible
13,2024-09-16 18:00:00,18,0,0,2,faible
14,2024-09-16 18:00:00,18,0,1,9,faible
15,2024-09-16 18:00:00,18,0,1,5,faible
16,2024-09-16 18:00:00,18,0,1,9,faible
17,2024-09-16 18:00:00,18,0,0,6,faible
18,2024-09-16 18:00:00,18,0,1,5,faible
19,2024-09-16 18:00:00,18,0,1,4,faible
20,2024-09-16 18:00:00,18,0,1,3,faible
21,2024-09-16 18:00:00,18,0,1,5,faible
22,2024-09-16 18:00:00,18,0,1,2,faible
23,2024-09-16 18:00:00,18,0,1,4,faible
24,2024-09-16 18:00:00,18,0,0,3,faible
25,2024-09-16 18:00:00,18,0,1,5,faible
26,2024-09-16 18:00:00,18,0,1,4,faible
27,2024-09-16 18:00:00,18,0,1,7,faible
28,2024-09-16 18:00:00,18,0,1,5,faible
29,2024-09-16 18:00:00,18,0,0,4,faible
30,2024-09-16 18:00:00,18,0,0,4,faible
31,2024-09-16 18:00:00,18,0,1,3,faible
32,2024-09-16 18:00:00,18,0,1,2,faible
33,2024-09-16 18:00:00,18,0,1,2,faible
34,2024-09-16 18:00:00,18,0,1,2,faible
35,2024-09-16 18:00:00,18,0,1,43,moyen
36,2024-09-16 18:00:00,18,0,0,2,faible
37,2024-09-16 18:00:00,18,0,0,1,faible
38,2024-09-16 18:00:00,18,0,0,18,faible
1,2024-09-16 19:00:00,19,0,0,1,faible
2,2024-09-16 19:00:00,19,0,0,1,faible
3,2024-09-16 19:00:00,19,0,0,2,faible
4,2024-09-16 19:00:00,19,0,0,0,faible
5,2024-09-16 19:00:00,19,0,0,22,faible
6,2024-09-16 19:00:00,19,0,0,55,faible
7,2024-09-16 19:00:00,19,0,0,26,faible
8,2024-09-16 19:00:00,19,0,0,3,faible
9,2024-09-16 19:00:00,19,0,0,4,faible
10,2024-09-16 19:00:00,19,0,0,3,faible
11,2024-09-16 19:00:00,19,0,0,3,faible
12,2024-09-16 19:00:00,19,0,0,1,faible
13,2024-09-16 19:00:00,19,0,0,3,faible
14,2024-09-16 19:00:00,19,0,0,7,faible
15,2024-09-16 19:00:00,19,0,0,7,faible
16,2024-09-16 19:00:00,19,0,0,7,faible
17,2024-09-16 19:00:00,19,0,0,6,faible
18,2024-09-16 19:00:00,19,0,0,4,faible
19,2024-09-16 19:00:00,19,0,0,10,faible
20,2024-09-16 19:00:00,19,0,0,7,faible
21,2024-09-16 19:00:00,19,0,0,3,faible
22,2024-09-16 19:00:00,19,0,0,6,faible
23,2024-09-16 19:00:00,19,0,0,4,faible
24,2024-09-16 19:00:00,19,0,0,5,faible
25,2024-09-16 19:00:00,19,0,0,6,faible
26,2024-09-16 19:00:00,19,0,0,7,faible
27,2024-09-16 19:00:00,19,0,0,3,faible
28,2024-09-16 19:00:00,19,0,0,4,faible
29,2024-09-16 19:00:00,19,0,0,3,faible
30,2024-09-16 19:00:00,19,0,0,6,faible
31,2024-09-16 19:00:00,19,0,0,4,faible
32,2024-09-16 19:00:00,19,0,0,2,faible
33,2024-09-16 19:00:00,19,0,0,3,faible
34,2024-09-16 19:00:00,19,0,0,4,faible
35,2024-09-16 19:00:00,19,0,0,50,moyen
36,2024-09-16 19:00:00,19,0,0,2,faible
37,2024-09-16 19:00:00,19,0,0,2,faible
38,2024-09-16 19:00:00,19,0,0,19,faible
1,2024-09-16 20:00:00,20,0,0,1,faible
2,2024-09-16 20:00:00,20,0,0,2,faible
3,2024-09-16 20:00:00,20,0,0,2,faible
4,2024-09-16 20:00:00,20,0,0,1,faible
5,2024-09-16 20:00:00,20,0,0,20,faible
6,2024-09-16 20:00:00,20,0,0,46,faible
7,2024-09-16 20:00:00,20,0,0,26,faible
8,2024-09-16 20:00:00,20,0,0,3,faible
9,2024-09-16 20:00:00,20,0,0,5,faible
10,2024-09-16 20:00:00,20,0,0,3,faible
11,2024-09-16 20:00:00,20,0,0,3,faible
12,2024-09-16 20:00:00,20,0,0,1,faible
13,2024-09-16 20:00:00,20,0,0,1,faible
14,2024-09-16 20:00:00,20,0,0,7,faible
15,2024-09-16 20:00:00,20,0,0,8,faible
16,2024-09-16 20:00:00,20,0,0,8,faible
17,2024-09-16 20:00:00,20,0,0,7,faible
18,2024-09-16 20:00:00,20,0,0,8,faible
19,2024-09-16 20:00:00,20,0,0,10,faible
20,2024-09-16 20:00:00,20,0,0,8,faible
21,2024-09-16 20:00:00,20,0,0,7,faible
22,2024-09-16 20:00:00,20,0,0,4,faible
23,2024-09-16 20:00:00,20,0,0,4,faible
24,2024-09-16 20:00:00,20,0,0,6,faible
25,2024-09-16 20:00:00,20,0,0,8,faible
26,2024-09-16 20:00:00,20,0,0,4,faible
27,2024-09-16 20:00:00,20,0,0,2,faible
28,2024-09-16 20:00:00,20,0,0,2,faible
29,2024-09-16 20:00:00,20,0,0,3,faible
30,2024-09-16 20:00:00,20,0,0,4,faible
31,2024-09-16 20:00:00,20,0,0,2,faible
32,2024-09-16 20:00:00,20,0,0,5,faible
33,2024-09-16 20:00:00,20,0,0,4,faible
34,2024-09-16 20:00:00,20,0,0,3,faible
35,2024-09-16 20:00:00,20,0,0,51,moyen
36,2024-09-16 20:00:00,20,0,0,2,faible
37,2024-09-16 20:00:00,20,0,0,1,faible
38,2024-09-16 20:00:00,20,0,0,19,faible
1,2024-09-16 21:00:00,21,0,0,3,faible
2,2024-09-16 21:00:00,21,0,0,1,faible
3,2024-09-16 21:00:00,21,0,0,0,faible
4,2024-09-16 21:00:00,21,0,0,0,faible
5,2024-09-16 21:00:00,21,0,0,15,faible
6,2024-09-16 21:00:00,21,0,0,47,faible
7,2024-09-16 21:00:00,21,0,0,33,faible
8,2024-09-16 21:00:00,21,0,0,2,faible
9,2024-09-16 21:00:00,21,0,0,3,faible
10,2024-09-16 21:00:00,21,0,0,3,faible
11,2024-09-16 21:00:00,21,0,0,3,faible
12,2024-09-16 21:00:00,21,0,0,1,faible
13,2024-09-16 21:00:00,21,0,0,1,faible
14,2024-09-16 21:00:00,21,0,0,5,faible
15,2024-09-16 21:00:00,21,0,0,11,faible
16,2024-09-16 21:00:00,21,0,0,6,faible
17,2024-09-16 21:00:00,21,0,0,7,faible
18,2024-09-16 21:00:00,21,0,0,4,faible
19,2024-09-16 21:00:00,21,0,0,10,faible
20,2024-09-16 21:00:00,21,0,0,6,faible
21,2024-09-16 21:00:00,21,0,0,7,faible
22,2024-09-16 21:00:00,21,0,0,2,faible
23,2024-09-16 21:00:00,21,0,0,5,faible
24,2024-09-16 21:00:00,21,0,0,7,faible
25,2024-09-16 21:00:00,21,0,0,8,faible
26,2024-09-16 21:00:00,21,0,0,7,faible
27,2024-09-16 21:00:00,21,0,0,5,faible
28,2024-09-16 21:00:00,21,0,0,8,faible
29,2024-09-16 21:00:00,21,0,0,6,faible
30,2024-09-16 21:00:00,21,0,0,4,faible
31,2024-09-16 21:00:00,21,0,0,4,faible
32,2024-09-16 21:00:00,21,0,0,3,faible
33,2024-09-16 21:00:00,21,0,0,1,faible
34,2024-09-16 21:00:00,21,0,0,4,faible
35,2024-09-16 21:00:00,21,0,0,53,moyen
36,2024-09-16 21:00:00,21,0,0,2,faible
37,2024-09-16 21:00:00,21,0,0,1,faible
38,2024-09-16 21:00:00,21,0,0,24,faible
1,2024-09-17 07:00:00,7,1,0,0,faible
2,2024-09-17 07:00:00,7,1,0,2,faible
3,2024-09-17 07:00:00,7,1,0,0,faible
4,2024-09-17 07:00:00,7,1,0,0,faible
5,2024-09-17 07:00:00,7,1,0,28,faible
6,2024-09-17 07:00:00,7,1,0,48,faible
7,2024-09-17 07:00:00,7,1,0,29,faible
8,2024-09-17 07:00:00,7,1,0,3,faible
9,2024-09-17 07:00:00,7,1,0,4,faible
10,2024-09-17 07:00:00,7,1,0,3,faible
11,2024-09-17 07:00:00,7,1,0,1,faible
12,2024-09-17 07:00:00,7,1,0,2,faible
13,2024-09-17 07:00:00,7,1,0,1,faible
14,2024-09-17 07:00:00,7,1,0,9,faible
15,2024-09-17 07:00:00,7,1,0,4,faible
16,2024-09-17 07:00:00,7,1,0,4,faible
17,2024-09-17 07:00:00,7,1,0,7,faible
18,2024-09-17 07:00:00,7,1,0,2,faible
19,2024-09-17 07:00:00,7,1,0,11,faible
20,2024-09-17 07:00:00,7,1,0,6,faible
21,2024-09-17 07:00:00,7,1,0,7,faible
22,2024-09-17 07:00:00,7,1,0,7,faible
23,2024-09-17 07:00:00,7,1,0,3,faible
24,2024-09-17 07:00:00,7,1,0,6,faible
25,2024-09-17 07:00:00,7,1,0,4,faible
26,2024-09-17 07:00:00,7,1,0,3,faible
27,2024-09-17 07:00:00,7,1,0,6,faible
28,2024-09-17 07:00:00,7,1,0,3,faible
29,2024-09-17 07:00:00,7,1,0,2,faible
30,2024-09-17 07:00:00,7,1,0,4,faible
31,2024-09-17 07:00:00,7,1,0,5,faible
32,2024-09-17 07:00:00,7,1,0,4,faible
33,2024-09-17 07:00:00,7,1,0,4,faible
34,2024-09-17 07:00:00,7,1,0,3,faible
35,2024-09-17 07:00:00,7,1,0,14,faible
36,2024-09-17 07:00:00,7,1,0,1,faible
37,2024-09-17 07:00:00,7,1,0,3,faible
38,2024-09-17 07:00:00,7,1,0,16,faible
1,2024-09-17 08:00:00,8,1,1,10,moyen
2,2024-09-17 08:00:00,8,1,1,6,faible
3,2024-09-17 08:00:00,8,1,1,4,faible
4,2024-09-17 08:00:00,8,1,1,0,faible
5,2024-09-17 08:00:00,8,1,0,63,moyen
6,2024-09-17 08:00:00,8,1,0,109,moyen
7,2024-09-17 08:00:00,8,1,0,74,moyen
8,2024-09-17 08:00:00,8,1,1,2,faible
9,2024-09-17 08:00:00,8,1,0,5,faible
10,2024-09-17 08:00:00,8,1,1,3,faible
11,2024-09-17 08:00:00,8,1,1,2,faible
12,2024-09-17 08:00:00,8,1,0,1,faible
13,2024-09-17 08:00:00,8,1,1,3,faible
14,2024-09-17 08:00:00,8,1,1,8,faible
15,2024-09-17 08:00:00,8,1,1,11,faible
16,2024-09-17 08:00:00,8,1,1,9,faible
17,2024-09-17 08:00:00,8,1,1,5,faible
18,2024-09-17 08:00:00,8,1,0,5,faible
19,2024-09-17 08:00:00,8,1,1,8,faible
20,2024-09-17 08:00:00,8,1,0,8,faible
21,2024-09-17 08:00:00,8,1,0,5,faible
22,2024-09-17 08:00:00,8,1,1,4,faible
23,2024-09-17 08:00:00,8,1,0,2,faible
24,2024-09-17 08:00:00,8,1,1,5,faible
25,2024-09-17 08:00:00,8,1,0,3,faible
26,2024-09-17 08:00:00,8,1,0,5,faible
27,2024-09-17 08:00:00,8,1,1,5,faible
28,2024-09-17 08:00:00,8,1,1,8,faible
29,2024-09-17 08:00:00,8,1,1,4,faible
30,2024-09-17 08:00:00,8,1,0,3,faible
31,2024-09-17 08:00:00,8,1,0,5,faible
32,2024-09-17 08:00:00,8,1,1,3,faible
33,2024-09-17 08:00:00,8,1,0,2,faible
34,2024-09-17 08:00:00,8,1,1,3,faible
35,2024-09-17 08:00:00,8,1,0,14,faible
36,2024-09-17 08:00:00,8,1,1,3,faible
37,2024-09-17 08:00:00,8,1,1,3,faible
38,2024-09-17 08:00:00,8,1,0,45,moyen
1,2024-09-17 09:00:00,9,1,1,9,moyen
2,2024-09-17 09:00:00,9,1,1,8,moyen
3,2024-09-17 09:00:00,9,1,1,7,moyen
4,2024-09-17 09:00:00,9,1,1,0,faible
5,2024-09-17 09:00:00,9,1,0,55,moyen
6,2024-09-17 09:00:00,9,1,0,115,moyen
7,2024-09-17 09:00:00,9,1,0,86,moyen
8,2024-09-17 09:00:00,9,1,1,15,eleve
9,2024-09-17 09:00:00,9,1,0,13,moyen
10,2024-09-17 09:00:00,9,1,0,12,moyen
11,2024-09-17 09:00:00,9,1,1,8,moyen
12,2024-09-17 09:00:00,9,1,1,8,moyen
13,2024-09-17 09:00:00,9,1,0,11,moyen
14,2024-09-17 09:00:00,9,1,1,23,moyen
15,2024-09-17 09:00:00,9,1,1,22,moyen
16,2024-09-17 09:00:00,9,1,1,20,moyen
17,2024-09-17 09:00:00,9,1,1,22,moyen
18,2024-09-17 09:00:00,9,1,1,18,moyen
19,2024-09-17 09:00:00,9,1,1,18,moyen
20,2024-09-17 09:00:00,9,1,1,16,moyen
21,2024-09-17 09:00:00,9,1,1,18,moyen
22,2024-09-17 09:00:00,9,1,1,16,moyen
23,2024-09-17 09:00:00,9,1,0,11,moyen
24,2024-09-17 09:00:00,9,1,1,18,moyen
25,2024-09-17 09:00:00,9,1,1,16,moyen
26,2024-09-17 09:00:00,9,1,0,15,moyen
27,2024-09-17 09:00:00,9,1,1,14,moyen
28,2024-09-17 09:00:00,9,1,1,15,moyen
29,2024-09-17 09:00:00,9,1,1,15,moyen
30,2024-09-17 09:00:00,9,1,1,13,moyen
31,2024-09-17 09:00:00,9,1,1,9,moyen
32,2024-09-17 09:00:00,9,1,1,11,moyen
33,2024-09-17 09:00:00,9,1,1,7,moyen
34,2024-09-17 09:00:00,9,1,1,9,moyen
35,2024-09-17 09:00:00,9,1,1,26,moyen
36,2024-09-17 09:00:00,9,1,1,8,moyen
37,2024-09-17 09:00:00,9,1,1,9,moyen
38,2024-09-17 09:00:00,9,1,0,54,moyen
1,2024-09-17 10:00:00,10,1,1,6,faible
2,2024-09-17 10:00:00,10,1,1,6,faible
3,2024-09-17 10:00:00,10,1,1,5,faible
4,2024-09-17 10:00:00,10,1,1,0,faible
5,2024-09-17 10:00:00,10,1,0,60,moyen
6,2024-09-17 10:00:00,10,1,0,86,moyen
7,2024-09-17 10:00:00,10,1,0,74,moyen
8,2024-09-17 10:00:00,10,1,1,11,moyen
9,2024-09-17 10:00:00,10,1,1,14,moyen
10,2024-09-17 10:00:00,10,1,0,10,moyen
11,2024-09-17 10:00:00,10,1,1,9,moyen
12,2024-09-17 10:00:00,10,1,1,8,moyen
13,2024-09-17 10:00:00,10,1,1,9,moyen
14,2024-09-17 10:00:00,10,1,1,23,moyen
15,2024-09-17 10:00:00,10,1,1,19,moyen
16,2024-09-17 10:00:00,10,1,1,18,moyen
17,2024-09-17 10:00:00,10,1,1,22,moyen
18,2024-09-17 10:00:00,10,1,0,15,moyen
19,2024-09-17 10:00:00,10,1,0,19,moyen
20,2024-09-17 10:00:00,10,1,0,15,moyen
21,2024-09-17 10:00:00,10,1,1,14,moyen
22,2024-09-17 10:00:00,10,1,1,13,moyen
23,2024-09-17 10:00:00,10,1,1,15,moyen
24,2024-09-17 10:00:00,10,1,1,19,moyen
25,2024-09-17 10:00:00,10,1,0,17,moyen
26,2024-09-17 10:00:00,10,1,0,17,moyen
27,2024-09-17 10:00:00,10,1,1,13,moyen
28,2024-09-17 10:00:00,10,1,1,19,moyen
29,2024-09-17 10:00:00,10,1,1,12,moyen
30,2024-09-17 10:00:00,10,1,1,11,moyen
31,2024-09-17 10:00:00,10,1,1,12,moyen
32,2024-09-17 10:00:00,10,1,0,11,moyen
33,2024-09-17 10:00:00,10,1,1,8,moyen
34,2024-09-17 10:00:00,10,1,1,7,moyen
35,2024-09-17 10:00:00,10,1,1,15,faible
36,2024-09-17 10:00:00,10,1,1,8,moyen
37,2024-09-17 10:00:00,10,1,1,8,moyen
38,2024-09-17 10:00:00,10,1,0,49,moyen
1,2024-09-17 11:00:00,11,1,1,10,moyen
2,2024-09-17 11:00:00,11,1,1,9,moyen
3,2024-09-17 11:00:00,11,1,1,7,moyen
4,2024-09-17 11:00:00,11,1,1,0,faible
5,2024-09-17 11:00:00,11,1,0,54,moyen
6,2024-09-17 11:00:00,11,1,0,89,moyen
7,2024-09-17 11:00:00,11,1,0,64,moyen
8,2024-09-17 11:00:00,11,1,0,10,moyen
9,2024-09-17 11:00:00,11,1,0,12,moyen
10,2024-09-17 11:00:00,11,1,1,10,moyen
11,2024-09-17 11:00:00,11,1,0,10,moyen
12,2024-09-17 11:00:00,11,1,0,8,moyen
13,2024-09-17 11:00:00,11,1,0,12,moyen
14,2024-09-17 11:00:00,11,1,1,20,moyen
15,2024-09-17 11:00:00,11,1,1,21,moyen
16,2024-09-17 11:00:00,11,1,1,18,moyen
17,2024-09-17 11:00:00,11,1,1,17,moyen
18,2024-09-17 11:00:00,11,1,0,19,moyen
19,2024-09-17 11:00:00,11,1,0,25,moyen
20,2024-09-17 11:00:00,11,1,1,15,moyen
21,2024-09-17 11:00:00,11,1,0,17,moyen
22,2024-09-17 11:00:00,11,1,1,17,moyen
23,2024-09-17 11:00:00,11,1,1,11,moyen
24,2024-09-17 11:00:00,11,1,1,16,moyen
25,2024-09-17 11:00:00,11,1,0,18,moyen
26,2024-09-17 11:00:00,11,1,1,15,moyen
27,2024-09-17 11:00:00,11,1,0,13,moyen
28,2024-09-17 11:00:00,11,1,1,16,moyen
29,2024-09-17 11:00:00,11,1,1,14,moyen
30,2024-09-17 11:00:00,11,1,1,11,moyen
31,2024-09-17 11:00:00,11,1,0,11,moyen
32,2024-09-17 11:00:00,11,1,0,12,moyen
33,2024-09-17 11:00:00,11,1,0,8,moyen
34,2024-09-17 11:00:00,11,1,1,7,moyen
35,2024-09-17 11:00:00,11,1,0,18,faible
36,2024-09-17 11:00:00,11,1,1,8,moyen
37,2024-09-17 11:00:00,11,1,1,8,moyen
38,2024-09-17 11:00:00,11,1,0,44,moyen
1,2024-09-17 12:00:00,12,1,1,6,faible
2,2024-09-17 12:00:00,12,1,1,8,moyen
3,2024-09-17 12:00:00,12,1,1,5,faible
4,2024-09-17 12:00:00,12,1,1,1,faible
5,2024-09-17 12:00:00,12,1,0,29,faible
6,2024-09-17 12:00:00,12,1,0,47,faible
7,2024-09-17 12:00:00,12,1,0,37,faible
8,2024-09-17 12:00:00,12,1,0,12,moyen
9,2024-09-17 12:00:00,12,1,1,12,moyen
10,2024-09-17 12:00:00,12,1,1,12,moyen
11,2024-09-17 12:00:00,12,1,0,8,moyen
12,2024-09-17 12:00:00,12,1,0,7,moyen
13,2024-09-17 12:00:00,12,1,1,12,moyen
14,2024-09-17 12:00:00,12,1,0,9,faible
15,2024-09-17 12:00:00,12,1,1,9,faible
16,2024-09-17 12:00:00,12,1,0,4,faible
17,2024-09-17 12:00:00,12,1,0,7,faible
18,2024-09-17 12:00:00,12,1,0,4,faible
19,2024-09-17 12:00:00,12,1,1,8,faible
20,2024-09-17 12:00:00,12,1,1,3,faible
21,2024-09-17 12:00:00,12,1,1,7,faible
22,2024-09-17 12:00:00,12,1,1,5,faible
23,2024-09-17 12:00:00,12,1,1,6,faible
24,2024-09-17 12:00:00,12,1,0,5,faible
25,2024-09-17 12:00:00,12,1,0,6,faible
26,2024-09-17 12:00:00,12,1,1,3,faible
27,2024-09-17 12:00:00,12,1,0,4,faible
28,2024-09-17 12:00:00,12,1,1,8,faible
29,2024-09-17 12:00:00,12,1,1,2,faible
30,2024-09-17 12:00:00,12,1,1,6,faible
31,2024-09-17 12:00:00,12,1,1,1,faible
32,2024-09-17 12:00:00,12,1,1,2,faible
33,2024-09-17 12:00:00,12,1,1,4,faible
34,2024-09-17 12:00:00,12,1,0,3,faible
35,2024-09-17 12:00:00,12,1,0,42,moyen
36,2024-09-17 12:00:00,12,1,0,8,moyen
37,2024-09-17 12:00:00,12,1,1,9,moyen
38,2024-09-17 12:00:00,12,1,0,26,faible
1,2024-09-17 13:00:00,13,1,1,7,faible
2,2024-09-17 13:00:00,13,1,1,8,moyen
3,2024-09-17 13:00:00,13,1,1,6,moyen
4,2024-09-17 13:00:00,13,1,1,0,faible
5,2024-09-17 13:00:00,13,1,0,28,faible
6,2024-09-17 13:00:00,13,1,0,33,faible
7,2024-09-17 13:00:00,13,1,0,32,faible
8,2024-09-17 13:00:00,13,1,1,3,faible
9,2024-09-17 13:00:00,13,1,1,3,faible
10,2024-09-17 13:00:00,13,1,1,4,faible
11,2024-09-17 13:00:00,13,1,0,3,faible
12,2024-09-17 13:00:00,13,1,1,2,faible
13,2024-09-17 13:00:00,13,1,1,4,faible
14,2024-09-17 13:00:00,13,1,1,5,faible
15,2024-09-17 13:00:00,13,1,1,3,faible
16,2024-09-17 13:00:00,13,1,1,6,faible
17,2024-09-17 13:00:00,13,1,1,10,faible
18,2024-09-17 13:00:00,13,1,0,3,faible
19,2024-09-17 13:00:00,13,1,1,5,faible
20,2024-09-17 13:00:00,13,1,1,3,faible
21,2024-09-17 13:00:00,13,1,1,2,faible
22,2024-09-17 13:00:00,13,1,1,6,faible
23,2024-09-17 13:00:00,13,1,1,6,faible
24,2024-09-17 13:00:00,13,1,0,8,faible
25,2024-09-17 13:00:00,13,1,1,6,faible
26,2024-09-17 13:00:00,13,1,0,3,faible
27,2024-09-17 13:00:00,13,1,0,4,faible
28,2024-09-17 13:00:00,13,1,1,6,faible
29,2024-09-17 13:00:00,13,1,1,3,faible
30,2024-09-17 13:00:00,13,1,0,2,faible
31,2024-09-17 13:00:00,13,1,1,2,faible
32,2024-09-17 13:00:00,13,1,0,3,faible
33,2024-09-17 13:00:00,13,1,1,1,faible
34,2024-09-17 13:00:00,13,1,0,1,faible
35,2024-09-17 13:00:00,13,1,1,43,moyen
36,2024-09-17 13:00:00,13,1,1,2,faible
37,2024-09-17 13:00:00,13,1,0,1,faible
38,2024-09-17 13:00:00,13,1,0,26,faible
1,2024-09-17 14:00:00,14,1,1,6,faible
2,2024-09-17 14:00:00,14,1,1,6,faible
3,2024-09-17 14:00:00,14,1,1,5,faible
4,2024-09-17 14:00:00,14,1,1,0,faible
5,2024-09-17 14:00:00,14,1,0,14,faible
6,2024-09-17 14:00:00,14,1,0,40,faible
7,2024-09-17 14:00:00,14,1,0,23,faible
8,2024-09-17 14:00:00,14,1,1,10,moyen
9,2024-09-17 14:00:00,14,1,0,13,moyen
10,2024-09-17 14:00:00,14,1,0,9,moyen
11,2024-09-17 14:00:00,14,1,1,9,moyen
12,2024-09-17 14:00:00,14,1,1,8,moyen
13,2024-09-17 14:00:00,14,1,0,9,moyen
14,2024-09-17 14:00:00,14,1,0,24,moyen
15,2024-09-17 14:00:00,14,1,1,26,moyen
16,2024-09-17 14:00:00,14,1,1,19,moyen
17,2024-09-17 14:00:00,14,1,1,21,moyen
18,2024-09-17 14:00:00,14,1,1,15,moyen
19,2024-09-17 14:00:00,14,1,1,25,moyen
20,2024-09-17 14:00:00,14,1,1,18,moyen
21,2024-09-17 14:00:00,14,1,1,17,moyen
22,2024-09-17 14:00:00,14,1,1,17,moyen
23,2024-09-17 14:00:00,14,1,1,12,moyen
24,2024-09-17 14:00:00,14,1,1,19,moyen
25,2024-09-17 14:00:00,14,1,1,21,moyen
26,2024-09-17 14:00:00,14,1,1,18,moyen
27,2024-09-17 14:00:00,14,1,1,16,moyen
28,2024-09-17 14:00:00,14,1,0,16,moyen
29,2024-09-17 14:00:00,14,1,1,11,moyen
30,2024-09-17 14:00:00,14,1,1,15,moyen
31,2024-09-17 14:00:00,14,1,1,11,moyen
32,2024-09-17 14:00:00,14,1,0,10,moyen
33,2024-09-17 14:00:00,14,1,1,7,moyen
34,2024-09-17 14:00:00,14,1,0,10,moyen
35,2024-09-17 14:00:00,14,1,1,14,faible
36,2024-09-17 14:00:00,14,1,1,7,moyen
37,2024-09-17 14:00:00,14,1,1,8,moyen
38,2024-09-17 14:00:00,14,1,0,16,faible
1,2024-09-17 15:00:00,15,1,1,9,moyen
2,2024-09-17 15:00:00,15,1,1,8,moyen
3,2024-09-17 15:00:00,15,1,1,7,moyen
4,2024-09-17 15:00:00,15,1,1,0,faible
5,2024-09-17 15:00:00,15,1,0,33,faible
6,2024-09-17 15:00:00,15,1,0,30,faible
7,2024-09-17 15:00:00,15,1,0,24,faible
8,2024-09-17 15:00:00,15,1,0,12,moyen
9,2024-09-17 15:00:00,15,1,1,13,moyen
10,2024-09-17 15:00:00,15,1,1,10,moyen
11,2024-09-17 15:00:00,15,1,1,8,moyen
12,2024-09-17 15:00:00,15,1,1,9,moyen
13,2024-09-17 15:00:00,15,1,1,10,moyen
14,2024-09-17 15:00:00,15,1,1,24,moyen
15,2024-09-17 15:00:00,15,1,0,21,moyen
16,2024-09-17 15:00:00,15,1,0,17,moyen
17,2024-09-17 15:00:00,15,1,1,17,moyen
18,2024-09-17 15:00:00,15,1,1,19,moyen
19,2024-09-17 15:00:00,15,1,1,24,moyen
20,2024-09-17 15:00:00,15,1,1,15,moyen
21,2024-09-17 15:00:00,15,1,1,18,moyen
22,2024-09-17 15:00:00,15,1,1,15,moyen
23,2024-09-17 15:00:00,15,1,1,14,moyen
24,2024-09-17 15:00:00,15,1,1,15,moyen
25,2024-09-17 15:00:00,15,1,1,15,moyen
26,2024-09-17 15:00:00,15,1,0,15,moyen
27,2024-09-17 15:00:00,15,1,1,14,moyen
28,2024-09-17 15:00:00,15,1,0,15,moyen
29,2024-09-17 15:00:00,15,1,1,15,moyen
30,2024-09-17 15:00:00,15,1,1,12,moyen
31,2024-09-17 15:00:00,15,1,0,13,moyen
32,2024-09-17 15:00:00,15,1,0,13,moyen
33,2024-09-17 15:00:00,15,1,0,8,moyen
34,2024-09-17 15:00:00,15,1,1,7,moyen
35,2024-09-17 15:00:00,15,1,1,25,moyen
36,2024-09-17 15:00:00,15,1,1,7,moyen
37,2024-09-17 15:00:00,15,1,1,8,moyen
38,2024-09-17 15:00:00,15,1,0,22,faible
1,2024-09-17 16:00:00,16,1,1,10,moyen
2,2024-09-17 16:00:00,16,1,1,9,moyen
3,2024-09-17 16:00:00,16,1,1,5,faible
4,2024-09-17 16:00:00,16,1,1,0,faible
5,2024-09-17 16:00:00,16,1,0,27,faible
6,2024-09-17 16:00:00,16,1,0,52,faible
7,2024-09-17 16:00:00,16,1,0,20,faible
8,2024-09-17 16:00:00,16,1,1,9,moyen
9,2024-09-17 16:00:00,16,1,0,12,moyen
10,2024-09-17 16:00:00,16,1,0,10,moyen
11,2024-09-17 16:00:00,16,1,1,8,moyen
12,2024-09-17 16:00:00,16,1,1,8,moyen
13,2024-09-17 16:00:00,16,1,1,9,moyen
14,2024-09-17 16:00:00,16,1,0,24,moyen
15,2024-09-17 16:00:00,16,1,0,26,moyen
16,2024-09-17 16:00:00,16,1,1,21,moyen
17,2024-09-17 16:00:00,16,1,1,19,moyen
18,2024-09-17 16:00:00,16,1,1,15,moyen
19,2024-09-17 16:00:00,16,1,1,20,moyen
20,2024-09-17 16:00:00,16,1,1,17,moyen
21,2024-09-17 16:00:00,16,1,1,15,moyen
22,2024-09-17 16:00:00,16,1,1,14,moyen
23,2024-09-17 16:00:00,16,1,1,15,moyen
24,2024-09-17 16:00:00,16,1,1,19,moyen
25,2024-09-17 16:00:00,16,1,1,19,moyen
26,2024-09-17 16:00:00,16,1,0,14,moyen
27,2024-09-17 16:00:00,16,1,1,13,moyen
28,2024-09-17 16:00:00,16,1,1,21,moyen
29,2024-09-17 16:00:00,16,1,1,12,moyen
30,2024-09-17 16:00:00,16,1,1,11,moyen
31,2024-09-17 16:00:00,16,1,0,10,moyen
32,2024-09-17 16:00:00,16,1,1,11,moyen
33,2024-09-17 16:00:00,16,1,0,9,moyen
34,2024-09-17 16:00:00,16,1,1,9,moyen
35,2024-09-17 16:00:00,16,1,0,15,faible
36,2024-09-17 16:00:00,16,1,1,8,moyen
37,2024-09-17 16:00:00,16,1,1,8,moyen
38,2024-09-17 16:00:00,16,1,0,14,faible
1,2024-09-17 17:00:00,17,1,1,11,moyen
2,2024-09-17 17:00:00,17,1,1,8,moyen
3,2024-09-17 17:00:00,17,1,1,6,moyen
4,2024-09-17 17:00:00,17,1,1,0,faible
5,2024-09-17 17:00:00,17,1,0,23,faible
6,2024-09-17 17:00:00,17,1,0,54,faible
7,2024-09-17 17:00:00,17,1,0,27,faible
8,2024-09-17 17:00:00,17,1,1,12,moyen
9,2024-09-17 17:00:00,17,1,1,15,moyen
10,2024-09-17 17:00:00,17,1,1,10,moyen
11,2024-09-17 17:00:00,17,1,1,10,moyen
12,2024-09-17 17:00:00,17,1,0,7,moyen
13,2024-09-17 17:00:00,17,1,1,12,moyen
14,2024-09-17 17:00:00,17,1,1,8,faible
15,2024-09-17 17:00:00,17,1,1,11,faible
16,2024-09-17 17:00:00,17,1,1,6,faible
17,2024-09-17 17:00:00,17,1,1,5,faible
18,2024-09-17 17:00:00,17,1,1,5,faible
19,2024-09-17 17:00:00,17,1,1,8,faible
20,2024-09-17 17:00:00,17,1,1,6,faible
21,2024-09-17 17:00:00,17,1,1,2,faible
22,2024-09-17 17:00:00,17,1,1,3,faible
23,2024-09-17 17:00:00,17,1,1,4,faible
24,2024-09-17 17:00:00,17,1,0,4,faible
25,2024-09-17 17:00:00,17,1,1,4,faible
26,2024-09-17 17:00:00,17,1,1,6,faible
27,2024-09-17 17:00:00,17,1,1,4,faible
28,2024-09-17 17:00:00,17,1,1,7,faible
29,2024-09-17 17:00:00,17,1,0,2,faible
30,2024-09-17 17:00:00,17,1,1,2,faible
31,2024-09-17 17:00:00,17,1,0,3,faible
32,2024-09-17 17:00:00,17,1,1,4,faible
33,2024-09-17 17:00:00,17,1,1,2,faible
34,2024-09-17 17:00:00,17,1,1,1,faible
35,2024-09-17 17:00:00,17,1,0,50,moyen
36,2024-09-17 17:00:00,17,1,1,7,moyen
37,2024-09-17 17:00:00,17,1,0,8,moyen
38,2024-09-17 17:00:00,17,1,0,23,faible
1,2024-09-17 18:00:00,18,1,0,1,faible
2,2024-09-17 18:00:00,18,1,0,0,faible
3,2024-09-17 18:00:00,18,1,0,1,faible
4,2024-09-17 18:00:00,18,1,0,0,faible
5,2024-09-17 18:00:00,18,1,0,23,faible
6,2024-09-17 18:00:00,18,1,0,24,faible
7,2024-09-17 18:00:00,18,1,0,34,faible
8,2024-09-17 18:00:00,18,1,0,2,faible
9,2024-09-17 18:00:00,18,1,1,4,faible
10,2024-09-17 18:00:00,18,1,1,3,faible
11,2024-09-17 18:00:00,18,1,1,3,faible
12,2024-09-17 18:00:00,18,1,0,2,faible
13,2024-09-17 18:00:00,18,1,1,3,faible
14,2024-09-17 18:00:00,18,1,1,11,faible
15,2024-09-17 18:00:00,18,1,0,10,faible
16,2024-09-17 18:00:00,18,1,1,9,faible
17,2024-09-17 18:00:00,18,1,0,10,faible
18,2024-09-17 18:00:00,18,1,1,3,faible
19,2024-09-17 18:00:00,18,1,1,5,faible
20,2024-09-17 18:00:00,18,1,1,4,faible
21,2024-09-17 18:00:00,18,1,1,3,faible
22,2024-09-17 18:00:00,18,1,1,3,faible
23,2024-09-17 18:00:00,18,1,1,3,faible
24,2024-09-17 18:00:00,18,1,0,6,faible
25,2024-09-17 18:00:00,18,1,1,8,faible
26,2024-09-17 18:00:00,18,1,1,3,faible
27,2024-09-17 18:00:00,18,1,1,7,faible
28,2024-09-17 18:00:00,18,1,0,9,faible
29,2024-09-17 18:00:00,18,1,1,2,faible
30,2024-09-17 18:00:00,18,1,1,2,faible
31,2024-09-17 18:00:00,18,1,1,5,faible
32,2024-09-17 18:00:00,18,1,0,5,faible
33,2024-09-17 18:00:00,18,1,0,1,faible
34,2024-09-17 18:00:00,18,1,0,4,faible
35,2024-09-17 18:00:00,18,1,1,53,moyen
36,2024-09-17 18:00:00,18,1,0,1,faible
37,2024-09-17 18:00:00,18,1,1,2,faible
38,2024-09-17 18:00:00,18,1,0,21,faible
1,2024-09-17 19:00:00,19,1,0,1,faible
2,2024-09-17 19:00:00,19,1,0,1,faible
3,2024-09-17 19:00:00,19,1,0,0,faible
4,2024-09-17 19:00:00,19,1,0,0,faible
5,2024-09-17 19:00:00,19,1,0,16,faible
6,2024-09-17 19:00:00,19,1,0,44,faible
7,2024-09-17 19:00:00,19,1,0,27,faible
8,2024-09-17 19:00:00,19,1,0,4,faible
9,2024-09-17 19:00:00,19,1,0,4,faible
10,2024-09-17 19:00:00,19,1,0,4,faible
11,2024-09-17 19:00:00,19,1,0,3,faible
12,2024-09-17 19:00:00,19,1,0,2,faible
13,2024-09-17 19:00:00,19,1,0,3,faible
14,2024-09-17 19:00:00,19,1,0,3,faible
15,2024-09-17 19:00:00,19,1,0,7,faible
16,2024-09-17 19:00:00,19,1,0,3,faible
17,2024-09-17 19:00:00,19,1,0,7,faible
18,2024-09-17 19:00:00,19,1,0,8,faible
19,2024-09-17 19:00:00,19,1,0,8,faible
20,2024-09-17 19:00:00,19,1,0,8,faible
21,2024-09-17 19:00:00,19,1,0,4,faible
22,2024-09-17 19:00:00,19,1,0,4,faible
23,2024-09-17 19:00:00,19,1,0,2,faible
24,2024-09-17 19:00:00,19,1,0,3,faible
25,2024-09-17 19:00:00,19,1,0,4,faible
26,2024-09-17 19:00:00,19,1,0,4,faible
27,2024-09-17 19:00:00,19,1,0,3,faible
28,2024-09-17 19:00:00,19,1,0,6,faible
29,2024-09-17 19:00:00,19,1,0,5,faible
30,2024-09-17 19:00:00,19,1,0,2,faible
31,2024-09-17 19:00:00,19,1,0,5,faible
32,2024-09-17 19:00:00,19,1,0,3,faible
33,2024-09-17 19:00:00,19,1,0,3,faible
34,2024-09-17 19:00:00,19,1,0,4,faible
35,2024-09-17 19:00:00,19,1,0,48,moyen
36,2024-09-17 19:00:00,19,1,0,1,faible
37,2024-09-17 19:00:00,19,1,0,1,faible
38,2024-09-17 19:00:00,19,1,0,19,faible
1,2024-09-17 20:00:00,20,1,0,2,faible
2,2024-09-17 20:00:00,20,1,0,2,faible
3,2024-09-17 20:00:00,20,1,0,0,faible
4,2024-09-17 20:00:00,20,1,0,1,faible
5,2024-09-17 20:00:00,20,1,0,16,faible
6,2024-09-17 20:00:00,20,1,0,24,faible
7,2024-09-17 20:00:00,20,1,0,34,faible
8,2024-09-17 20:00:00,20,1,0,1,faible
9,2024-09-17 20:00:00,20,1,0,4,faible
10,2024-09-17 20:00:00,20,1,0,4,faible
11,2024-09-17 20:00:00,20,1,0,1,faible
12,2024-09-17 20:00:00,20,1,0,3,faible
13,2024-09-17 20:00:00,20,1,0,3,faible
14,2024-09-17 20:00:00,20,1,0,10,faible
15,2024-09-17 20:00:00,20,1,0,8,faible
16,2024-09-17 20:00:00,20,1,0,10,faible
17,2024-09-17 20:00:00,20,1,0,4,faible
18,2024-09-17 20:00:00,20,1,0,5,faible
19,2024-09-17 20:00:00,20,1,0,4,faible
20,2024-09-17 20:00:00,20,1,0,4,faible
21,2024-09-17 20:00:00,20,1,0,4,faible
22,2024-09-17 20:00:00,20,1,0,3,faible
23,2024-09-17 20:00:00,20,1,0,4,faible
24,2024-09-17 20:00:00,20,1,0,5,faible
25,2024-09-17 20:00:00,20,1,0,8,faible
26,2024-09-17 20:00:00,20,1,0,7,faible
27,2024-09-17 20:00:00,20,1,0,2,faible
28,2024-09-17 20:00:00,20,1,0,7,faible
29,2024-09-17 20:00:00,20,1,0,4,faible
30,2024-09-17 20:00:00,20,1,0,5,faible
31,2024-09-17 20:00:00,20,1,0,4,faible
32,2024-09-17 20:00:00,20,1,0,3,faible
33,2024-09-17 20:00:00,20,1,0,2,faible
34,2024-09-17 20:00:00,20,1,0,4,faible
35,2024-09-17 20:00:00,20,1,0,48,moyen
36,2024-09-17 20:00:00,20,1,0,1,faible
37,2024-09-17 20:00:00,20,1,0,2,faible
38,2024-09-17 20:00:00,20,1,0,22,faible
1,2024-09-17 21:00:00,21,1,0,0,faible
2,2024-09-17 21:00:00,21,1,0,2,faible
3,2024-09-17 21:00:00,21,1,0,0,faible
4,2024-09-17 21:00:00,21,1,0,1,faible
5,2024-09-17 21:00:00,21,1,0,32,faible
6,2024-09-17 21:00:00,21,1,0,29,faible
7,2024-09-17 21:00:00,21,1,0,37,faible
8,2024-09-17 21:00:00,21,1,0,2,faible
9,2024-09-17 21:00:00,21,1,0,1,faible
10,2024-09-17 21:00:00,21,1,0,4,faible
11,2024-09-17 21:00:00,21,1,0,2,faible
12,2024-09-17 21:00:00,21,1,0,2,faible
13,2024-09-17 21:00:00,21,1,0,3,faible
14,2024-09-17 21:00:00,21,1,0,10,faible
15,2024-09-17 21:00:00,21,1,0,5,faible
16,2024-09-17 21:00:00,21,1,0,7,faible
17,2024-09-17 21:00:00,21,1,0,3,faible
18,2024-09-17 21:00:00,21,1,0,7,faible
19,2024-09-17 21:00:00,21,1,0,8,faible
20,2024-09-17 21:00:00,21,1,0,5,faible
21,2024-09-17 21:00:00,21,1,0,4,faible
22,2024-09-17 21:00:00,21,1,0,6,faible
23,2024-09-17 21:00:00,21,1,0,3,faible
24,2024-09-17 21:00:00,21,1,0,8,faible
25,2024-09-17 21:00:00,21,1,0,8,faible
26,2024-09-17 21:00:00,21,1,0,4,faible
27,2024-09-17 21:00:00,21,1,0,6,faible
28,2024-09-17 21:00:00,21,1,0,8,faible
29,2024-09-17 21:00:00,21,1,0,2,faible
30,2024-09-17 21:00:00,21,1,0,3,faible
31,2024-09-17 21:00:00,21,1,0,4,faible
32,2024-09-17 21:00:00,21,1,0,5,faible
33,2024-09-17 21:00:00,21,1,0,4,faible
34,2024-09-17 21:00:00,21,1,0,4,faible
35,2024-09-17 21:00:00,21,1,0,46,moyen
36,2024-09-17 21:00:00,21,1,0,1,faible
37,2024-09-17 21:00:00,21,1,0,3,faible
38,2024-09-17 21:00:00,21,1,0,15,faible
1,2024-09-18 07:00:00,7,2,0,0,faible
2,2024-09-18 07:00:00,7,2,0,3,faible
3,2024-09-18 07:00:00,7,2,0,2,faible
4,2024-09-18 07:00:00,7,2,0,0,faible
5,2024-09-18 07:00:00,7,2,0,29,faible
6,2024-09-18 07:00:00,7,2,0,52,faible
7,2024-09-18 07:00:00,7,2,0,21,faible
8,2024-09-18 07:00:00,7,2,0,4,faible
9,2024-09-18 07:00:00,7,2,0,4,faible
10,2024-09-18 07:00:00,7,2,0,3,faible
11,2024-09-18 07:00:00,7,2,0,3,faible
12,2024-09-18 07:00:00,7,2,0,3,faible
13,2024-09-18 07:00:00,7,2,0,3,faible
14,2024-09-18 07:00:00,7,2,0,5,faible
15,2024-09-18 07:00:00,7,2,0,10,faible
16,2024-09-18 07:00:00,7,2,0,6,faible
17,2024-09-18 07:00:00,7,2,0,4,faible
18,2024-09-18 07:00:00,7,2,0,2,faible
19,2024-09-18 07:00:00,7,2,0,10,faible
20,2024-09-18 07:00:00,7,2,0,7,faible
21,2024-09-18 07:00:00,7,2,0,5,faible
22,2024-09-18 07:00:00,7,2,0,6,faible
23,2024-09-18 07:00:00,7,2,0,6,faible
24,2024-09-18 07:00:00,7,2,0,4,faible
25,2024-09-18 07:00:00,7,2,0,4,faible
26,2024-09-18 07:00:00,7,2,0,3,faible
27,2024-09-18 07:00:00,7,2,0,4,faible
28,2024-09-18 07:00:00,7,2,0,3,faible
29,2024-09-18 07:00:00,7,2,0,4,faible
30,2024-09-18 07:00:00,7,2,0,3,faible
31,2024-09-18 07:00:00,7,2,0,4,faible
32,2024-09-18 07:00:00,7,2,0,3,faible
33,2024-09-18 07:00:00,7,2,0,2,faible
34,2024-09-18 07:00:00,7,2,0,2,faible
35,2024-09-18 07:00:00,7,2,0,22,faible
36,2024-09-18 07:00:00,7,2,0,1,faible
37,2024-09-18 07:00:00,7,2,0,2,faible
38,2024-09-18 07:00:00,7,2,0,26,faible
1,2024-09-18 08:00:00,8,2,1,10,moyen
2,2024-09-18 08:00:00,8,2,1,6,faible
3,2024-09-18 08:00:00,8,2,1,6,moyen
4,2024-09-18 08:00:00,8,2,1,0,faible
5,2024-09-18 08:00:00,8,2,1,56,moyen
6,2024-09-18 08:00:00,8,2,1,110,moyen
7,2024-09-18 08:00:00,8,2,1,84,moyen
8,2024-09-18 08:00:00,8,2,1,2,faible
9,2024-09-18 08:00:00,8,2,1,2,faible
10,2024-09-18 08:00:00,8,2,1,2,faible
11,2024-09-18 08:00:00,8,2,1,2,faible
12,2024-09-18 08:00:00,8,2,1,3,faible
13,2024-09-18 08:00:00,8,2,1,2,faible
14,2024-09-18 08:00:00,8,2,1,9,faible
15,2024-09-18 08:00:00,8,2,1,4,faible
16,2024-09-18 08:00:00,8,2,1,3,faible
17,2024-09-18 08:00:00,8,2,1,6,faible
18,2024-09-18 08:00:00,8,2,1,3,faible
19,2024-09-18 08:00:00,8,2,1,9,faible
20,2024-09-18 08:00:00,8,2,1,3,faible
21,2024-09-18 08:00:00,8,2,1,3,faible
22,2024-09-18 08:00:00,8,2,1,6,faible
23,2024-09-18 08:00:00,8,2,1,5,faible
24,2024-09-18 08:00:00,8,2,1,4,faible
25,2024-09-18 08:00:00,8,2,1,3,faible
26,2024-09-18 08:00:00,8,2,1,4,faible
27,2024-09-18 08:00:00,8,2,1,7,faible
28,2024-09-18 08:00:00,8,2,1,5,faible
29,2024-09-18 08:00:00,8,2,1,2,faible
30,2024-09-18 08:00:00,8,2,0,4,faible
31,2024-09-18 08:00:00,8,2,1,2,faible
32,2024-09-18 08:00:00,8,2,1,3,faible
33,2024-09-18 08:00:00,8,2,1,3,faible
34,2024-09-18 08:00:00,8,2,1,2,faible
35,2024-09-18 08:00:00,8,2,1,23,faible
36,2024-09-18 08:00:00,8,2,0,2,faible
37,2024-09-18 08:00:00,8,2,1,2,faible
38,2024-09-18 08:00:00,8,2,1,45,moyen
1,2024-09-18 09:00:00,9,2,1,6,faible
2,2024-09-18 09:00:00,9,2,1,6,faible
3,2024-09-18 09:00:00,9,2,1,5,faible
4,2024-09-18 09:00:00,9,2,1,1,faible
5,2024-09-18 09:00:00,9,2,1,66,moyen
6,2024-09-18 09:00:00,9,2,1,100,moyen
7,2024-09-18 09:00:00,9,2,1,70,moyen
8,2024-09-18 09:00:00,9,2,0,16,eleve
9,2024-09-18 09:00:00,9,2,1,11,moyen
10,2024-09-18 09:00:00,9,2,1,10,moyen
11,2024-09-18 09:00:00,9,2,1,9,moyen
12,2024-09-18 09:00:00,9,2,1,9,moyen
13,2024-09-18 09:00:00,9,2,1,9,moyen
14,2024-09-18 09:00:00,9,2,0,20,moyen
15,2024-09-18 09:00:00,9,2,0,21,moyen
16,2024-09-18 09:00:00,9,2,1,16,moyen
17,2024-09-18 09:00:00,9,2,0,19,moyen
18,2024-09-18 09:00:00,9,2,0,17,moyen
19,2024-09-18 09:00:00,9,2,0,25,moyen
20,2024-09-18 09:00:00,9,2,1,16,moyen
21,2024-09-18 09:00:00,9,2,1,18,moyen
22,2024-09-18 09:00:00,9,2,0,15,moyen
23,2024-09-18 09:00:00,9,2,0,13,moyen
24,2024-09-18 09:00:00,9,2,1,18,moyen
25,2024-09-18 09:00:00,9,2,1,20,moyen
26,2024-09-18 09:00:00,9,2,1,15,moyen
27,2024-09-18 09:00:00,9,2,0,13,moyen
28,2024-09-18 09:00:00,9,2,1,20,moyen
29,2024-09-18 09:00:00,9,2,1,12,moyen
30,2024-09-18 09:00:00,9,2,1,11,moyen
31,2024-09-18 09:00:00,9,2,1,12,moyen
32,2024-09-18 09:00:00,9,2,1,10,moyen
33,2024-09-18 09:00:00,9,2,1,7,moyen
34,2024-09-18 09:00:00,9,2,1,10,moyen
35,2024-09-18 09:00:00,9,2,1,19,faible
36,2024-09-18 09:00:00,9,2,1,8,moyen
37,2024-09-18 09:00:00,9,2,1,7,moyen
38,2024-09-18 09:00:00,9,2,1,48,moyen
1,2024-09-18 10:00:00,10,2,1,7,faible
2,2024-09-18 10:00:00,10,2,1,5,faible
3,2024-09-18 10:00:00,10,2,1,5,faible
4,2024-09-18 10:00:00,10,2,1,0,faible
5,2024-09-18 10:00:00,10,2,1,56,moyen
6,2024-09-18 10:00:00,10,2,1,98,moyen
7,2024-09-18 10:00:00,10,2,1,80,moyen
8,2024-09-18 10:00:00,10,2,1,11,moyen
9,2024-09-18 10:00:00,10,2,1,13,moyen
10,2024-09-18 10:00:00,10,2,1,10,moyen
11,2024-09-18 10:00:00,10,2,1,8,moyen
12,2024-09-18 10:00:00,10,2,1,7,moyen
13,2024-09-18 10:00:00,10,2,0,11,moyen
14,2024-09-18 10:00:00,10,2,0,19,moyen
15,2024-09-18 10:00:00,10,2,1,21,moyen
16,2024-09-18 10:00:00,10,2,0,19,moyen
17,2024-09-18 10:00:00,10,2,0,17,moyen
18,2024-09-18 10:00:00,10,2,0,20,moyen
19,2024-09-18 10:00:00,10,2,1,19,moyen
20,2024-09-18 10:00:00,10,2,1,20,moyen
21,2024-09-18 10:00:00,10,2,1,16,moyen
22,2024-09-18 10:00:00,10,2,1,16,moyen
23,2024-09-18 10:00:00,10,2,0,11,moyen
24,2024-09-18 10:00:00,10,2,0,19,moyen
25,2024-09-18 10:00:00,10,2,1,20,moyen
26,2024-09-18 10:00:00,10,2,1,14,moyen
27,2024-09-18 10:00:00,10,2,1,15,moyen
28,2024-09-18 10:00:00,10,2,0,15,moyen
29,2024-09-18 10:00:00,10,2,1,11,moyen
30,2024-09-18 10:00:00,10,2,0,13,moyen
31,2024-09-18 10:00:00,10,2,0,12,moyen
32,2024-09-18 10:00:00,10,2,0,9,moyen
33,2024-09-18 10:00:00,10,2,1,8,moyen
34,2024-09-18 10:00:00,10,2,1,9,moyen
35,2024-09-18 10:00:00,10,2,1,14,faible
36,2024-09-18 10:00:00,10,2,1,7,moyen
37,2024-09-18 10:00:00,10,2,1,7,moyen
38,2024-09-18 10:00:00,10,2,1,42,moyen
1,2024-09-18 11:00:00,11,2,1,9,moyen
2,2024-09-18 11:00:00,11,2,1,8,moyen
3,2024-09-18 11:00:00,11,2,1,5,faible
4,2024-09-18 11:00:00,11,2,1,1,faible
5,2024-09-18 11:00:00,11,2,1,64,moyen
6,2024-09-18 11:00:00,11,2,1,113,moyen
7,2024-09-18 11:00:00,11,2,1,82,moyen
8,2024-09-18 11:00:00,11,2,1,9,moyen
9,2024-09-18 11:00:00,11,2,1,13,moyen
10,2024-09-18 11:00:00,11,2,1,12,moyen
11,2024-09-18 11:00:00,11,2,0,11,moyen
12,2024-09-18 11:00:00,11,2,0,7,moyen
13,2024-09-18 11:00:00,11,2,0,12,moyen
14,2024-09-18 11:00:00,11,2,1,25,moyen
15,2024-09-18 11:00:00,11,2,0,20,moyen
16,2024-09-18 11:00:00,11,2,0,22,moyen
17,2024-09-18 11:00:00,11,2,1,18,moyen
18,2024-09-18 11:00:00,11,2,1,21,moyen
19,2024-09-18 11:00:00,11,2,0,18,moyen
20,2024-09-18 11:00:00,11,2,1,18,moyen
21,2024-09-18 11:00:00,11,2,1,17,moyen
22,2024-09-18 11:00:00,11,2,1,13,moyen
23,2024-09-18 11:00:00,11,2,1,14,moyen
24,2024-09-18 11:00:00,11,2,1,21,moyen
25,2024-09-18 11:00:00,11,2,0,19,moyen
26,2024-09-18 11:00:00,11,2,0,16,moyen
27,2024-09-18 11:00:00,11,2,1,16,moyen
28,2024-09-18 11:00:00,11,2,1,17,moyen
29,2024-09-18 11:00:00,11,2,1,11,moyen
30,2024-09-18 11:00:00,11,2,1,11,moyen
31,2024-09-18 11:00:00,11,2,0,10,moyen
32,2024-09-18 11:00:00,11,2,1,13,moyen
33,2024-09-18 11:00:00,11,2,0,8,moyen
34,2024-09-18 11:00:00,11,2,1,8,moyen
35,2024-09-18 11:00:00,11,2,1,18,faible
36,2024-09-18 11:00:00,11,2,1,7,moyen
37,2024-09-18 11:00:00,11,2,1,8,moyen
38,2024-09-18 11:00:00,11,2,1,57,moyen
1,2024-09-18 12:00:00,12,2,1,9,moyen
2,2024-09-18 12:00:00,12,2,1,6,faible
3,2024-09-18 12:00:00,12,2,1,6,moyen
4,2024-09-18 12:00:00,12,2,1,0,faible
5,2024-09-18 12:00:00,12,2,1,14,faible
6,2024-09-18 12:00:00,12,2,1,47,faible
7,2024-09-18 12:00:00,12,2,1,30,faible
8,2024-09-18 12:00:00,12,2,1,11,moyen
9,2024-09-18 12:00:00,12,2,1,11,moyen
10,2024-09-18 12:00:00,12,2,1,12,moyen
11,2024-09-18 12:00:00,12,2,0,10,moyen
12,2024-09-18 12:00:00,12,2,0,7,moyen
13,2024-09-18 12:00:00,12,2,0,11,moyen
14,2024-09-18 12:00:00,12,2,1,11,faible
15,2024-09-18 12:00:00,12,2,0,8,faible
16,2024-09-18 12:00:00,12,2,1,8,faible
17,2024-09-18 12:00:00,12,2,1,8,faible
18,2024-09-18 12:00:00,12,2,0,8,faible
19,2024-09-18 12:00:00,12,2,0,3,faible
20,2024-09-18 12:00:00,12,2,0,6,faible
21,2024-09-18 12:00:00,12,2,1,3,faible
22,2024-09-18 12:00:00,12,2,0,4,faible
23,2024-09-18 12:00:00,12,2,0,3,faible
24,2024-09-18 12:00:00,12,2,1,3,faible
25,2024-09-18 12:00:00,12,2,1,3,faible
26,2024-09-18 12:00:00,12,2,1,7,faible
27,2024-09-18 12:00:00,12,2,1,4,faible
28,2024-09-18 12:00:00,12,2,1,3,faible
29,2024-09-18 12:00:00,12,2,1,3,faible
30,2024-09-18 12:00:00,12,2,1,3,faible
31,2024-09-18 12:00:00,12,2,0,5,faible
32,2024-09-18 12:00:00,12,2,1,3,faible
33,2024-09-18 12:00:00,12,2,1,3,faible
34,2024-09-18 12:00:00,12,2,0,3,faible
35,2024-09-18 12:00:00,12,2,1,44,moyen
36,2024-09-18 12:00:00,12,2,0,7,moyen
37,2024-09-18 12:00:00,12,2,1,9,moyen
38,2024-09-18 12:00:00,12,2,1,14,faible
1,2024-09-18 13:00:00,13,2,1,8,faible
2,2024-09-18 13:00:00,13,2,1,5,faible
3,2024-09-18 13:00:00,13,2,1,6,moyen
4,2024-09-18 13:00:00,13,2,1,0,faible
5,2024-09-18 13:00:00,13,2,0,28,faible
6,2024-09-18 13:00:00,13,2,0,41,faible
7,2024-09-18 13:00:00,13,2,0,33,faible
8,2024-09-18 13:00:00,13,2,1,1,faible
9,2024-09-18 13:00:00,13,2,1,4,faible
10,2024-09-18 13:00:00,13,2,1,1,faible
11,2024-09-18 13:00:00,13,2,1,1,faible
12,2024-09-18 13:00:00,13,2,1,2,faible
13,2024-09-18 13:00:00,13,2,1,4,faible
14,2024-09-18 13:00:00,13,2,1,8,faible
15,2024-09-18 13:00:00,13,2,0,4,faible
16,2024-09-18 13:00:00,13,2,0,6,faible
17,2024-09-18 13:00:00,13,2,1,6,faible
18,2024-09-18 13:00:00,13,2,0,5,faible
19,2024-09-18 13:00:00,13,2,1,10,faible
20,2024-09-18 13:00:00,13,2,1,6,faible
21,2024-09-18 13:00:00,13,2,1,6,faible
22,2024-09-18 13:00:00,13,2,1,7,faible
23,2024-09-18 13:00:00,13,2,0,6,faible
24,2024-09-18 13:00:00,13,2,1,3,faible
25,2024-09-18 13:00:00,13,2,0,3,faible
26,2024-09-18 13:00:00,13,2,0,5,faible
27,2024-09-18 13:00:00,13,2,1,4,faible
28,2024-09-18 13:00:00,13,2,0,8,faible
29,2024-09-18 13:00:00,13,2,1,3,faible
30,2024-09-18 13:00:00,13,2,1,4,faible
31,2024-09-18 13:00:00,13,2,0,2,faible
32,2024-09-18 13:00:00,13,2,1,5,faible
33,2024-09-18 13:00:00,13,2,1,4,faible
34,2024-09-18 13:00:00,13,2,1,2,faible
35,2024-09-18 13:00:00,13,2,1,41,moyen
36,2024-09-18 13:00:00,13,2,1,1,faible
37,2024-09-18 13:00:00,13,2,0,2,faible
38,2024-09-18 13:00:00,13,2,0,25,faible
1,2024-09-18 14:00:00,14,2,1,7,faible
2,2024-09-18 14:00:00,14,2,1,6,faible
3,2024-09-18 14:00:00,14,2,1,6,moyen
4,2024-09-18 14:00:00,14,2,1,0,faible
5,2024-09-18 14:00:00,14,2,0,27,faible
6,2024-09-18 14:00:00,14,2,0,51,faible
7,2024-09-18 14:00:00,14,2,0,26,faible
8,2024-09-18 14:00:00,14,2,0,10,moyen
9,2024-09-18 14:00:00,14,2,0,14,moyen
10,2024-09-18 14:00:00,14,2,0,11,moyen
11,2024-09-18 14:00:00,14,2,1,9,moyen
12,2024-09-18 14:00:00,14,2,1,8,moyen
13,2024-09-18 14:00:00,14,2,1,12,moyen
14,2024-09-18 14:00:00,14,2,1,19,moyen
15,2024-09-18 14:00:00,14,2,1,26,moyen
16,2024-09-18 14:00:00,14,2,1,21,moyen
17,2024-09-18 14:00:00,14,2,0,17,moyen
18,2024-09-18 14:00:00,14,2,1,18,moyen
19,2024-09-18 14:00:00,14,2,1,20,moyen
20,2024-09-18 14:00:00,14,2,1,16,moyen
21,2024-09-18 14:00:00,14,2,1,17,moyen
22,2024-09-18 14:00:00,14,2,1,17,moyen
23,2024-09-18 14:00:00,14,2,1,12,moyen
24,2024-09-18 14:00:00,14,2,1,17,moyen
25,2024-09-18 14:00:00,14,2,1,18,moyen
26,2024-09-18 14:00:00,14,2,0,14,moyen
27,2024-09-18 14:00:00,14,2,0,14,moyen
28,2024-09-18 14:00:00,14,2,1,18,moyen
29,2024-09-18 14:00:00,14,2,1,12,moyen
30,2024-09-18 14:00:00,14,2,0,14,moyen
31,2024-09-18 14:00:00,14,2,1,10,moyen
32,2024-09-18 14:00:00,14,2,1,11,moyen
33,2024-09-18 14:00:00,14,2,1,8,moyen
34,2024-09-18 14:00:00,14,2,1,8,moyen
35,2024-09-18 14:00:00,14,2,1,23,faible
36,2024-09-18 14:00:00,14,2,1,8,moyen
37,2024-09-18 14:00:00,14,2,1,8,moyen
38,2024-09-18 14:00:00,14,2,0,17,faible
1,2024-09-18 15:00:00,15,2,1,8,faible
2,2024-09-18 15:00:00,15,2,1,8,moyen
3,2024-09-18 15:00:00,15,2,1,4,faible
4,2024-09-18 15:00:00,15,2,1,0,faible
5,2024-09-18 15:00:00,15,2,0,14,faible
6,2024-09-18 15:00:00,15,2,0,40,faible
7,2024-09-18 15:00:00,15,2,0,27,faible
8,2024-09-18 15:00:00,15,2,1,9,moyen
9,2024-09-18 15:00:00,15,2,1,12,moyen
10,2024-09-18 15:00:00,15,2,1,10,moyen
11,2024-09-18 15:00:00,15,2,1,10,moyen
12,2024-09-18 15:00:00,15,2,1,7,moyen
13,2024-09-18 15:00:00,15,2,0,9,moyen
14,2024-09-18 15:00:00,15,2,1,19,moyen
15,2024-09-18 15:00:00,15,2,1,24,moyen
16,2024-09-18 15:00:00,15,2,1,19,moyen
17,2024-09-18 15:00:00,15,2,1,23,moyen
18,2024-09-18 15:00:00,15,2,1,19,moyen
19,2024-09-18 15:00:00,15,2,1,22,moyen
20,2024-09-18 15:00:00,15,2,1,16,moyen
21,2024-09-18 15:00:00,15,2,1,17,moyen
22,2024-09-18 15:00:00,15,2,1,13,moyen
23,2024-09-18 15:00:00,15,2,0,14,moyen
24,2024-09-18 15:00:00,15,2,0,16,moyen
25,2024-09-18 15:00:00,15,2,1,18,moyen
26,2024-09-18 15:00:00,15,2,1,17,moyen
27,2024-09-18 15:00:00,15,2,1,16,moyen
28,2024-09-18 15:00:00,15,2,1,20,moyen
29,2024-09-18 15:00:00,15,2,1,11,moyen
30,2024-09-18 15:00:00,15,2,1,12,moyen
31,2024-09-18 15:00:00,15,2,1,10,moyen
32,2024-09-18 15:00:00,15,2,1,13,moyen
33,2024-09-18 15:00:00,15,2,0,8,moyen
34,2024-09-18 15:00:00,15,2,1,10,moyen
35,2024-09-18 15:00:00,15,2,0,13,faible
36,2024-09-18 15:00:00,15,2,1,7,moyen
37,2024-09-18 15:00:00,15,2,0,7,moyen
38,2024-09-18 15:00:00,15,2,0,17,faible
1,2024-09-18 16:00:00,16,2,1,7,faible
2,2024-09-18 16:00:00,16,2,1,7,faible
3,2024-09-18 16:00:00,16,2,1,4,faible
4,2024-09-18 16:00:00,16,2,1,0,faible
5,2024-09-18 16:00:00,16,2,0,23,faible
6,2024-09-18 16:00:00,16,2,0,26,faible
7,2024-09-18 16:00:00,16,2,0,32,faible
8,2024-09-18 16:00:00,16,2,0,10,moyen
9,2024-09-18 16:00:00,16,2,1,11,moyen
10,2024-09-18 16:00:00,16,2,0,12,moyen
11,2024-09-18 16:00:00,16,2,0,9,moyen
12,2024-09-18 16:00:00,16,2,1,8,moyen
13,2024-09-18 16:00:00,16,2,1,12,moyen
14,2024-09-18 16:00:00,16,2,0,25,moyen
15,2024-09-18 16:00:00,16,2,1,26,moyen
16,2024-09-18 16:00:00,16,2,0,19,moyen
17,2024-09-18 16:00:00,16,2,1,20,moyen
18,2024-09-18 16:00:00,16,2,1,14,moyen
19,2024-09-18 16:00:00,16,2,0,20,moyen
20,2024-09-18 16:00:00,16,2,0,16,moyen
21,2024-09-18 16:00:00,16,2,1,17,moyen
22,2024-09-18 16:00:00,16,2,1,17,moyen
23,2024-09-18 16:00:00,16,2,1,12,moyen
24,2024-09-18 16:00:00,16,2,1,16,moyen
25,2024-09-18 16:00:00,16,2,1,14,moyen
26,2024-09-18 16:00:00,16,2,0,16,moyen
27,2024-09-18 16:00:00,16,2,1,13,moyen
28,2024-09-18 16:00:00,16,2,0,15,moyen
29,2024-09-18 16:00:00,16,2,1,11,moyen
30,2024-09-18 16:00:00,16,2,0,15,moyen
31,2024-09-18 16:00:00,16,2,0,12,moyen
32,2024-09-18 16:00:00,16,2,1,9,moyen
33,2024-09-18 16:00:00,16,2,1,10,moyen
34,2024-09-18 16:00:00,16,2,1,8,moyen
35,2024-09-18 16:00:00,16,2,0,25,moyen
36,2024-09-18 16:00:00,16,2,0,9,moyen
37,2024-09-18 16:00:00,16,2,0,7,moyen
38,2024-09-18 16:00:00,16,2,0,21,faible
1,2024-09-18 17:00:00,17,2,1,6,faible
2,2024-09-18 17:00:00,17,2,1,6,faible
3,2024-09-18 17:00:00,17,2,1,5,faible
4,2024-09-18 17:00:00,17,2,1,0,faible
5,2024-09-18 17:00:00,17,2,0,20,faible
6,2024-09-18 17:00:00,17,2,0,34,faible
7,2024-09-18 17:00:00,17,2,0,30,faible
8,2024-09-18 17:00:00,17,2,1,10,moyen
9,2024-09-18 17:00:00,17,2,1,15,moyen
10,2024-09-18 17:00:00,17,2,0,11,moyen
11,2024-09-18 17:00:00,17,2,0,9,moyen
12,2024-09-18 17:00:00,17,2,0,9,moyen
13,2024-09-18 17:00:00,17,2,1,10,moyen
14,2024-09-18 17:00:00,17,2,0,9,faible
15,2024-09-18 17:00:00,17,2,0,7,faible
16,2024-09-18 17:00:00,17,2,1,5,faible
17,2024-09-18 17:00:00,17,2,1,8,faible
18,2024-09-18 17:00:00,17,2,0,5,faible
19,2024-09-18 17:00:00,17,2,1,8,faible
20,2024-09-18 17:00:00,17,2,1,3,faible
21,2024-09-18 17:00:00,17,2,1,6,faible
22,2024-09-18 17:00:00,17,2,1,3,faible
23,2024-09-18 17:00:00,17,2,1,2,faible
24,2024-09-18 17:00:00,17,2,1,3,faible
25,2024-09-18 17:00:00,17,2,1,3,faible
26,2024-09-18 17:00:00,17,2,0,6,faible
27,2024-09-18 17:00:00,17,2,1,6,faible
28,2024-09-18 17:00:00,17,2,1,2,faible
29,2024-09-18 17:00:00,17,2,1,4,faible
30,2024-09-18 17:00:00,17,2,1,6,faible
31,2024-09-18 17:00:00,17,2,0,5,faible
32,2024-09-18 17:00:00,17,2,0,3,faible
33,2024-09-18 17:00:00,17,2,1,2,faible
34,2024-09-18 17:00:00,17,2,1,1,faible
35,2024-09-18 17:00:00,17,2,0,49,moyen
36,2024-09-18 17:00:00,17,2,0,8,moyen
37,2024-09-18 17:00:00,17,2,1,8,moyen
38,2024-09-18 17:00:00,17,2,0,25,faible
1,2024-09-18 18:00:00,18,2,0,2,faible
2,2024-09-18 18:00:00,18,2,0,2,faible
3,2024-09-18 18:00:00,18,2,0,0,faible
4,2024-09-18 18:00:00,18,2,0,0,faible
5,2024-09-18 18:00:00,18,2,0,32,faible
6,2024-09-18 18:00:00,18,2,0,40,faible
7,2024-09-18 18:00:00,18,2,0,24,faible
8,2024-09-18 18:00:00,18,2,1,2,faible
9,2024-09-18 18:00:00,18,2,1,3,faible
10,2024-09-18 18:00:00,18,2,1,2,faible
11,2024-09-18 18:00:00,18,2,1,3,faible
12,2024-09-18 18:00:00,18,2,1,1,faible
13,2024-09-18 18:00:00,18,2,1,2,faible
14,2024-09-18 18:00:00,18,2,0,6,faible
15,2024-09-18 18:00:00,18,2,1,7,faible
16,2024-09-18 18:00:00,18,2,0,10,faible
17,2024-09-18 18:00:00,18,2,1,7,faible
18,2024-09-18 18:00:00,18,2,1,3,faible
19,2024-09-18 18:00:00,18,2,1,7,faible
20,2024-09-18 18:00:00,18,2,0,3,faible
21,2024-09-18 18:00:00,18,2,1,4,faible
22,2024-09-18 18:00:00,18,2,1,3,faible
23,2024-09-18 18:00:00,18,2,1,2,faible
24,2024-09-18 18:00:00,18,2,1,4,faible
25,2024-09-18 18:00:00,18,2,1,6,faible
26,2024-09-18 18:00:00,18,2,0,4,faible
27,2024-09-18 18:00:00,18,2,1,3,faible
28,2024-09-18 18:00:00,18,2,0,8,faible
29,2024-09-18 18:00:00,18,2,0,6,faible
30,2024-09-18 18:00:00,18,2,0,3,faible
31,2024-09-18 18:00:00,18,2,1,3,faible
32,2024-09-18 18:00:00,18,2,1,2,faible
33,2024-09-18 18:00:00,18,2,1,3,faible
34,2024-09-18 18:00:00,18,2,1,1,faible
35,2024-09-18 18:00:00,18,2,1,50,moyen
36,2024-09-18 18:00:00,18,2,1,1,faible
37,2024-09-18 18:00:00,18,2,0,1,faible
38,2024-09-18 18:00:00,18,2,0,18,faible
1,2024-09-18 19:00:00,19,2,0,3,faible
2,2024-09-18 19:00:00,19,2,0,2,faible
3,2024-09-18 19:00:00,19,2,0,1,faible
4,2024-09-18 19:00:00,19,2,0,0,faible
5,2024-09-18 19:00:00,19,2,0,26,faible
6,2024-09-18 19:00:00,19,2,0,48,faible
7,2024-09-18 19:00:00,19,2,0,28,faible
8,2024-09-18 19:00:00,19,2,0,3,faible
9,2024-09-18 19:00:00,19,2,0,3,faible
10,2024-09-18 19:00:00,19,2,0,2,faible
11,2024-09-18 19:00:00,19,2,0,3,faible
12,2024-09-18 19:00:00,19,2,0,2,faible
13,2024-09-18 19:00:00,19,2,0,3,faible
14,2024-09-18 19:00:00,19,2,0,3,faible
15,2024-09-18 19:00:00,19,2,0,7,faible
16,2024-09-18 19:00:00,19,2,0,4,faible
17,2024-09-18 19:00:00,19,2,0,6,faible
18,2024-09-18 19:00:00,19,2,0,4,faible
19,2024-09-18 19:00:00,19,2,0,10,faible
20,2024-09-18 19:00:00,19,2,0,7,faible
21,2024-09-18 19:00:00,19,2,0,6,faible
22,2024-09-18 19:00:00,19,2,0,7,faible
23,2024-09-18 19:00:00,19,2,0,4,faible
24,2024-09-18 19:00:00,19,2,0,5,faible
25,2024-09-18 19:00:00,19,2,0,5,faible
26,2024-09-18 19:00:00,19,2,0,6,faible
27,2024-09-18 19:00:00,19,2,0,4,faible
28,2024-09-18 19:00:00,19,2,0,9,faible
29,2024-09-18 19:00:00,19,2,0,3,faible
30,2024-09-18 19:00:00,19,2,0,2,faible
31,2024-09-18 19:00:00,19,2,0,4,faible
32,2024-09-18 19:00:00,19,2,0,2,faible
33,2024-09-18 19:00:00,19,2,0,1,faible
34,2024-09-18 19:00:00,19,2,0,4,faible
35,2024-09-18 19:00:00,19,2,0,50,moyen
36,2024-09-18 19:00:00,19,2,0,1,faible
37,2024-09-18 19:00:00,19,2,0,2,faible
38,2024-09-18 19:00:00,19,2,0,20,faible
1,2024-09-18 20:00:00,20,2,0,2,faible
2,2024-09-18 20:00:00,20,2,0,2,faible
3,2024-09-18 20:00:00,20,2,0,1,faible
4,2024-09-18 20:00:00,20,2,0,0,faible
5,2024-09-18 20:00:00,20,2,0,28,faible
6,2024-09-18 20:00:00,20,2,0,24,faible
7,2024-09-18 20:00:00,20,2,0,27,faible
8,2024-09-18 20:00:00,20,2,0,1,faible
9,2024-09-18 20:00:00,20,2,0,1,faible
10,2024-09-18 20:00:00,20,2,0,1,faible
11,2024-09-18 20:00:00,20,2,0,3,faible
12,2024-09-18 20:00:00,20,2,0,2,faible
13,2024-09-18 20:00:00,20,2,0,4,faible
14,2024-09-18 20:00:00,20,2,0,10,faible
15,2024-09-18 20:00:00,20,2,0,3,faible
16,2024-09-18 20:00:00,20,2,0,4,faible
17,2024-09-18 20:00:00,20,2,0,8,faible
18,2024-09-18 20:00:00,20,2,0,6,faible
19,2024-09-18 20:00:00,20,2,0,9,faible
20,2024-09-18 20:00:00,20,2,0,6,faible
21,2024-09-18 20:00:00,20,2,0,5,faible
22,2024-09-18 20:00:00,20,2,0,6,faible
23,2024-09-18 20:00:00,20,2,0,4,faible
24,2024-09-18 20:00:00,20,2,0,6,faible
25,2024-09-18 20:00:00,20,2,0,3,faible
26,2024-09-18 20:00:00,20,2,0,3,faible
27,2024-09-18 20:00:00,20,2,0,3,faible
28,2024-09-18 20:00:00,20,2,0,7,faible
29,2024-09-18 20:00:00,20,2,0,6,faible
30,2024-09-18 20:00:00,20,2,0,5,faible
31,2024-09-18 20:00:00,20,2,0,4,faible
32,2024-09-18 20:00:00,20,2,0,2,faible
33,2024-09-18 20:00:00,20,2,0,1,faible
34,2024-09-18 20:00:00,20,2,0,3,faible
35,2024-09-18 20:00:00,20,2,0,53,moyen
36,2024-09-18 20:00:00,20,2,0,2,faible
37,2024-09-18 20:00:00,20,2,0,3,faible
38,2024-09-18 20:00:00,20,2,0,16,faible
1,2024-09-18 21:00:00,21,2,0,0,faible
2,2024-09-18 21:00:00,21,2,0,0,faible
3,2024-09-18 21:00:00,21,2,0,0,faible
4,2024-09-18 21:00:00,21,2,0,0,faible
5,2024-09-18 21:00:00,21,2,0,28,faible
6,2024-09-18 21:00:00,21,2,0,42,faible
7,2024-09-18 21:00:00,21,2,0,34,faible
8,2024-09-18 21:00:00,21,2,0,3,faible
9,2024-09-18 21:00:00,21,2,0,5,faible
10,2024-09-18 21:00:00,21,2,0,1,faible
11,2024-09-18 21:00:00,21,2,0,3,faible
12,2024-09-18 21:00:00,21,2,0,3,faible
13,2024-09-18 21:00:00,21,2,0,2,faible
14,2024-09-18 21:00:00,21,2,0,11,faible
15,2024-09-18 21:00:00,21,2,0,8,faible
16,2024-09-18 21:00:00,21,2,0,3,faible
17,2024-09-18 21:00:00,21,2,0,5,faible
18,2024-09-18 21:00:00,21,2,0,7,faible
19,2024-09-18 21:00:00,21,2,0,8,faible
20,2024-09-18 21:00:00,21,2,0,5,faible
21,2024-09-18 21:00:00,21,2,0,2,faible
22,2024-09-18 21:00:00,21,2,0,4,faible
23,2024-09-18 21:00:00,21,2,0,2,faible
24,2024-09-18 21:00:00,21,2,0,6,faible
25,2024-09-18 21:00:00,21,2,0,8,faible
26,2024-09-18 21:00:00,21,2,0,4,faible
27,2024-09-18 21:00:00,21,2,0,2,faible
28,2024-09-18 21:00:00,21,2,0,4,faible
29,2024-09-18 21:00:00,21,2,0,5,faible
30,2024-09-18 21:00:00,21,2,0,2,faible
31,2024-09-18 21:00:00,21,2,0,5,faible
32,2024-09-18 21:00:00,21,2,0,2,faible
33,2024-09-18 21:00:00,21,2,0,4,faible
34,2024-09-18 21:00:00,21,2,0,3,faible
35,2024-09-18 21:00:00,21,2,0,45,moyen
36,2024-09-18 21:00:00,21,2,0,2,faible
37,2024-09-18 21:00:00,21,2,0,2,faible
38,2024-09-18 21:00:00,21,2,0,23,faible
1,2024-09-19 07:00:00,7,3,0,2,faible
2,2024-09-19 07:00:00,7,3,0,2,faible
3,2024-09-19 07:00:00,7,3,0,2,faible
4,2024-09-19 07:00:00,7,3,0,0,faible
5,2024-09-19 07:00:00,7,3,0,28,faible
6,2024-09-19 07:00:00,7,3,0,27,faible
7,2024-09-19 07:00:00,7,3,0,29,faible
8,2024-09-19 07:00:00,7,3,0,4,faible
9,2024-09-19 07:00:00,7,3,0,1,faible
10,2024-09-19 07:00:00,7,3,0,3,faible
11,2024-09-19 07:00:00,7,3,0,4,faible
12,2024-09-19 07:00:00,7,3,0,1,faible
13,2024-09-19 07:00:00,7,3,0,2,faible
14,2024-09-19 07:00:00,7,3,0,4,faible
15,2024-09-19 07:00:00,7,3,0,10,faible
16,2024-09-19 07:00:00,7,3,0,6,faible
17,2024-09-19 07:00:00,7,3,0,9,faible
18,2024-09-19 07:00:00,7,3,0,7,faible
19,2024-09-19 07:00:00,7,3,0,10,faible
20,2024-09-19 07:00:00,7,3,0,3,faible
21,2024-09-19 07:00:00,7,3,0,6,faible
22,2024-09-19 07:00:00,7,3,0,3,faible
23,2024-09-19 07:00:00,7,3,0,5,faible
24,2024-09-19 07:00:00,7,3,0,8,faible
25,2024-09-19 07:00:00,7,3,0,7,faible
26,2024-09-19 07:00:00,7,3,0,7,faible
27,2024-09-19 07:00:00,7,3,0,6,faible
28,2024-09-19 07:00:00,7,3,0,3,faible
29,2024-09-19 07:00:00,7,3,0,2,faible
30,2024-09-19 07:00:00,7,3,0,6,faible
31,2024-09-19 07:00:00,7,3,0,4,faible
32,2024-09-19 07:00:00,7,3,0,2,faible
33,2024-09-19 07:00:00,7,3,0,1,faible
34,2024-09-19 07:00:00,7,3,0,3,faible
35,2024-09-19 07:00:00,7,3,0,15,faible
36,2024-09-19 07:00:00,7,3,0,2,faible
37,2024-09-19 07:00:00,7,3,0,1,faible
38,2024-09-19 07:00:00,7,3,0,26,faible
1,2024-09-19 08:00:00,8,3,1,7,faible
2,2024-09-19 08:00:00,8,3,1,7,faible
3,2024-09-19 08:00:00,8,3,1,6,moyen
4,2024-09-19 08:00:00,8,3,1,0,faible
5,2024-09-19 08:00:00,8,3,0,67,moyen
6,2024-09-19 08:00:00,8,3,0,114,moyen
7,2024-09-19 08:00:00,8,3,0,64,moyen
8,2024-09-19 08:00:00,8,3,0,1,faible
9,2024-09-19 08:00:00,8,3,1,2,faible
10,2024-09-19 08:00:00,8,3,1,3,faible
11,2024-09-19 08:00:00,8,3,1,3,faible
12,2024-09-19 08:00:00,8,3,1,3,faible
13,2024-09-19 08:00:00,8,3,1,4,faible
14,2024-09-19 08:00:00,8,3,0,3,faible
15,2024-09-19 08:00:00,8,3,1,7,faible
16,2024-09-19 08:00:00,8,3,1,5,faible
17,2024-09-19 08:00:00,8,3,1,7,faible
18,2024-09-19 08:00:00,8,3,0,4,faible
19,2024-09-19 08:00:00,8,3,1,7,faible
20,2024-09-19 08:00:00,8,3,0,6,faible
21,2024-09-19 08:00:00,8,3,1,5,faible
22,2024-09-19 08:00:00,8,3,0,7,faible
23,2024-09-19 08:00:00,8,3,1,4,faible
24,2024-09-19 08:00:00,8,3,0,2,faible
25,2024-09-19 08:00:00,8,3,0,3,faible
26,2024-09-19 08:00:00,8,3,1,5,faible
27,2024-09-19 08:00:00,8,3,1,6,faible
28,2024-09-19 08:00:00,8,3,1,9,faible
29,2024-09-19 08:00:00,8,3,1,5,faible
30,2024-09-19 08:00:00,8,3,0,3,faible
31,2024-09-19 08:00:00,8,3,1,4,faible
32,2024-09-19 08:00:00,8,3,1,4,faible
33,2024-09-19 08:00:00,8,3,1,2,faible
34,2024-09-19 08:00:00,8,3,1,4,faible
35,2024-09-19 08:00:00,8,3,0,13,faible
36,2024-09-19 08:00:00,8,3,0,2,faible
37,2024-09-19 08:00:00,8,3,1,2,faible
38,2024-09-19 08:00:00,8,3,0,46,moyen
1,2024-09-19 09:00:00,9,3,1,9,moyen
2,2024-09-19 09:00:00,9,3,1,6,faible
3,2024-09-19 09:00:00,9,3,1,5,faible
4,2024-09-19 09:00:00,9,3,1,0,faible
5,2024-09-19 09:00:00,9,3,0,52,moyen
6,2024-09-19 09:00:00,9,3,0,113,moyen
7,2024-09-19 09:00:00,9,3,0,85,moyen
8,2024-09-19 09:00:00,9,3,0,16,eleve
9,2024-09-19 09:00:00,9,3,1,12,moyen
10,2024-09-19 09:00:00,9,3,1,11,moyen
11,2024-09-19 09:00:00,9,3,1,10,moyen
12,2024-09-19 09:00:00,9,3,1,7,moyen
13,2024-09-19 09:00:00,9,3,0,11,moyen
14,2024-09-19 09:00:00,9,3,0,25,moyen
15,2024-09-19 09:00:00,9,3,0,21,moyen
16,2024-09-19 09:00:00,9,3,1,22,moyen
17,2024-09-19 09:00:00,9,3,1,16,moyen
18,2024-09-19 09:00:00,9,3,1,19,moyen
19,2024-09-19 09:00:00,9,3,0,22,moyen
20,2024-09-19 09:00:00,9,3,1,18,moyen
21,2024-09-19 09:00:00,9,3,1,15,moyen
22,2024-09-19 09:00:00,9,3,1,16,moyen
23,2024-09-19 09:00:00,9,3,1,15,moyen
24,2024-09-19 09:00:00,9,3,1,16,moyen
25,2024-09-19 09:00:00,9,3,0,18,moyen
26,2024-09-19 09:00:00,9,3,1,14,moyen
27,2024-09-19 09:00:00,9,3,1,15,moyen
28,2024-09-19 09:00:00,9,3,0,18,moyen
29,2024-09-19 09:00:00,9,3,1,14,moyen
30,2024-09-19 09:00:00,9,3,1,15,moyen
31,2024-09-19 09:00:00,9,3,0,10,moyen
32,2024-09-19 09:00:00,9,3,1,10,moyen
33,2024-09-19 09:00:00,9,3,1,9,moyen
34,2024-09-19 09:00:00,9,3,1,8,moyen
35,2024-09-19 09:00:00,9,3,1,15,faible
36,2024-09-19 09:00:00,9,3,1,8,moyen
37,2024-09-19 09:00:00,9,3,1,9,moyen
38,2024-09-19 09:00:00,9,3,0,56,moyen
1,2024-09-19 10:00:00,10,3,1,7,faible
2,2024-09-19 10:00:00,10,3,1,5,faible
3,2024-09-19 10:00:00,10,3,1,5,faible
4,2024-09-19 10:00:00,10,3,1,0,faible
5,2024-09-19 10:00:00,10,3,0,57,moyen
6,2024-09-19 10:00:00,10,3,0,89,moyen
7,2024-09-19 10:00:00,10,3,0,72,moyen
8,2024-09-19 10:00:00,10,3,0,11,moyen
9,2024-09-19 10:00:00,10,3,0,13,moyen
10,2024-09-19 10:00:00,10,3,1,10,moyen
11,2024-09-19 10:00:00,10,3,0,10,moyen
12,2024-09-19 10:00:00,10,3,1,9,moyen
13,2024-09-19 10:00:00,10,3,1,12,moyen
14,2024-09-19 10:00:00,10,3,1,26,moyen
15,2024-09-19 10:00:00,10,3,1,19,moyen
16,2024-09-19 10:00:00,10,3,1,20,moyen
17,2024-09-19 10:00:00,10,3,0,20,moyen
18,2024-09-19 10:00:00,10,3,1,19,moyen
19,2024-09-19 10:00:00,10,3,1,25,moyen
20,2024-09-19 10:00:00,10,3,1,18,moyen
21,2024-09-19 10:00:00,10,3,0,15,moyen
22,2024-09-19 10:00:00,10,3,1,18,moyen
23,2024-09-19 10:00:00,10,3,0,12,moyen
24,2024-09-19 10:00:00,10,3,0,18,moyen
25,2024-09-19 10:00:00,10,3,1,20,moyen
26,2024-09-19 10:00:00,10,3,1,17,moyen
27,2024-09-19 10:00:00,10,3,0,13,moyen
28,2024-09-19 10:00:00,10,3,0,18,moyen
29,2024-09-19 10:00:00,10,3,0,14,moyen
30,2024-09-19 10:00:00,10,3,1,15,moyen
31,2024-09-19 10:00:00,10,3,1,9,moyen
32,2024-09-19 10:00:00,10,3,0,10,moyen
33,2024-09-19 10:00:00,10,3,1,10,moyen
34,2024-09-19 10:00:00,10,3,0,10,moyen
35,2024-09-19 10:00:00,10,3,1,21,faible
36,2024-09-19 10:00:00,10,3,1,7,moyen
37,2024-09-19 10:00:00,10,3,1,8,moyen
38,2024-09-19 10:00:00,10,3,0,55,moyen
1,2024-09-19 11:00:00,11,3,1,10,moyen
2,2024-09-19 11:00:00,11,3,1,8,moyen
3,2024-09-19 11:00:00,11,3,1,6,moyen
4,2024-09-19 11:00:00,11,3,1,0,faible
5,2024-09-19 11:00:00,11,3,0,52,moyen
6,2024-09-19 11:00:00,11,3,0,90,moyen
7,2024-09-19 11:00:00,11,3,0,82,moyen
8,2024-09-19 11:00:00,11,3,0,10,moyen
9,2024-09-19 11:00:00,11,3,1,14,moyen
10,2024-09-19 11:00:00,11,3,1,9,moyen
11,2024-09-19 11:00:00,11,3,1,10,moyen
12,2024-09-19 11:00:00,11,3,1,9,moyen
13,2024-09-19 11:00:00,11,3,1,9,moyen
14,2024-09-19 11:00:00,11,3,0,26,moyen
15,2024-09-19 11:00:00,11,3,1,25,moyen
16,2024-09-19 11:00:00,11,3,1,23,moyen
17,2024-09-19 11:00:00,11,3,0,17,moyen
18,2024-09-19 11:00:00,11,3,0,16,moyen
19,2024-09-19 11:00:00,11,3,1,23,moyen
20,2024-09-19 11:00:00,11,3,1,17,moyen
21,2024-09-19 11:00:00,11,3,1,17,moyen
22,2024-09-19 11:00:00,11,3,1,14,moyen
23,2024-09-19 11:00:00,11,3,1,13,moyen
24,2024-09-19 11:00:00,11,3,1,18,moyen
25,2024-09-19 11:00:00,11,3,1,19,moyen
26,2024-09-19 11:00:00,11,3,0,18,moyen
27,2024-09-19 11:00:00,11,3,1,18,moyen
28,2024-09-19 11:00:00,11,3,1,18,moyen
29,2024-09-19 11:00:00,11,3,1,11,moyen
30,2024-09-19 11:00:00,11,3,1,12,moyen
31,2024-09-19 11:00:00,11,3,1,11,moyen
32,2024-09-19 11:00:00,11,3,1,9,moyen
33,2024-09-19 11:00:00,11,3,1,9,moyen
34,2024-09-19 11:00:00,11,3,1,7,moyen
35,2024-09-19 11:00:00,11,3,1,25,moyen
36,2024-09-19 11:00:00,11,3,1,8,moyen
37,2024-09-19 11:00:00,11,3,0,7,moyen
38,2024-09-19 11:00:00,11,3,0,57,moyen
1,2024-09-19 12:00:00,12,3,1,8,faible
2,2024-09-19 12:00:00,12,3,1,5,faible
3,2024-09-19 12:00:00,12,3,1,4,faible
4,2024-09-19 12:00:00,12,3,1,0,faible
5,2024-09-19 12:00:00,12,3,0,15,faible
6,2024-09-19 12:00:00,12,3,0,30,faible
7,2024-09-19 12:00:00,12,3,0,33,faible
8,2024-09-19 12:00:00,12,3,1,10,moyen
9,2024-09-19 12:00:00,12,3,1,11,moyen
10,2024-09-19 12:00:00,12,3,1,10,moyen
11,2024-09-19 12:00:00,12,3,1,8,moyen
12,2024-09-19 12:00:00,12,3,0,7,moyen
13,2024-09-19 12:00:00,12,3,1,9,moyen
14,2024-09-19 12:00:00,12,3,1,8,faible
15,2024-09-19 12:00:00,12,3,1,4,faible
16,2024-09-19 12:00:00,12,3,1,7,faible
17,2024-09-19 12:00:00,12,3,0,7,faible
18,2024-09-19 12:00:00,12,3,1,4,faible
19,2024-09-19 12:00:00,12,3,0,5,faible
20,2024-09-19 12:00:00,12,3,0,4,faible
21,2024-09-19 12:00:00,12,3,1,4,faible
22,2024-09-19 12:00:00,12,3,1,3,faible
23,2024-09-19 12:00:00,12,3,0,4,faible
24,2024-09-19 12:00:00,12,3,1,4,faible
25,2024-09-19 12:00:00,12,3,1,5,faible
26,2024-09-19 12:00:00,12,3,0,4,faible
27,2024-09-19 12:00:00,12,3,1,3,faible
28,2024-09-19 12:00:00,12,3,1,8,faible
29,2024-09-19 12:00:00,12,3,1,5,faible
30,2024-09-19 12:00:00,12,3,1,3,faible
31,2024-09-19 12:00:00,12,3,1,4,faible
32,2024-09-19 12:00:00,12,3,1,4,faible
33,2024-09-19 12:00:00,12,3,1,3,faible
34,2024-09-19 12:00:00,12,3,0,4,faible
35,2024-09-19 12:00:00,12,3,1,50,moyen
36,2024-09-19 12:00:00,12,3,1,7,moyen
37,2024-09-19 12:00:00,12,3,0,7,moyen
38,2024-09-19 12:00:00,12,3,0,18,faible
1,2024-09-19 13:00:00,13,3,1,11,moyen
2,2024-09-19 13:00:00,13,3,1,5,faible
3,2024-09-19 13:00:00,13,3,1,7,moyen
4,2024-09-19 13:00:00,13,3,1,0,faible
5,2024-09-19 13:00:00,13,3,0,21,faible
6,2024-09-19 13:00:00,13,3,0,24,faible
7,2024-09-19 13:00:00,13,3,0,26,faible
8,2024-09-19 13:00:00,13,3,1,3,faible
9,2024-09-19 13:00:00,13,3,1,4,faible
10,2024-09-19 13:00:00,13,3,0,4,faible
11,2024-09-19 13:00:00,13,3,1,3,faible
12,2024-09-19 13:00:00,13,3,0,2,faible
13,2024-09-19 13:00:00,13,3,1,3,faible
14,2024-09-19 13:00:00,13,3,1,3,faible
15,2024-09-19 13:00:00,13,3,0,7,faible
16,2024-09-19 13:00:00,13,3,0,3,faible
17,2024-09-19 13:00:00,13,3,0,9,faible
18,2024-09-19 13:00:00,13,3,1,4,faible
19,2024-09-19 13:00:00,13,3,0,4,faible
20,2024-09-19 13:00:00,13,3,1,2,faible
21,2024-09-19 13:00:00,13,3,1,5,faible
22,2024-09-19 13:00:00,13,3,0,5,faible
23,2024-09-19 13:00:00,13,3,0,5,faible
24,2024-09-19 13:00:00,13,3,1,4,faible
25,2024-09-19 13:00:00,13,3,1,7,faible
26,2024-09-19 13:00:00,13,3,0,6,faible
27,2024-09-19 13:00:00,13,3,1,5,faible
28,2024-09-19 13:00:00,13,3,1,6,faible
29,2024-09-19 13:00:00,13,3,1,6,faible
30,2024-09-19 13:00:00,13,3,0,5,faible
31,2024-09-19 13:00:00,13,3,1,3,faible
32,2024-09-19 13:00:00,13,3,1,2,faible
33,2024-09-19 13:00:00,13,3,1,3,faible
34,2024-09-19 13:00:00,13,3,1,4,faible
35,2024-09-19 13:00:00,13,3,1,50,moyen
36,2024-09-19 13:00:00,13,3,0,1,faible
37,2024-09-19 13:00:00,13,3,1,1,faible
38,2024-09-19 13:00:00,13,3,0,14,faible
1,2024-09-19 14:00:00,14,3,1,6,faible
2,2024-09-19 14:00:00,14,3,1,6,faible
3,2024-09-19 14:00:00,14,3,1,7,moyen
4,2024-09-19 14:00:00,14,3,1,0,faible
5,2024-09-19 14:00:00,14,3,0,30,faible
6,2024-09-19 14:00:00,14,3,0,40,faible
7,2024-09-19 14:00:00,14,3,0,30,faible
8,2024-09-19 14:00:00,14,3,1,9,moyen
9,2024-09-19 14:00:00,14,3,0,13,moyen
10,2024-09-19 14:00:00,14,3,1,11,moyen
11,2024-09-19 14:00:00,14,3,1,9,moyen
12,2024-09-19 14:00:00,14,3,0,8,moyen
13,2024-09-19 14:00:00,14,3,0,11,moyen
14,2024-09-19 14:00:00,14,3,0,24,moyen
15,2024-09-19 14:00:00,14,3,1,25,moyen
16,2024-09-19 14:00:00,14,3,1,21,moyen
17,2024-09-19 14:00:00,14,3,0,22,moyen
18,2024-09-19 14:00:00,14,3,1,16,moyen
19,2024-09-19 14:00:00,14,3,1,19,moyen
20,2024-09-19 14:00:00,14,3,1,15,moyen
21,2024-09-19 14:00:00,14,3,1,14,moyen
22,2024-09-19 14:00:00,14,3,0,13,moyen
23,2024-09-19 14:00:00,14,3,0,13,moyen
24,2024-09-19 14:00:00,14,3,1,15,moyen
25,2024-09-19 14:00:00,14,3,0,17,moyen
26,2024-09-19 14:00:00,14,3,1,15,moyen
27,2024-09-19 14:00:00,14,3,0,18,moyen
28,2024-09-19 14:00:00,14,3,1,16,moyen
29,2024-09-19 14:00:00,14,3,0,13,moyen
30,2024-09-19 14:00:00,14,3,0,13,moyen
31,2024-09-19 14:00:00,14,3,0,12,moyen
32,2024-09-19 14:00:00,14,3,1,12,moyen
33,2024-09-19 14:00:00,14,3,1,7,moyen
34,2024-09-19 14:00:00,14,3,1,10,moyen
35,2024-09-19 14:00:00,14,3,1,25,moyen
36,2024-09-19 14:00:00,14,3,1,7,moyen
37,2024-09-19 14:00:00,14,3,1,7,moyen
38,2024-09-19 14:00:00,14,3,0,25,faible
1,2024-09-19 15:00:00,15,3,1,9,moyen
2,2024-09-19 15:00:00,15,3,1,8,moyen
3,2024-09-19 15:00:00,15,3,1,6,moyen
4,2024-09-19 15:00:00,15,3,1,0,faible
5,2024-09-19 15:00:00,15,3,0,29,faible
6,2024-09-19 15:00:00,15,3,0,49,faible
7,2024-09-19 15:00:00,15,3,0,41,faible
8,2024-09-19 15:00:00,15,3,1,9,moyen
9,2024-09-19 15:00:00,15,3,1,12,moyen
10,2024-09-19 15:00:00,15,3,1,11,moyen
11,2024-09-19 15:00:00,15,3,1,9,moyen
12,2024-09-19 15:00:00,15,3,1,7,moyen
13,2024-09-19 15:00:00,15,3,1,11,moyen
14,2024-09-19 15:00:00,15,3,1,19,moyen
15,2024-09-19 15:00:00,15,3,1,22,moyen
16,2024-09-19 15:00:00,15,3,1,18,moyen
17,2024-09-19 15:00:00,15,3,1,19,moyen
18,2024-09-19 15:00:00,15,3,1,20,moyen
19,2024-09-19 15:00:00,15,3,1,18,moyen
20,2024-09-19 15:00:00,15,3,0,17,moyen
21,2024-09-19 15:00:00,15,3,1,13,moyen
22,2024-09-19 15:00:00,15,3,0,17,moyen
23,2024-09-19 15:00:00,15,3,0,14,moyen
24,2024-09-19 15:00:00,15,3,1,14,moyen
25,2024-09-19 15:00:00,15,3,1,15,moyen
26,2024-09-19 15:00:00,15,3,1,16,moyen
27,2024-09-19 15:00:00,15,3,0,18,moyen
28,2024-09-19 15:00:00,15,3,1,19,moyen
29,2024-09-19 15:00:00,15,3,0,11,moyen
30,2024-09-19 15:00:00,15,3,1,14,moyen
31,2024-09-19 15:00:00,15,3,1,12,moyen
32,2024-09-19 15:00:00,15,3,1,11,moyen
33,2024-09-19 15:00:00,15,3,1,8,moyen
34,2024-09-19 15:00:00,15,3,0,8,moyen
35,2024-09-19 15:00:00,15,3,0,21,faible
36,2024-09-19 15:00:00,15,3,0,7,moyen
37,2024-09-19 15:00:00,15,3,1,8,moyen
38,2024-09-19 15:00:00,15,3,0,14,faible
1,2024-09-19 16:00:00,16,3,1,11,moyen
2,2024-09-19 16:00:00,16,3,1,6,faible
3,2024-09-19 16:00:00,16,3,1,7,moyen
4,2024-09-19 16:00:00,16,3,1,0,faible
5,2024-09-19 16:00:00,16,3,0,20,faible
6,2024-09-19 16:00:00,16,3,0,34,faible
7,2024-09-19 16:00:00,16,3,0,37,faible
8,2024-09-19 16:00:00,16,3,1,12,moyen
9,2024-09-19 16:00:00,16,3,1,12,moyen
10,2024-09-19 16:00:00,16,3,1,11,moyen
11,2024-09-19 16:00:00,16,3,0,9,moyen
12,2024-09-19 16:00:00,16,3,1,7,moyen
13,2024-09-19 16:00:00,16,3,0,9,moyen
14,2024-09-19 16:00:00,16,3,1,22,moyen
15,2024-09-19 16:00:00,16,3,1,23,moyen
16,2024-09-19 16:00:00,16,3,0,19,moyen
17,2024-09-19 16:00:00,16,3,1,23,moyen
18,2024-09-19 16:00:00,16,3,1,19,moyen
19,2024-09-19 16:00:00,16,3,1,21,moyen
20,2024-09-19 16:00:00,16,3,1,18,moyen
21,2024-09-19 16:00:00,16,3,1,13,moyen
22,2024-09-19 16:00:00,16,3,1,15,moyen
23,2024-09-19 16:00:00,16,3,0,13,moyen
24,2024-09-19 16:00:00,16,3,1,21,moyen
25,2024-09-19 16:00:00,16,3,1,19,moyen
26,2024-09-19 16:00:00,16,3,1,14,moyen
27,2024-09-19 16:00:00,16,3,0,15,moyen
28,2024-09-19 16:00:00,16,3,0,20,moyen
29,2024-09-19 16:00:00,16,3,1,13,moyen
30,2024-09-19 16:00:00,16,3,0,11,moyen
31,2024-09-19 16:00:00,16,3,0,12,moyen
32,2024-09-19 16:00:00,16,3,0,11,moyen
33,2024-09-19 16:00:00,16,3,0,8,moyen
34,2024-09-19 16:00:00,16,3,1,7,moyen
35,2024-09-19 16:00:00,16,3,1,22,faible
36,2024-09-19 16:00:00,16,3,1,7,moyen
37,2024-09-19 16:00:00,16,3,1,7,moyen
38,2024-09-19 16:00:00,16,3,0,17,faible
1,2024-09-19 17:00:00,17,3,1,8,faible
2,2024-09-19 17:00:00,17,3,1,5,faible
3,2024-09-19 17:00:00,17,3,1,4,faible
4,2024-09-19 17:00:00,17,3,1,0,faible
5,2024-09-19 17:00:00,17,3,0,15,faible
6,2024-09-19 17:00:00,17,3,0,31,faible
7,2024-09-19 17:00:00,17,3,0,25,faible
8,2024-09-19 17:00:00,17,3,0,10,moyen
9,2024-09-19 17:00:00,17,3,1,14,moyen
10,2024-09-19 17:00:00,17,3,1,11,moyen
11,2024-09-19 17:00:00,17,3,1,8,moyen
12,2024-09-19 17:00:00,17,3,1,8,moyen
13,2024-09-19 17:00:00,17,3,0,10,moyen
14,2024-09-19 17:00:00,17,3,0,9,faible
15,2024-09-19 17:00:00,17,3,0,10,faible
16,2024-09-19 17:00:00,17,3,1,7,faible
17,2024-09-19 17:00:00,17,3,1,7,faible
18,2024-09-19 17:00:00,17,3,1,8,faible
19,2024-09-19 17:00:00,17,3,1,10,faible
20,2024-09-19 17:00:00,17,3,1,4,faible
21,2024-09-19 17:00:00,17,3,1,7,faible
22,2024-09-19 17:00:00,17,3,1,3,faible
23,2024-09-19 17:00:00,17,3,0,5,faible
24,2024-09-19 17:00:00,17,3,1,7,faible
25,2024-09-19 17:00:00,17,3,0,6,faible
26,2024-09-19 17:00:00,17,3,0,6,faible
27,2024-09-19 17:00:00,17,3,0,3,faible
28,2024-09-19 17:00:00,17,3,1,7,faible
29,2024-09-19 17:00:00,17,3,1,4,faible
30,2024-09-19 17:00:00,17,3,0,4,faible
31,2024-09-19 17:00:00,17,3,1,1,faible
32,2024-09-19 17:00:00,17,3,0,4,faible
33,2024-09-19 17:00:00,17,3,1,3,faible
34,2024-09-19 17:00:00,17,3,0,2,faible
35,2024-09-19 17:00:00,17,3,1,52,moyen
36,2024-09-19 17:00:00,17,3,1,8,moyen
37,2024-09-19 17:00:00,17,3,0,8,moyen
38,2024-09-19 17:00:00,17,3,0,21,faible
1,2024-09-19 18:00:00,18,3,0,3,faible
2,2024-09-19 18:00:00,18,3,0,0,faible
3,2024-09-19 18:00:00,18,3,0,0,faible
4,2024-09-19 18:00:00,18,3,0,1,faible
5,2024-09-19 18:00:00,18,3,0,32,faible
6,2024-09-19 18:00:00,18,3,0,34,faible
7,2024-09-19 18:00:00,18,3,0,36,faible
8,2024-09-19 18:00:00,18,3,1,4,faible
9,2024-09-19 18:00:00,18,3,1,5,faible
10,2024-09-19 18:00:00,18,3,1,3,faible
11,2024-09-19 18:00:00,18,3,0,1,faible
12,2024-09-19 18:00:00,18,3,0,2,faible
13,2024-09-19 18:00:00,18,3,0,4,faible
14,2024-09-19 18:00:00,18,3,1,9,faible
15,2024-09-19 18:00:00,18,3,0,8,faible
16,2024-09-19 18:00:00,18,3,0,4,faible
17,2024-09-19 18:00:00,18,3,0,7,faible
18,2024-09-19 18:00:00,18,3,0,9,faible
19,2024-09-19 18:00:00,18,3,0,8,faible
20,2024-09-19 18:00:00,18,3,1,7,faible
21,2024-09-19 18:00:00,18,3,0,4,faible
22,2024-09-19 18:00:00,18,3,1,4,faible
23,2024-09-19 18:00:00,18,3,1,5,faible
24,2024-09-19 18:00:00,18,3,0,8,faible
25,2024-09-19 18:00:00,18,3,1,7,faible
26,2024-09-19 18:00:00,18,3,0,4,faible
27,2024-09-19 18:00:00,18,3,1,7,faible
28,2024-09-19 18:00:00,18,3,1,3,faible
29,2024-09-19 18:00:00,18,3,1,6,faible
30,2024-09-19 18:00:00,18,3,1,4,faible
31,2024-09-19 18:00:00,18,3,0,4,faible
32,2024-09-19 18:00:00,18,3,0,5,faible
33,2024-09-19 18:00:00,18,3,1,1,faible
34,2024-09-19 18:00:00,18,3,1,3,faible
35,2024-09-19 18:00:00,18,3,0,44,moyen
36,2024-09-19 18:00:00,18,3,1,2,faible
37,2024-09-19 18:00:00,18,3,1,2,faible
38,2024-09-19 18:00:00,18,3,0,26,faible
1,2024-09-19 19:00:00,19,3,0,1,faible
2,2024-09-19 19:00:00,19,3,0,1,faible
3,2024-09-19 19:00:00,19,3,0,0,faible
4,2024-09-19 19:00:00,19,3,0,1,faible
5,2024-09-19 19:00:00,19,3,0,22,faible
6,2024-09-19 19:00:00,19,3,0,47,faible
7,2024-09-19 19:00:00,19,3,0,34,faible
8,2024-09-19 19:00:00,19,3,0,1,faible
9,2024-09-19 19:00:00,19,3,0,3,faible
10,2024-09-19 19:00:00,19,3,0,4,faible
11,2024-09-19 19:00:00,19,3,0,3,faible
12,2024-09-19 19:00:00,19,3,0,1,faible
13,2024-09-19 19:00:00,19,3,0,3,faible
14,2024-09-19 19:00:00,19,3,0,3,faible
15,2024-09-19 19:00:00,19,3,0,7,faible
16,2024-09-19 19:00:00,19,3,0,3,faible
17,2024-09-19 19:00:00,19,3,0,5,faible
18,2024-09-19 19:00:00,19,3,0,3,faible
19,2024-09-19 19:00:00,19,3,0,8,faible
20,2024-09-19 19:00:00,19,3,0,3,faible
21,2024-09-19 19:00:00,19,3,0,5,faible
22,2024-09-19 19:00:00,19,3,0,4,faible
23,2024-09-19 19:00:00,19,3,0,5,faible
24,2024-09-19 19:00:00,19,3,0,3,faible
25,2024-09-19 19:00:00,19,3,0,8,faible
26,2024-09-19 19:00:00,19,3,0,6,faible
27,2024-09-19 19:00:00,19,3,0,6,faible
28,2024-09-19 19:00:00,19,3,0,4,faible
29,2024-09-19 19:00:00,19,3,0,2,faible
30,2024-09-19 19:00:00,19,3,0,6,faible
31,2024-09-19 19:00:00,19,3,0,2,faible
32,2024-09-19 19:00:00,19,3,0,4,faible
33,2024-09-19 19:00:00,19,3,0,4,faible
34,2024-09-19 19:00:00,19,3,0,2,faible
35,2024-09-19 19:00:00,19,3,0,51,moyen
36,2024-09-19 19:00:00,19,3,0,2,faible
37,2024-09-19 19:00:00,19,3,0,2,faible
38,2024-09-19 19:00:00,19,3,0,18,faible
1,2024-09-19 20:00:00,20,3,0,0,faible
2,2024-09-19 20:00:00,20,3,0,2,faible
3,2024-09-19 20:00:00,20,3,0,2,faible
4,2024-09-19 20:00:00,20,3,0,0,faible
5,2024-09-19 20:00:00,20,3,0,17,faible
6,2024-09-19 20:00:00,20,3,0,50,faible
7,2024-09-19 20:00:00,20,3,0,23,faible
8,2024-09-19 20:00:00,20,3,0,2,faible
9,2024-09-19 20:00:00,20,3,0,4,faible
10,2024-09-19 20:00:00,20,3,0,3,faible
11,2024-09-19 20:00:00,20,3,0,2,faible
12,2024-09-19 20:00:00,20,3,0,3,faible
13,2024-09-19 20:00:00,20,3,0,3,faible
14,2024-09-19 20:00:00,20,3,0,6,faible
15,2024-09-19 20:00:00,20,3,0,11,faible
16,2024-09-19 20:00:00,20,3,0,5,faible
17,2024-09-19 20:00:00,20,3,0,6,faible
18,2024-09-19 20:00:00,20,3,0,3,faible
19,2024-09-19 20:00:00,20,3,0,8,faible
20,2024-09-19 20:00:00,20,3,0,4,faible
21,2024-09-19 20:00:00,20,3,0,5,faible
22,2024-09-19 20:00:00,20,3,0,6,faible
23,2024-09-19 20:00:00,20,3,0,3,faible
24,2024-09-19 20:00:00,20,3,0,6,faible
25,2024-09-19 20:00:00,20,3,0,4,faible
26,2024-09-19 20:00:00,20,3,0,5,faible
27,2024-09-19 20:00:00,20,3,0,6,faible
28,2024-09-19 20:00:00,20,3,0,7,faible
29,2024-09-19 20:00:00,20,3,0,5,faible
30,2024-09-19 20:00:00,20,3,0,6,faible
31,2024-09-19 20:00:00,20,3,0,4,faible
32,2024-09-19 20:00:00,20,3,0,5,faible
33,2024-09-19 20:00:00,20,3,0,3,faible
34,2024-09-19 20:00:00,20,3,0,1,faible
35,2024-09-19 20:00:00,20,3,0,49,moyen
36,2024-09-19 20:00:00,20,3,0,2,faible
37,2024-09-19 20:00:00,20,3,0,2,faible
38,2024-09-19 20:00:00,20,3,0,21,faible
1,2024-09-19 21:00:00,21,3,0,2,faible
2,2024-09-19 21:00:00,21,3,0,0,faible
3,2024-09-19 21:00:00,21,3,0,0,faible
4,2024-09-19 21:00:00,21,3,0,1,faible
5,2024-09-19 21:00:00,21,3,0,25,faible
6,2024-09-19 21:00:00,21,3,0,49,faible
7,2024-09-19 21:00:00,21,3,0,22,faible
8,2024-09-19 21:00:00,21,3,0,4,faible
9,2024-09-19 21:00:00,21,3,0,4,faible
10,2024-09-19 21:00:00,21,3,0,2,faible
11,2024-09-19 21:00:00,21,3,0,1,faible
12,2024-09-19 21:00:00,21,3,0,1,faible
13,2024-09-19 21:00:00,21,3,0,2,faible
14,2024-09-19 21:00:00,21,3,0,8,faible
15,2024-09-19 21:00:00,21,3,0,10,faible
16,2024-09-19 21:00:00,21,3,0,3,faible
17,2024-09-19 21:00:00,21,3,0,3,faible
18,2024-09-19 21:00:00,21,3,0,7,faible
19,2024-09-19 21:00:00,21,3,0,8,faible
20,2024-09-19 21:00:00,21,3,0,8,faible
21,2024-09-19 21:00:00,21,3,0,5,faible
22,2024-09-19 21:00:00,21,3,0,6,faible
23,2024-09-19 21:00:00,21,3,0,5,faible
24,2024-09-19 21:00:00,21,3,0,8,faible
25,2024-09-19 21:00:00,21,3,0,4,faible
26,2024-09-19 21:00:00,21,3,0,4,faible
27,2024-09-19 21:00:00,21,3,0,7,faible
28,2024-09-19 21:00:00,21,3,0,4,faible
29,2024-09-19 21:00:00,21,3,0,2,faible
30,2024-09-19 21:00:00,21,3,0,5,faible
31,2024-09-19 21:00:00,21,3,0,2,faible
32,2024-09-19 21:00:00,21,3,0,3,faible
33,2024-09-19 21:00:00,21,3,0,3,faible
34,2024-09-19 21:00:00,21,3,0,4,faible
35,2024-09-19 21:00:00,21,3,0,52,moyen
36,2024-09-19 21:00:00,21,3,0,1,faible
37,2024-09-19 21:00:00,21,3,0,1,faible
38,2024-09-19 21:00:00,21,3,0,21,faible
1,2024-09-20 07:00:00,7,4,0,1,faible
2,2024-09-20 07:00:00,7,4,0,2,faible
3,2024-09-20 07:00:00,7,4,0,2,faible
4,2024-09-20 07:00:00,7,4,0,0,faible
5,2024-09-20 07:00:00,7,4,0,30,faible
6,2024-09-20 07:00:00,7,4,0,53,faible
7,2024-09-20 07:00:00,7,4,0,21,faible
8,2024-09-20 07:00:00,7,4,0,2,faible
9,2024-09-20 07:00:00,7,4,0,3,faible
10,2024-09-20 07:00:00,7,4,0,3,faible
11,2024-09-20 07:00:00,7,4,0,2,faible
12,2024-09-20 07:00:00,7,4,0,3,faible
13,2024-09-20 07:00:00,7,4,0,3,faible
14,2024-09-20 07:00:00,7,4,0,7,faible
15,2024-09-20 07:00:00,7,4,0,10,faible
16,2024-09-20 07:00:00,7,4,0,4,faible
17,2024-09-20 07:00:00,7,4,0,6,faible
18,2024-09-20 07:00:00,7,4,0,6,faible
19,2024-09-20 07:00:00,7,4,0,8,faible
20,2024-09-20 07:00:00,7,4,0,3,faible
21,2024-09-20 07:00:00,7,4,0,6,faible
22,2024-09-20 07:00:00,7,4,0,7,faible
23,2024-09-20 07:00:00,7,4,0,3,faible
24,2024-09-20 07:00:00,7,4,0,5,faible
25,2024-09-20 07:00:00,7,4,0,3,faible
26,2024-09-20 07:00:00,7,4,0,6,faible
27,2024-09-20 07:00:00,7,4,0,7,faible
28,2024-09-20 07:00:00,7,4,0,4,faible
29,2024-09-20 07:00:00,7,4,0,5,faible
30,2024-09-20 07:00:00,7,4,0,4,faible
31,2024-09-20 07:00:00,7,4,0,3,faible
32,2024-09-20 07:00:00,7,4,0,2,faible
33,2024-09-20 07:00:00,7,4,0,3,faible
34,2024-09-20 07:00:00,7,4,0,3,faible
35,2024-09-20 07:00:00,7,4,0,20,faible
36,2024-09-20 07:00:00,7,4,0,3,faible
37,2024-09-20 07:00:00,7,4,0,1,faible
38,2024-09-20 07:00:00,7,4,0,12,faible
1,2024-09-20 08:00:00,8,4,1,9,moyen
2,2024-09-20 08:00:00,8,4,1,7,faible
3,2024-09-20 08:00:00,8,4,1,6,moyen
4,2024-09-20 08:00:00,8,4,1,0,faible
5,2024-09-20 08:00:00,8,4,1,61,moyen
6,2024-09-20 08:00:00,8,4,1,109,moyen
7,2024-09-20 08:00:00,8,4,1,67,moyen
8,2024-09-20 08:00:00,8,4,0,3,faible
9,2024-09-20 08:00:00,8,4,1,1,faible
10,2024-09-20 08:00:00,8,4,0,4,faible
11,2024-09-20 08:00:00,8,4,0,2,faible
12,2024-09-20 08:00:00,8,4,0,3,faible
13,2024-09-20 08:00:00,8,4,1,4,faible
14,2024-09-20 08:00:00,8,4,0,6,faible
15,2024-09-20 08:00:00,8,4,1,4,faible
16,2024-09-20 08:00:00,8,4,1,9,faible
17,2024-09-20 08:00:00,8,4,1,8,faible
18,2024-09-20 08:00:00,8,4,1,4,faible
19,2024-09-20 08:00:00,8,4,1,10,faible
20,2024-09-20 08:00:00,8,4,1,4,faible
21,2024-09-20 08:00:00,8,4,1,4,faible
22,2024-09-20 08:00:00,8,4,1,3,faible
23,2024-09-20 08:00:00,8,4,1,3,faible
24,2024-09-20 08:00:00,8,4,0,2,faible
25,2024-09-20 08:00:00,8,4,1,6,faible
26,2024-09-20 08:00:00,8,4,1,6,faible
27,2024-09-20 08:00:00,8,4,0,5,faible
28,2024-09-20 08:00:00,8,4,1,7,faible
29,2024-09-20 08:00:00,8,4,1,4,faible
30,2024-09-20 08:00:00,8,4,0,3,faible
31,2024-09-20 08:00:00,8,4,1,5,faible
32,2024-09-20 08:00:00,8,4,1,2,faible
33,2024-09-20 08:00:00,8,4,1,3,faible
34,2024-09-20 08:00:00,8,4,0,2,faible
35,2024-09-20 08:00:00,8,4,0,24,moyen
36,2024-09-20 08:00:00,8,4,1,2,faible
37,2024-09-20 08:00:00,8,4,0,3,faible
38,2024-09-20 08:00:00,8,4,1,54,moyen
1,2024-09-20 09:00:00,9,4,1,10,moyen
2,2024-09-20 09:00:00,9,4,1,8,moyen
3,2024-09-20 09:00:00,9,4,1,7,moyen
4,2024-09-20 09:00:00,9,4,1,0,faible
5,2024-09-20 09:00:00,9,4,1,59,moyen
6,2024-09-20 09:00:00,9,4,1,114,moyen
7,2024-09-20 09:00:00,9,4,1,72,moyen
8,2024-09-20 09:00:00,9,4,1,15,eleve
9,2024-09-20 09:00:00,9,4,0,14,moyen
10,2024-09-20 09:00:00,9,4,1,12,moyen
11,2024-09-20 09:00:00,9,4,0,9,moyen
12,2024-09-20 09:00:00,9,4,1,8,moyen
13,2024-09-20 09:00:00,9,4,1,9,moyen
14,2024-09-20 09:00:00,9,4,0,22,moyen
15,2024-09-20 09:00:00,9,4,1,23,moyen
16,2024-09-20 09:00:00,9,4,0,22,moyen
17,2024-09-20 09:00:00,9,4,0,21,moyen
18,2024-09-20 09:00:00,9,4,1,19,moyen
19,2024-09-20 09:00:00,9,4,1,25,moyen
20,2024-09-20 09:00:00,9,4,1,17,moyen
21,2024-09-20 09:00:00,9,4,1,17,moyen
22,2024-09-20 09:00:00,9,4,1,15,moyen
23,2024-09-20 09:00:00,9,4,0,12,moyen
24,2024-09-20 09:00:00,9,4,0,16,moyen
25,2024-09-20 09:00:00,9,4,0,17,moyen
26,2024-09-20 09:00:00,9,4,1,13,moyen
27,2024-09-20 09:00:00,9,4,0,13,moyen
28,2024-09-20 09:00:00,9,4,1,19,moyen
29,2024-09-20 09:00:00,9,4,0,14,moyen
30,2024-09-20 09:00:00,9,4,1,13,moyen
31,2024-09-20 09:00:00,9,4,1,11,moyen
32,2024-09-20 09:00:00,9,4,0,11,moyen
33,2024-09-20 09:00:00,9,4,0,8,moyen
34,2024-09-20 09:00:00,9,4,1,8,moyen
35,2024-09-20 09:00:00,9,4,0,23,faible
36,2024-09-20 09:00:00,9,4,1,8,moyen
37,2024-09-20 09:00:00,9,4,1,7,moyen
38,2024-09-20 09:00:00,9,4,1,46,moyen
1,2024-09-20 10:00:00,10,4,1,9,moyen
2,2024-09-20 10:00:00,10,4,1,8,moyen
3,2024-09-20 10:00:00,10,4,1,4,faible
4,2024-09-20 10:00:00,10,4,1,0,faible
5,2024-09-20 10:00:00,10,4,1,52,moyen
6,2024-09-20 10:00:00,10,4,1,113,moyen
7,2024-09-20 10:00:00,10,4,1,77,moyen
8,2024-09-20 10:00:00,10,4,1,11,moyen
9,2024-09-20 10:00:00,10,4,1,12,moyen
10,2024-09-20 10:00:00,10,4,0,9,moyen
11,2024-09-20 10:00:00,10,4,0,9,moyen
12,2024-09-20 10:00:00,10,4,1,7,moyen
13,2024-09-20 10:00:00,10,4,1,11,moyen
14,2024-09-20 10:00:00,10,4,1,22,moyen
15,2024-09-20 10:00:00,10,4,1,23,moyen
16,2024-09-20 10:00:00,10,4,1,17,moyen
17,2024-09-20 10:00:00,10,4,1,20,moyen
18,2024-09-20 10:00:00,10,4,1,16,moyen
19,2024-09-20 10:00:00,10,4,0,22,moyen
20,2024-09-20 10:00:00,10,4,1,14,moyen
21,2024-09-20 10:00:00,10,4,1,17,moyen
22,2024-09-20 10:00:00,10,4,1,14,moyen
23,2024-09-20 10:00:00,10,4,1,15,moyen
24,2024-09-20 10:00:00,10,4,0,19,moyen
25,2024-09-20 10:00:00,10,4,0,18,moyen
26,2024-09-20 10:00:00,10,4,0,16,moyen
27,2024-09-20 10:00:00,10,4,1,18,moyen
28,2024-09-20 10:00:00,10,4,1,19,moyen
29,2024-09-20 10:00:00,10,4,1,13,moyen
30,2024-09-20 10:00:00,10,4,0,14,moyen
31,2024-09-20 10:00:00,10,4,1,10,moyen
32,2024-09-20 10:00:00,10,4,0,12,moyen
33,2024-09-20 10:00:00,10,4,1,10,moyen
34,2024-09-20 10:00:00,10,4,1,9,moyen
35,2024-09-20 10:00:00,10,4,1,15,faible
36,2024-09-20 10:00:00,10,4,1,8,moyen
37,2024-09-20 10:00:00,10,4,1,8,moyen
38,2024-09-20 10:00:00,10,4,1,57,moyen
1,2024-09-20 11:00:00,11,4,1,9,moyen
2,2024-09-20 11:00:00,11,4,1,9,moyen
3,2024-09-20 11:00:00,11,4,1,6,moyen
4,2024-09-20 11:00:00,11,4,1,0,faible
5,2024-09-20 11:00:00,11,4,1,60,moyen
6,2024-09-20 11:00:00,11,4,1,93,moyen
7,2024-09-20 11:00:00,11,4,1,66,moyen
8,2024-09-20 11:00:00,11,4,1,10,moyen
9,2024-09-20 11:00:00,11,4,1,13,moyen
10,2024-09-20 11:00:00,11,4,1,11,moyen
11,2024-09-20 11:00:00,11,4,1,8,moyen
12,2024-09-20 11:00:00,11,4,0,7,moyen
13,2024-09-20 11:00:00,11,4,0,11,moyen
14,2024-09-20 11:00:00,11,4,1,22,moyen
15,2024-09-20 11:00:00,11,4,1,22,moyen
16,2024-09-20 11:00:00,11,4,1,23,moyen
17,2024-09-20 11:00:00,11,4,1,18,moyen
18,2024-09-20 11:00:00,11,4,0,18,moyen
19,2024-09-20 11:00:00,11,4,1,25,moyen
20,2024-09-20 11:00:00,11,4,1,17,moyen
21,2024-09-20 11:00:00,11,4,1,17,moyen
22,2024-09-20 11:00:00,11,4,1,16,moyen
23,2024-09-20 11:00:00,11,4,1,14,moyen
24,2024-09-20 11:00:00,11,4,1,19,moyen
25,2024-09-20 11:00:00,11,4,1,18,moyen
26,2024-09-20 11:00:00,11,4,1,13,moyen
27,2024-09-20 11:00:00,11,4,1,15,moyen
28,2024-09-20 11:00:00,11,4,1,16,moyen
29,2024-09-20 11:00:00,11,4,1,15,moyen
30,2024-09-20 11:00:00,11,4,1,13,moyen
31,2024-09-20 11:00:00,11,4,1,9,moyen
32,2024-09-20 11:00:00,11,4,1,10,moyen
33,2024-09-20 11:00:00,11,4,0,8,moyen
34,2024-09-20 11:00:00,11,4,0,8,moyen
35,2024-09-20 11:00:00,11,4,1,21,faible
36,2024-09-20 11:00:00,11,4,1,9,moyen
37,2024-09-20 11:00:00,11,4,0,8,moyen
38,2024-09-20 11:00:00,11,4,1,55,moyen
1,2024-09-20 12:00:00,12,4,1,7,faible
2,2024-09-20 12:00:00,12,4,1,6,faible
3,2024-09-20 12:00:00,12,4,1,6,moyen
4,2024-09-20 12:00:00,12,4,1,0,faible
5,2024-09-20 12:00:00,12,4,1,24,faible
6,2024-09-20 12:00:00,12,4,1,51,faible
7,2024-09-20 12:00:00,12,4,1,41,faible
8,2024-09-20 12:00:00,12,4,1,11,moyen
9,2024-09-20 12:00:00,12,4,1,12,moyen
10,2024-09-20 12:00:00,12,4,0,11,moyen
11,2024-09-20 12:00:00,12,4,1,11,moyen
12,2024-09-20 12:00:00,12,4,1,8,moyen
13,2024-09-20 12:00:00,12,4,0,10,moyen
14,2024-09-20 12:00:00,12,4,1,10,faible
15,2024-09-20 12:00:00,12,4,1,4,faible
16,2024-09-20 12:00:00,12,4,1,8,faible
17,2024-09-20 12:00:00,12,4,1,5,faible
18,2024-09-20 12:00:00,12,4,1,7,faible
19,2024-09-20 12:00:00,12,4,1,4,faible
20,2024-09-20 12:00:00,12,4,1,6,faible
21,2024-09-20 12:00:00,12,4,1,7,faible
22,2024-09-20 12:00:00,12,4,1,6,faible
23,2024-09-20 12:00:00,12,4,0,2,faible
24,2024-09-20 12:00:00,12,4,0,5,faible
25,2024-09-20 12:00:00,12,4,0,5,faible
26,2024-09-20 12:00:00,12,4,1,5,faible
27,2024-09-20 12:00:00,12,4,0,5,faible
28,2024-09-20 12:00:00,12,4,1,4,faible
29,2024-09-20 12:00:00,12,4,1,5,faible
30,2024-09-20 12:00:00,12,4,1,5,faible
31,2024-09-20 12:00:00,12,4,0,3,faible
32,2024-09-20 12:00:00,12,4,0,4,faible
33,2024-09-20 12:00:00,12,4,1,2,faible
34,2024-09-20 12:00:00,12,4,1,3,faible
35,2024-09-20 12:00:00,12,4,1,51,moyen
36,2024-09-20 12:00:00,12,4,0,9,moyen
37,2024-09-20 12:00:00,12,4,1,7,moyen
38,2024-09-20 12:00:00,12,4,1,24,faible
1,2024-09-20 13:00:00,13,4,1,8,faible
2,2024-09-20 13:00:00,13,4,1,8,moyen
3,2024-09-20 13:00:00,13,4,1,6,moyen
4,2024-09-20 13:00:00,13,4,1,1,faible
5,2024-09-20 13:00:00,13,4,0,27,faible
6,2024-09-20 13:00:00,13,4,0,52,faible
7,2024-09-20 13:00:00,13,4,0,20,faible
8,2024-09-20 13:00:00,13,4,1,2,faible
9,2024-09-20 13:00:00,13,4,1,4,faible
10,2024-09-20 13:00:00,13,4,1,2,faible
11,2024-09-20 13:00:00,13,4,1,2,faible
12,2024-09-20 13:00:00,13,4,1,2,faible
13,2024-09-20 13:00:00,13,4,1,3,faible
14,2024-09-20 13:00:00,13,4,1,7,faible
15,2024-09-20 13:00:00,13,4,0,5,faible
16,2024-09-20 13:00:00,13,4,1,5,faible
17,2024-09-20 13:00:00,13,4,1,4,faible
18,2024-09-20 13:00:00,13,4,1,4,faible
19,2024-09-20 13:00:00,13,4,0,7,faible
20,2024-09-20 13:00:00,13,4,0,8,faible
21,2024-09-20 13:00:00,13,4,0,3,faible
22,2024-09-20 13:00:00,13,4,1,6,faible
23,2024-09-20 13:00:00,13,4,1,2,faible
24,2024-09-20 13:00:00,13,4,0,9,faible
25,2024-09-20 13:00:00,13,4,1,6,faible
26,2024-09-20 13:00:00,13,4,1,7,faible
27,2024-09-20 13:00:00,13,4,0,2,faible
28,2024-09-20 13:00:00,13,4,1,6,faible
29,2024-09-20 13:00:00,13,4,1,4,faible
30,2024-09-20 13:00:00,13,4,1,2,faible
31,2024-09-20 13:00:00,13,4,1,2,faible
32,2024-09-20 13:00:00,13,4,1,4,faible
33,2024-09-20 13:00:00,13,4,1,2,faible
34,2024-09-20 13:00:00,13,4,1,2,faible
35,2024-09-20 13:00:00,13,4,0,48,moyen
36,2024-09-20 13:00:00,13,4,1,3,faible
37,2024-09-20 13:00:00,13,4,1,3,faible
38,2024-09-20 13:00:00,13,4,0,25,faible
1,2024-09-20 14:00:00,14,4,1,11,moyen
2,2024-09-20 14:00:00,14,4,1,8,moyen
3,2024-09-20 14:00:00,14,4,1,4,faible
4,2024-09-20 14:00:00,14,4,1,0,faible
5,2024-09-20 14:00:00,14,4,0,16,faible
6,2024-09-20 14:00:00,14,4,0,34,faible
7,2024-09-20 14:00:00,14,4,0,23,faible
8,2024-09-20 14:00:00,14,4,1,10,moyen
9,2024-09-20 14:00:00,14,4,1,15,moyen
10,2024-09-20 14:00:00,14,4,1,12,moyen
11,2024-09-20 14:00:00,14,4,0,10,moyen
12,2024-09-20 14:00:00,14,4,1,9,moyen
13,2024-09-20 14:00:00,14,4,0,11,moyen
14,2024-09-20 14:00:00,14,4,1,22,moyen
15,2024-09-20 14:00:00,14,4,0,24,moyen
16,2024-09-20 14:00:00,14,4,1,16,moyen
17,2024-09-20 14:00:00,14,4,1,17,moyen
18,2024-09-20 14:00:00,14,4,1,20,moyen
19,2024-09-20 14:00:00,14,4,1,23,moyen
20,2024-09-20 14:00:00,14,4,0,16,moyen
21,2024-09-20 14:00:00,14,4,1,13,moyen
22,2024-09-20 14:00:00,14,4,0,17,moyen
23,2024-09-20 14:00:00,14,4,1,12,moyen
24,2024-09-20 14:00:00,14,4,1,18,moyen
25,2024-09-20 14:00:00,14,4,0,19,moyen
26,2024-09-20 14:00:00,14,4,0,15,moyen
27,2024-09-20 14:00:00,14,4,1,14,moyen
28,2024-09-20 14:00:00,14,4,0,17,moyen
29,2024-09-20 14:00:00,14,4,0,11,moyen
30,2024-09-20 14:00:00,14,4,1,14,moyen
31,2024-09-20 14:00:00,14,4,1,11,moyen
32,2024-09-20 14:00:00,14,4,1,12,moyen
33,2024-09-20 14:00:00,14,4,1,9,moyen
34,2024-09-20 14:00:00,14,4,1,9,moyen
35,2024-09-20 14:00:00,14,4,1,19,faible
36,2024-09-20 14:00:00,14,4,1,9,moyen
37,2024-09-20 14:00:00,14,4,1,7,moyen
38,2024-09-20 14:00:00,14,4,0,18,faible
1,2024-09-20 15:00:00,15,4,1,9,moyen
2,2024-09-20 15:00:00,15,4,1,8,moyen
3,2024-09-20 15:00:00,15,4,1,7,moyen
4,2024-09-20 15:00:00,15,4,1,1,faible
5,2024-09-20 15:00:00,15,4,0,16,faible
6,2024-09-20 15:00:00,15,4,0,49,faible
7,2024-09-20 15:00:00,15,4,0,25,faible
8,2024-09-20 15:00:00,15,4,1,10,moyen
9,2024-09-20 15:00:00,15,4,0,14,moyen
10,2024-09-20 15:00:00,15,4,1,11,moyen
11,2024-09-20 15:00:00,15,4,1,9,moyen
12,2024-09-20 15:00:00,15,4,0,8,moyen
13,2024-09-20 15:00:00,15,4,1,12,moyen
14,2024-09-20 15:00:00,15,4,0,24,moyen
15,2024-09-20 15:00:00,15,4,1,21,moyen
16,2024-09-20 15:00:00,15,4,1,23,moyen
17,2024-09-20 15:00:00,15,4,0,22,moyen
18,2024-09-20 15:00:00,15,4,1,15,moyen
19,2024-09-20 15:00:00,15,4,1,23,moyen
20,2024-09-20 15:00:00,15,4,1,19,moyen
21,2024-09-20 15:00:00,15,4,1,16,moyen
22,2024-09-20 15:00:00,15,4,0,17,moyen
23,2024-09-20 15:00:00,15,4,1,15,moyen
24,2024-09-20 15:00:00,15,4,0,17,moyen
25,2024-09-20 15:00:00,15,4,1,19,moyen
26,2024-09-20 15:00:00,15,4,1,15,moyen
27,2024-09-20 15:00:00,15,4,1,12,moyen
28,2024-09-20 15:00:00,15,4,1,19,moyen
29,2024-09-20 15:00:00,15,4,1,12,moyen
30,2024-09-20 15:00:00,15,4,0,15,moyen
31,2024-09-20 15:00:00,15,4,0,12,moyen
32,2024-09-20 15:00:00,15,4,1,11,moyen
33,2024-09-20 15:00:00,15,4,1,8,moyen
34,2024-09-20 15:00:00,15,4,1,7,moyen
35,2024-09-20 15:00:00,15,4,1,16,faible
36,2024-09-20 15:00:00,15,4,0,8,moyen
37,2024-09-20 15:00:00,15,4,1,8,moyen
38,2024-09-20 15:00:00,15,4,0,23,faible
1,2024-09-20 16:00:00,16,4,1,7,faible
2,2024-09-20 16:00:00,16,4,1,8,moyen
3,2024-09-20 16:00:00,16,4,1,6,moyen
4,2024-09-20 16:00:00,16,4,1,0,faible
5,2024-09-20 16:00:00,16,4,0,26,faible
6,2024-09-20 16:00:00,16,4,0,32,faible
7,2024-09-20 16:00:00,16,4,0,27,faible
8,2024-09-20 16:00:00,16,4,0,10,moyen
9,2024-09-20 16:00:00,16,4,0,12,moyen
10,2024-09-20 16:00:00,16,4,0,12,moyen
11,2024-09-20 16:00:00,16,4,1,9,moyen
12,2024-09-20 16:00:00,16,4,1,7,moyen
13,2024-09-20 16:00:00,16,4,1,9,moyen
14,2024-09-20 16:00:00,16,4,0,25,moyen
15,2024-09-20 16:00:00,16,4,1,21,moyen
16,2024-09-20 16:00:00,16,4,0,17,moyen
17,2024-09-20 16:00:00,16,4,1,20,moyen
18,2024-09-20 16:00:00,16,4,1,17,moyen
19,2024-09-20 16:00:00,16,4,1,21,moyen
20,2024-09-20 16:00:00,16,4,1,16,moyen
21,2024-09-20 16:00:00,16,4,0,13,moyen
22,2024-09-20 16:00:00,16,4,1,16,moyen
23,2024-09-20 16:00:00,16,4,1,15,moyen
24,2024-09-20 16:00:00,16,4,0,16,moyen
25,2024-09-20 16:00:00,16,4,1,16,moyen
26,2024-09-20 16:00:00,16,4,1,17,moyen
27,2024-09-20 16:00:00,16,4,1,14,moyen
28,2024-09-20 16:00:00,16,4,1,19,moyen
29,2024-09-20 16:00:00,16,4,1,11,moyen
30,2024-09-20 16:00:00,16,4,1,12,moyen
31,2024-09-20 16:00:00,16,4,1,13,moyen
32,2024-09-20 16:00:00,16,4,0,12,moyen
33,2024-09-20 16:00:00,16,4,1,9,moyen
34,2024-09-20 16:00:00,16,4,1,7,moyen
35,2024-09-20 16:00:00,16,4,0,16,faible
36,2024-09-20 16:00:00,16,4,0,8,moyen
37,2024-09-20 16:00:00,16,4,0,7,moyen
38,2024-09-20 16:00:00,16,4,0,17,faible
1,2024-09-20 17:00:00,17,4,1,8,faible
2,2024-09-20 17:00:00,17,4,1,8,moyen
3,2024-09-20 17:00:00,17,4,1,4,faible
4,2024-09-20 17:00:00,17,4,1,0,faible
5,2024-09-20 17:00:00,17,4,0,20,faible
6,2024-09-20 17:00:00,17,4,0,50,faible
7,2024-09-20 17:00:00,17,4,0,21,faible
8,2024-09-20 17:00:00,17,4,0,9,moyen
9,2024-09-20 17:00:00,17,4,1,14,moyen
10,2024-09-20 17:00:00,17,4,1,11,moyen
11,2024-09-20 17:00:00,17,4,0,9,moyen
12,2024-09-20 17:00:00,17,4,0,9,moyen
13,2024-09-20 17:00:00,17,4,1,9,moyen
14,2024-09-20 17:00:00,17,4,1,5,faible
15,2024-09-20 17:00:00,17,4,0,6,faible
16,2024-09-20 17:00:00,17,4,1,4,faible
17,2024-09-20 17:00:00,17,4,1,8,faible
18,2024-09-20 17:00:00,17,4,1,3,faible
19,2024-09-20 17:00:00,17,4,1,7,faible
20,2024-09-20 17:00:00,17,4,0,3,faible
21,2024-09-20 17:00:00,17,4,0,2,faible
22,2024-09-20 17:00:00,17,4,0,2,faible
23,2024-09-20 17:00:00,17,4,1,4,faible
24,2024-09-20 17:00:00,17,4,1,6,faible
25,2024-09-20 17:00:00,17,4,1,2,faible
26,2024-09-20 17:00:00,17,4,1,2,faible
27,2024-09-20 17:00:00,17,4,1,2,faible
28,2024-09-20 17:00:00,17,4,1,6,faible
29,2024-09-20 17:00:00,17,4,1,3,faible
30,2024-09-20 17:00:00,17,4,0,4,faible
31,2024-09-20 17:00:00,17,4,1,4,faible
32,2024-09-20 17:00:00,17,4,1,1,faible
33,2024-09-20 17:00:00,17,4,1,4,faible
34,2024-09-20 17:00:00,17,4,1,2,faible
35,2024-09-20 17:00:00,17,4,1,42,moyen
36,2024-09-20 17:00:00,17,4,1,7,moyen
37,2024-09-20 17:00:00,17,4,0,7,moyen
38,2024-09-20 17:00:00,17,4,0,14,faible
1,2024-09-20 18:00:00,18,4,0,0,faible
2,2024-09-20 18:00:00,18,4,0,3,faible
3,2024-09-20 18:00:00,18,4,0,0,faible
4,2024-09-20 18:00:00,18,4,0,0,faible
5,2024-09-20 18:00:00,18,4,0,26,faible
6,2024-09-20 18:00:00,18,4,0,54,faible
7,2024-09-20 18:00:00,18,4,0,39,faible
8,2024-09-20 18:00:00,18,4,1,1,faible
9,2024-09-20 18:00:00,18,4,0,5,faible
10,2024-09-20 18:00:00,18,4,0,3,faible
11,2024-09-20 18:00:00,18,4,0,3,faible
12,2024-09-20 18:00:00,18,4,0,2,faible
13,2024-09-20 18:00:00,18,4,0,2,faible
14,2024-09-20 18:00:00,18,4,1,9,faible
15,2024-09-20 18:00:00,18,4,1,3,faible
16,2024-09-20 18:00:00,18,4,1,6,faible
17,2024-09-20 18:00:00,18,4,1,4,faible
18,2024-09-20 18:00:00,18,4,0,3,faible
19,2024-09-20 18:00:00,18,4,0,4,faible
20,2024-09-20 18:00:00,18,4,0,9,faible
21,2024-09-20 18:00:00,18,4,0,7,faible
22,2024-09-20 18:00:00,18,4,0,6,faible
23,2024-09-20 18:00:00,18,4,1,3,faible
24,2024-09-20 18:00:00,18,4,1,3,faible
25,2024-09-20 18:00:00,18,4,0,6,faible
26,2024-09-20 18:00:00,18,4,1,2,faible
27,2024-09-20 18:00:00,18,4,1,3,faible
28,2024-09-20 18:00:00,18,4,0,4,faible
29,2024-09-20 18:00:00,18,4,0,3,faible
30,2024-09-20 18:00:00,18,4,1,2,faible
31,2024-09-20 18:00:00,18,4,1,5,faible
32,2024-09-20 18:00:00,18,4,1,2,faible
33,2024-09-20 18:00:00,18,4,1,2,faible
34,2024-09-20 18:00:00,18,4,0,2,faible
35,2024-09-20 18:00:00,18,4,1,43,moyen
36,2024-09-20 18:00:00,18,4,0,2,faible
37,2024-09-20 18:00:00,18,4,1,2,faible
38,2024-09-20 18:00:00,18,4,0,18,faible
1,2024-09-20 19:00:00,19,4,0,0,faible
2,2024-09-20 19:00:00,19,4,0,0,faible
3,2024-09-20 19:00:00,19,4,0,1,faible
4,2024-09-20 19:00:00,19,4,0,0,faible
5,2024-09-20 19:00:00,19,4,0,19,faible
6,2024-09-20 19:00:00,19,4,0,47,faible
7,2024-09-20 19:00:00,19,4,0,35,faible
8,2024-09-20 19:00:00,19,4,0,3,faible
9,2024-09-20 19:00:00,19,4,0,3,faible
10,2024-09-20 19:00:00,19,4,0,2,faible
11,2024-09-20 19:00:00,19,4,0,2,faible
12,2024-09-20 19:00:00,19,4,0,2,faible
13,2024-09-20 19:00:00,19,4,0,3,faible
14,2024-09-20 19:00:00,19,4,0,10,faible
15,2024-09-20 19:00:00,19,4,0,5,faible
16,2024-09-20 19:00:00,19,4,0,7,faible
17,2024-09-20 19:00:00,19,4,0,7,faible
18,2024-09-20 19:00:00,19,4,0,6,faible
19,2024-09-20 19:00:00,19,4,0,4,faible
20,2024-09-20 19:00:00,19,4,0,5,faible
21,2024-09-20 19:00:00,19,4,0,3,faible
22,2024-09-20 19:00:00,19,4,0,4,faible
23,2024-09-20 19:00:00,19,4,0,5,faible
24,2024-09-20 19:00:00,19,4,0,4,faible
25,2024-09-20 19:00:00,19,4,0,3,faible
26,2024-09-20 19:00:00,19,4,0,4,faible
27,2024-09-20 19:00:00,19,4,0,7,faible
28,2024-09-20 19:00:00,19,4,0,5,faible
29,2024-09-20 19:00:00,19,4,0,3,faible
30,2024-09-20 19:00:00,19,4,0,6,faible
31,2024-09-20 19:00:00,19,4,0,2,faible
32,2024-09-20 19:00:00,19,4,0,4,faible
33,2024-09-20 19:00:00,19,4,0,2,faible
34,2024-09-20 19:00:00,19,4,0,1,faible
35,2024-09-20 19:00:00,19,4,0,51,moyen
36,2024-09-20 19:00:00,19,4,0,3,faible
37,2024-09-20 19:00:00,19,4,0,2,faible
38,2024-09-20 19:00:00,19,4,0,21,faible
1,2024-09-20 20:00:00,20,4,0,1,faible
2,2024-09-20 20:00:00,20,4,0,0,faible
3,2024-09-20 20:00:00,20,4,0,0,faible
4,2024-09-20 20:00:00,20,4,0,0,faible
5,2024-09-20 20:00:00,20,4,0,21,faible
6,2024-09-20 20:00:00,20,4,0,31,faible
7,2024-09-20 20:00:00,20,4,0,38,faible
8,2024-09-20 20:00:00,20,4,0,3,faible
9,2024-09-20 20:00:00,20,4,0,2,faible
10,2024-09-20 20:00:00,20,4,0,4,faible
11,2024-09-20 20:00:00,20,4,0,3,faible
12,2024-09-20 20:00:00,20,4,0,3,faible
13,2024-09-20 20:00:00,20,4,0,4,faible
14,2024-09-20 20:00:00,20,4,0,6,faible
15,2024-09-20 20:00:00,20,4,0,9,faible
16,2024-09-20 20:00:00,20,4,0,7,faible
17,2024-09-20 20:00:00,20,4,0,5,faible
18,2024-09-20 20:00:00,20,4,0,6,faible
19,2024-09-20 20:00:00,20,4,0,9,faible
20,2024-09-20 20:00:00,20,4,0,7,faible
21,2024-09-20 20:00:00,20,4,0,4,faible
22,2024-09-20 20:00:00,20,4,0,6,faible
23,2024-09-20 20:00:00,20,4,0,6,faible
24,2024-09-20 20:00:00,20,4,0,6,faible
25,2024-09-20 20:00:00,20,4,0,8,faible
26,2024-09-20 20:00:00,20,4,0,6,faible
27,2024-09-20 20:00:00,20,4,0,3,faible
28,2024-09-20 20:00:00,20,4,0,4,faible
29,2024-09-20 20:00:00,20,4,0,6,faible
30,2024-09-20 20:00:00,20,4,0,5,faible
31,2024-09-20 20:00:00,20,4,0,3,faible
32,2024-09-20 20:00:00,20,4,0,5,faible
33,2024-09-20 20:00:00,20,4,0,1,faible
34,2024-09-20 20:00:00,20,4,0,1,faible
35,2024-09-20 20:00:00,20,4,0,47,moyen
36,2024-09-20 20:00:00,20,4,0,1,faible
37,2024-09-20 20:00:00,20,4,0,2,faible
38,2024-09-20 20:00:00,20,4,0,22,faible
1,2024-09-20 21:00:00,21,4,0,3,faible
2,2024-09-20 21:00:00,21,4,0,3,faible
3,2024-09-20 21:00:00,21,4,0,1,faible
4,2024-09-20 21:00:00,21,4,0,0,faible
5,2024-09-20 21:00:00,21,4,0,18,faible
6,2024-09-20 21:00:00,21,4,0,32,faible
7,2024-09-20 21:00:00,21,4,0,40,faible
8,2024-09-20 21:00:00,21,4,0,2,faible
9,2024-09-20 21:00:00,21,4,0,3,faible
10,2024-09-20 21:00:00,21,4,0,3,faible
11,2024-09-20 21:00:00,21,4,0,2,faible
12,2024-09-20 21:00:00,21,4,0,2,faible
13,2024-09-20 21:00:00,21,4,0,1,faible
14,2024-09-20 21:00:00,21,4,0,9,faible
15,2024-09-20 21:00:00,21,4,0,6,faible
16,2024-09-20 21:00:00,21,4,0,7,faible
17,2024-09-20 21:00:00,21,4,0,5,faible
18,2024-09-20 21:00:00,21,4,0,5,faible
19,2024-09-20 21:00:00,21,4,0,8,faible
20,2024-09-20 21:00:00,21,4,0,6,faible
21,2024-09-20 21:00:00,21,4,0,6,faible
22,2024-09-20 21:00:00,21,4,0,6,faible
23,2024-09-20 21:00:00,21,4,0,5,faible
24,2024-09-20 21:00:00,21,4,0,3,faible
25,2024-09-20 21:00:00,21,4,0,3,faible
26,2024-09-20 21:00:00,21,4,0,7,faible
27,2024-09-20 21:00:00,21,4,0,6,faible
28,2024-09-20 21:00:00,21,4,0,6,faible
29,2024-09-20 21:00:00,21,4,0,2,faible
30,2024-09-20 21:00:00,21,4,0,6,faible
31,2024-09-20 21:00:00,21,4,0,3,faible
32,2024-09-20 21:00:00,21,4,0,2,faible
33,2024-09-20 21:00:00,21,4,0,2,faible
34,2024-09-20 21:00:00,21,4,0,1,faible
35,2024-09-20 21:00:00,21,4,0,41,moyen
36,2024-09-20 21:00:00,21,4,0,2,faible
37,2024-09-20 21:00:00,21,4,0,2,faible
38,2024-09-20 21:00:00,21,4,0,18,faible
1,2024-09-21 07:00:00,7,5,0,1,faible
2,2024-09-21 07:00:00,7,5,0,0,faible
3,2024-09-21 07:00:00,7,5,0,2,faible
4,2024-09-21 07:00:00,7,5,0,0,faible
5,2024-09-21 07:00:00,7,5,0,16,faible
6,2024-09-21 07:00:00,7,5,0,41,faible
7,2024-09-21 07:00:00,7,5,0,28,faible
8,2024-09-21 07:00:00,7,5,0,2,faible
9,2024-09-21 07:00:00,7,5,0,3,faible
10,2024-09-21 07:00:00,7,5,0,3,faible
11,2024-09-21 07:00:00,7,5,0,2,faible
12,2024-09-21 07:00:00,7,5,0,1,faible
13,2024-09-21 07:00:00,7,5,0,3,faible
14,2024-09-21 07:00:00,7,5,0,8,faible
15,2024-09-21 07:00:00,7,5,0,4,faible
16,2024-09-21 07:00:00,7,5,0,10,faible
17,2024-09-21 07:00:00,7,5,0,10,faible
18,2024-09-21 07:00:00,7,5,0,5,faible
19,2024-09-21 07:00:00,7,5,0,5,faible
20,2024-09-21 07:00:00,7,5,0,7,faible
21,2024-09-21 07:00:00,7,5,0,6,faible
22,2024-09-21 07:00:00,7,5,0,4,faible
23,2024-09-21 07:00:00,7,5,0,2,faible
24,2024-09-21 07:00:00,7,5,0,6,faible
25,2024-09-21 07:00:00,7,5,0,8,faible
26,2024-09-21 07:00:00,7,5,0,6,faible
27,2024-09-21 07:00:00,7,5,0,8,faible
28,2024-09-21 07:00:00,7,5,0,6,faible
29,2024-09-21 07:00:00,7,5,0,3,faible
30,2024-09-21 07:00:00,7,5,0,5,faible
31,2024-09-21 07:00:00,7,5,0,3,faible
32,2024-09-21 07:00:00,7,5,0,3,faible
33,2024-09-21 07:00:00,7,5,0,4,faible
34,2024-09-21 07:00:00,7,5,0,2,faible
35,2024-09-21 07:00:00,7,5,0,14,faible
36,2024-09-21 07:00:00,7,5,0,1,faible
37,2024-09-21 07:00:00,7,5,0,3,faible
38,2024-09-21 07:00:00,7,5,0,25,faible
1,2024-09-21 08:00:00,8,5,1,9,moyen
2,2024-09-21 08:00:00,8,5,1,9,moyen
3,2024-09-21 08:00:00,8,5,1,4,faible
4,2024-09-21 08:00:00,8,5,1,0,faible
5,2024-09-21 08:00:00,8,5,0,61,moyen
6,2024-09-21 08:00:00,8,5,0,100,moyen
7,2024-09-21 08:00:00,8,5,0,78,moyen
8,2024-09-21 08:00:00,8,5,0,4,faible
9,2024-09-21 08:00:00,8,5,1,4,faible
10,2024-09-21 08:00:00,8,5,0,2,faible
11,2024-09-21 08:00:00,8,5,1,2,faible
12,2024-09-21 08:00:00,8,5,1,2,faible
13,2024-09-21 08:00:00,8,5,1,2,faible
14,2024-09-21 08:00:00,8,5,1,5,faible
15,2024-09-21 08:00:00,8,5,0,8,faible
16,2024-09-21 08:00:00,8,5,0,10,faible
17,2024-09-21 08:00:00,8,5,1,5,faible
18,2024-09-21 08:00:00,8,5,1,2,faible
19,2024-09-21 08:00:00,8,5,1,9,faible
20,2024-09-21 08:00:00,8,5,1,4,faible
21,2024-09-21 08:00:00,8,5,0,6,faible
22,2024-09-21 08:00:00,8,5,0,3,faible
23,2024-09-21 08:00:00,8,5,1,3,faible
24,2024-09-21 08:00:00,8,5,1,7,faible
25,2024-09-21 08:00:00,8,5,0,7,faible
26,2024-09-21 08:00:00,8,5,1,6,faible
27,2024-09-21 08:00:00,8,5,0,3,faible
28,2024-09-21 08:00:00,8,5,1,6,faible
29,2024-09-21 08:00:00,8,5,1,3,faible
30,2024-09-21 08:00:00,8,5,1,6,faible
31,2024-09-21 08:00:00,8,5,0,3,faible
32,2024-09-21 08:00:00,8,5,0,2,faible
33,2024-09-21 08:00:00,8,5,0,3,faible
34,2024-09-21 08:00:00,8,5,0,1,faible
35,2024-09-21 08:00:00,8,5,1,21,faible
36,2024-09-21 08:00:00,8,5,1,2,faible
37,2024-09-21 08:00:00,8,5,1,1,faible
38,2024-09-21 08:00:00,8,5,0,56,moyen
1,2024-09-21 09:00:00,9,5,1,7,faible
2,2024-09-21 09:00:00,9,5,1,9,moyen
3,2024-09-21 09:00:00,9,5,1,4,faible
4,2024-09-21 09:00:00,9,5,1,0,faible
5,2024-09-21 09:00:00,9,5,0,67,moyen
6,2024-09-21 09:00:00,9,5,0,111,moyen
7,2024-09-21 09:00:00,9,5,0,85,moyen
8,2024-09-21 09:00:00,9,5,1,16,eleve
9,2024-09-21 09:00:00,9,5,1,11,moyen
10,2024-09-21 09:00:00,9,5,1,12,moyen
11,2024-09-21 09:00:00,9,5,0,9,moyen
12,2024-09-21 09:00:00,9,5,1,9,moyen
13,2024-09-21 09:00:00,9,5,1,10,moyen
14,2024-09-21 09:00:00,9,5,1,25,moyen
15,2024-09-21 09:00:00,9,5,0,20,moyen
16,2024-09-21 09:00:00,9,5,1,17,moyen
17,2024-09-21 09:00:00,9,5,0,17,moyen
18,2024-09-21 09:00:00,9,5,1,17,moyen
19,2024-09-21 09:00:00,9,5,1,19,moyen
20,2024-09-21 09:00:00,9,5,0,20,moyen
21,2024-09-21 09:00:00,9,5,1,18,moyen
22,2024-09-21 09:00:00,9,5,1,13,moyen
23,2024-09-21 09:00:00,9,5,1,11,moyen
24,2024-09-21 09:00:00,9,5,1,15,moyen
25,2024-09-21 09:00:00,9,5,0,16,moyen
26,2024-09-21 09:00:00,9,5,1,16,moyen
27,2024-09-21 09:00:00,9,5,1,14,moyen
28,2024-09-21 09:00:00,9,5,0,14,moyen
29,2024-09-21 09:00:00,9,5,1,15,moyen
30,2024-09-21 09:00:00,9,5,1,11,moyen
31,2024-09-21 09:00:00,9,5,1,11,moyen
32,2024-09-21 09:00:00,9,5,0,9,moyen
33,2024-09-21 09:00:00,9,5,1,7,moyen
34,2024-09-21 09:00:00,9,5,0,10,moyen
35,2024-09-21 09:00:00,9,5,1,15,faible
36,2024-09-21 09:00:00,9,5,1,8,moyen
37,2024-09-21 09:00:00,9,5,1,8,moyen
38,2024-09-21 09:00:00,9,5,0,49,moyen
1,2024-09-21 10:00:00,10,5,1,9,moyen
2,2024-09-21 10:00:00,10,5,1,7,faible
3,2024-09-21 10:00:00,10,5,1,5,faible
4,2024-09-21 10:00:00,10,5,1,0,faible
5,2024-09-21 10:00:00,10,5,0,62,moyen
6,2024-09-21 10:00:00,10,5,0,91,moyen
7,2024-09-21 10:00:00,10,5,0,81,moyen
8,2024-09-21 10:00:00,10,5,1,9,moyen
9,2024-09-21 10:00:00,10,5,1,13,moyen
10,2024-09-21 10:00:00,10,5,1,9,moyen
11,2024-09-21 10:00:00,10,5,1,8,moyen
12,2024-09-21 10:00:00,10,5,0,7,moyen
13,2024-09-21 10:00:00,10,5,1,9,moyen
14,2024-09-21 10:00:00,10,5,0,25,moyen
15,2024-09-21 10:00:00,10,5,1,20,moyen
16,2024-09-21 10:00:00,10,5,0,18,moyen
17,2024-09-21 10:00:00,10,5,1,20,moyen
18,2024-09-21 10:00:00,10,5,1,19,moyen
19,2024-09-21 10:00:00,10,5,0,21,moyen
20,2024-09-21 10:00:00,10,5,0,17,moyen
21,2024-09-21 10:00:00,10,5,1,14,moyen
22,2024-09-21 10:00:00,10,5,1,15,moyen
23,2024-09-21 10:00:00,10,5,0,11,moyen
24,2024-09-21 10:00:00,10,5,1,17,moyen
25,2024-09-21 10:00:00,10,5,1,19,moyen
26,2024-09-21 10:00:00,10,5,1,15,moyen
27,2024-09-21 10:00:00,10,5,0,16,moyen
28,2024-09-21 10:00:00,10,5,1,18,moyen
29,2024-09-21 10:00:00,10,5,1,13,moyen
30,2024-09-21 10:00:00,10,5,1,13,moyen
31,2024-09-21 10:00:00,10,5,1,11,moyen
32,2024-09-21 10:00:00,10,5,0,9,moyen
33,2024-09-21 10:00:00,10,5,1,10,moyen
34,2024-09-21 10:00:00,10,5,1,8,moyen
35,2024-09-21 10:00:00,10,5,1,25,moyen
36,2024-09-21 10:00:00,10,5,1,7,moyen
37,2024-09-21 10:00:00,10,5,1,8,moyen
38,2024-09-21 10:00:00,10,5,0,55,moyen
1,2024-09-21 11:00:00,11,5,1,7,faible
2,2024-09-21 11:00:00,11,5,1,8,moyen
3,2024-09-21 11:00:00,11,5,1,4,faible
4,2024-09-21 11:00:00,11,5,1,0,faible
5,2024-09-21 11:00:00,11,5,0,58,moyen
6,2024-09-21 11:00:00,11,5,0,108,moyen
7,2024-09-21 11:00:00,11,5,0,71,moyen
8,2024-09-21 11:00:00,11,5,0,10,moyen
9,2024-09-21 11:00:00,11,5,1,15,moyen
10,2024-09-21 11:00:00,11,5,0,11,moyen
11,2024-09-21 11:00:00,11,5,1,10,moyen
12,2024-09-21 11:00:00,11,5,1,7,moyen
13,2024-09-21 11:00:00,11,5,1,9,moyen
14,2024-09-21 11:00:00,11,5,1,22,moyen
15,2024-09-21 11:00:00,11,5,0,21,moyen
16,2024-09-21 11:00:00,11,5,1,16,moyen
17,2024-09-21 11:00:00,11,5,1,19,moyen
18,2024-09-21 11:00:00,11,5,0,20,moyen
19,2024-09-21 11:00:00,11,5,1,23,moyen
20,2024-09-21 11:00:00,11,5,1,17,moyen
21,2024-09-21 11:00:00,11,5,1,16,moyen
22,2024-09-21 11:00:00,11,5,0,17,moyen
23,2024-09-21 11:00:00,11,5,0,11,moyen
24,2024-09-21 11:00:00,11,5,0,17,moyen
25,2024-09-21 11:00:00,11,5,0,18,moyen
26,2024-09-21 11:00:00,11,5,1,14,moyen
27,2024-09-21 11:00:00,11,5,0,13,moyen
28,2024-09-21 11:00:00,11,5,0,18,moyen
29,2024-09-21 11:00:00,11,5,0,13,moyen
30,2024-09-21 11:00:00,11,5,1,13,moyen
31,2024-09-21 11:00:00,11,5,1,12,moyen
32,2024-09-21 11:00:00,11,5,1,10,moyen
33,2024-09-21 11:00:00,11,5,0,9,moyen
34,2024-09-21 11:00:00,11,5,0,8,moyen
35,2024-09-21 11:00:00,11,5,0,23,faible
36,2024-09-21 11:00:00,11,5,0,8,moyen
37,2024-09-21 11:00:00,11,5,1,7,moyen
38,2024-09-21 11:00:00,11,5,0,53,moyen
1,2024-09-21 12:00:00,12,5,1,11,moyen
2,2024-09-21 12:00:00,12,5,1,6,faible
3,2024-09-21 12:00:00,12,5,1,4,faible
4,2024-09-21 12:00:00,12,5,1,1,faible
5,2024-09-21 12:00:00,12,5,0,29,faible
6,2024-09-21 12:00:00,12,5,0,30,faible
7,2024-09-21 12:00:00,12,5,0,41,faible
8,2024-09-21 12:00:00,12,5,1,12,moyen
9,2024-09-21 12:00:00,12,5,1,12,moyen
10,2024-09-21 12:00:00,12,5,1,11,moyen
11,2024-09-21 12:00:00,12,5,1,8,moyen
12,2024-09-21 12:00:00,12,5,1,7,moyen
13,2024-09-21 12:00:00,12,5,1,12,moyen
14,2024-09-21 12:00:00,12,5,1,7,faible
15,2024-09-21 12:00:00,12,5,1,8,faible
16,2024-09-21 12:00:00,12,5,0,4,faible
17,2024-09-21 12:00:00,12,5,1,7,faible
18,2024-09-21 12:00:00,12,5,1,2,faible
19,2024-09-21 12:00:00,12,5,1,8,faible
20,2024-09-21 12:00:00,12,5,1,7,faible
21,2024-09-21 12:00:00,12,5,1,4,faible
22,2024-09-21 12:00:00,12,5,0,7,faible
23,2024-09-21 12:00:00,12,5,1,5,faible
24,2024-09-21 12:00:00,12,5,1,3,faible
25,2024-09-21 12:00:00,12,5,1,4,faible
26,2024-09-21 12:00:00,12,5,0,6,faible
27,2024-09-21 12:00:00,12,5,0,7,faible
28,2024-09-21 12:00:00,12,5,0,3,faible
29,2024-09-21 12:00:00,12,5,1,4,faible
30,2024-09-21 12:00:00,12,5,0,5,faible
31,2024-09-21 12:00:00,12,5,1,2,faible
32,2024-09-21 12:00:00,12,5,1,5,faible
33,2024-09-21 12:00:00,12,5,0,3,faible
34,2024-09-21 12:00:00,12,5,1,4,faible
35,2024-09-21 12:00:00,12,5,0,49,moyen
36,2024-09-21 12:00:00,12,5,0,7,moyen
37,2024-09-21 12:00:00,12,5,1,8,moyen
38,2024-09-21 12:00:00,12,5,0,23,faible
1,2024-09-21 13:00:00,13,5,1,7,faible
2,2024-09-21 13:00:00,13,5,1,9,moyen
3,2024-09-21 13:00:00,13,5,1,5,faible
4,2024-09-21 13:00:00,13,5,1,0,faible
5,2024-09-21 13:00:00,13,5,0,25,faible
6,2024-09-21 13:00:00,13,5,0,24,faible
7,2024-09-21 13:00:00,13,5,0,37,faible
8,2024-09-21 13:00:00,13,5,1,3,faible
9,2024-09-21 13:00:00,13,5,1,5,faible
10,2024-09-21 13:00:00,13,5,1,3,faible
11,2024-09-21 13:00:00,13,5,1,3,faible
12,2024-09-21 13:00:00,13,5,1,1,faible
13,2024-09-21 13:00:00,13,5,1,3,faible
14,2024-09-21 13:00:00,13,5,1,8,faible
15,2024-09-21 13:00:00,13,5,1,8,faible
16,2024-09-21 13:00:00,13,5,0,5,faible
17,2024-09-21 13:00:00,13,5,1,7,faible
18,2024-09-21 13:00:00,13,5,0,2,faible
19,2024-09-21 13:00:00,13,5,1,3,faible
20,2024-09-21 13:00:00,13,5,0,5,faible
21,2024-09-21 13:00:00,13,5,1,6,faible
22,2024-09-21 13:00:00,13,5,0,7,faible
23,2024-09-21 13:00:00,13,5,1,3,faible
24,2024-09-21 13:00:00,13,5,0,3,faible
25,2024-09-21 13:00:00,13,5,0,7,faible
26,2024-09-21 13:00:00,13,5,1,5,faible
27,2024-09-21 13:00:00,13,5,0,3,faible
28,2024-09-21 13:00:00,13,5,0,2,faible
29,2024-09-21 13:00:00,13,5,1,4,faible
30,2024-09-21 13:00:00,13,5,1,5,faible
31,2024-09-21 13:00:00,13,5,0,5,faible
32,2024-09-21 13:00:00,13,5,1,2,faible
33,2024-09-21 13:00:00,13,5,1,2,faible
34,2024-09-21 13:00:00,13,5,1,2,faible
35,2024-09-21 13:00:00,13,5,0,41,moyen
36,2024-09-21 13:00:00,13,5,1,1,faible
37,2024-09-21 13:00:00,13,5,0,3,faible
38,2024-09-21 13:00:00,13,5,0,16,faible
1,2024-09-21 14:00:00,14,5,0,6,faible
2,2024-09-21 14:00:00,14,5,0,5,faible
3,2024-09-21 14:00:00,14,5,0,4,faible
4,2024-09-21 14:00:00,14,5,0,0,faible
5,2024-09-21 14:00:00,14,5,0,20,faible
6,2024-09-21 14:00:00,14,5,0,47,faible
7,2024-09-21 14:00:00,14,5,0,26,faible
8,2024-09-21 14:00:00,14,5,0,12,moyen
9,2024-09-21 14:00:00,14,5,0,13,moyen
10,2024-09-21 14:00:00,14,5,0,9,moyen
11,2024-09-21 14:00:00,14,5,0,9,moyen
12,2024-09-21 14:00:00,14,5,0,7,moyen
13,2024-09-21 14:00:00,14,5,0,10,moyen
14,2024-09-21 14:00:00,14,5,0,26,moyen
15,2024-09-21 14:00:00,14,5,0,25,moyen
16,2024-09-21 14:00:00,14,5,0,19,moyen
17,2024-09-21 14:00:00,14,5,0,22,moyen
18,2024-09-21 14:00:00,14,5,0,18,moyen
19,2024-09-21 14:00:00,14,5,0,21,moyen
20,2024-09-21 14:00:00,14,5,0,15,moyen
21,2024-09-21 14:00:00,14,5,0,13,moyen
22,2024-09-21 14:00:00,14,5,0,15,moyen
23,2024-09-21 14:00:00,14,5,0,12,moyen
24,2024-09-21 14:00:00,14,5,0,19,moyen
25,2024-09-21 14:00:00,14,5,0,16,moyen
26,2024-09-21 14:00:00,14,5,0,13,moyen
27,2024-09-21 14:00:00,14,5,0,17,moyen
28,2024-09-21 14:00:00,14,5,0,19,moyen
29,2024-09-21 14:00:00,14,5,0,12,moyen
30,2024-09-21 14:00:00,14,5,0,11,moyen
31,2024-09-21 14:00:00,14,5,0,10,moyen
32,2024-09-21 14:00:00,14,5,0,9,moyen
33,2024-09-21 14:00:00,14,5,0,9,moyen
34,2024-09-21 14:00:00,14,5,0,10,moyen
35,2024-09-21 14:00:00,14,5,0,15,faible
36,2024-09-21 14:00:00,14,5,0,7,moyen
37,2024-09-21 14:00:00,14,5,0,7,moyen
38,2024-09-21 14:00:00,14,5,0,12,faible
1,2024-09-21 15:00:00,15,5,0,10,moyen
2,2024-09-21 15:00:00,15,5,0,7,faible
3,2024-09-21 15:00:00,15,5,0,5,faible
4,2024-09-21 15:00:00,15,5,0,1,faible
5,2024-09-21 15:00:00,15,5,0,27,faible
6,2024-09-21 15:00:00,15,5,0,43,faible
7,2024-09-21 15:00:00,15,5,0,28,faible
8,2024-09-21 15:00:00,15,5,0,9,moyen
9,2024-09-21 15:00:00,15,5,0,12,moyen
10,2024-09-21 15:00:00,15,5,0,9,moyen
11,2024-09-21 15:00:00,15,5,0,8,moyen
12,2024-09-21 15:00:00,15,5,0,7,moyen
13,2024-09-21 15:00:00,15,5,0,10,moyen
14,2024-09-21 15:00:00,15,5,0,21,moyen
15,2024-09-21 15:00:00,15,5,0,22,moyen
16,2024-09-21 15:00:00,15,5,0,22,moyen
17,2024-09-21 15:00:00,15,5,0,23,moyen
18,2024-09-21 15:00:00,15,5,0,17,moyen
19,2024-09-21 15:00:00,15,5,0,20,moyen
20,2024-09-21 15:00:00,15,5,0,15,moyen
21,2024-09-21 15:00:00,15,5,0,15,moyen
22,2024-09-21 15:00:00,15,5,0,16,moyen
23,2024-09-21 15:00:00,15,5,0,13,moyen
24,2024-09-21 15:00:00,15,5,0,21,moyen
25,2024-09-21 15:00:00,15,5,0,14,moyen
26,2024-09-21 15:00:00,15,5,0,14,moyen
27,2024-09-21 15:00:00,15,5,0,13,moyen
28,2024-09-21 15:00:00,15,5,0,17,moyen
29,2024-09-21 15:00:00,15,5,0,11,moyen
30,2024-09-21 15:00:00,15,5,0,12,moyen
31,2024-09-21 15:00:00,15,5,0,12,moyen
32,2024-09-21 15:00:00,15,5,0,11,moyen
33,2024-09-21 15:00:00,15,5,0,9,moyen
34,2024-09-21 15:00:00,15,5,0,8,moyen
35,2024-09-21 15:00:00,15,5,0,23,faible
36,2024-09-21 15:00:00,15,5,0,9,moyen
37,2024-09-21 15:00:00,15,5,0,7,moyen
38,2024-09-21 15:00:00,15,5,0,14,faible
1,2024-09-21 16:00:00,16,5,0,8,faible
2,2024-09-21 16:00:00,16,5,0,8,moyen
3,2024-09-21 16:00:00,16,5,0,4,faible
4,2024-09-21 16:00:00,16,5,0,0,faible
5,2024-09-21 16:00:00,16,5,0,26,faible
6,2024-09-21 16:00:00,16,5,0,30,faible
7,2024-09-21 16:00:00,16,5,0,32,faible
8,2024-09-21 16:00:00,16,5,0,10,moyen
9,2024-09-21 16:00:00,16,5,0,13,moyen
10,2024-09-21 16:00:00,16,5,0,11,moyen
11,2024-09-21 16:00:00,16,5,0,8,moyen
12,2024-09-21 16:00:00,16,5,0,8,moyen
13,2024-09-21 16:00:00,16,5,0,9,moyen
14,2024-09-21 16:00:00,16,5,0,23,moyen
15,2024-09-21 16:00:00,16,5,0,21,moyen
16,2024-09-21 16:00:00,16,5,0,17,moyen
17,2024-09-21 16:00:00,16,5,0,17,moyen
18,2024-09-21 16:00:00,16,5,0,20,moyen
19,2024-09-21 16:00:00,16,5,0,21,moyen
20,2024-09-21 16:00:00,16,5,0,19,moyen
21,2024-09-21 16:00:00,16,5,0,14,moyen
22,2024-09-21 16:00:00,16,5,0,15,moyen
23,2024-09-21 16:00:00,16,5,0,13,moyen
24,2024-09-21 16:00:00,16,5,0,17,moyen
25,2024-09-21 16:00:00,16,5,0,21,moyen
26,2024-09-21 16:00:00,16,5,0,14,moyen
27,2024-09-21 16:00:00,16,5,0,17,moyen
28,2024-09-21 16:00:00,16,5,0,18,moyen
29,2024-09-21 16:00:00,16,5,0,14,moyen
30,2024-09-21 16:00:00,16,5,0,15,moyen
31,2024-09-21 16:00:00,16,5,0,10,moyen
32,2024-09-21 16:00:00,16,5,0,10,moyen
33,2024-09-21 16:00:00,16,5,0,9,moyen
34,2024-09-21 16:00:00,16,5,0,9,moyen
35,2024-09-21 16:00:00,16,5,0,26,moyen
36,2024-09-21 16:00:00,16,5,0,7,moyen
37,2024-09-21 16:00:00,16,5,0,7,moyen
38,2024-09-21 16:00:00,16,5,0,27,faible
1,2024-09-21 17:00:00,17,5,0,9,moyen
2,2024-09-21 17:00:00,17,5,0,7,faible
3,2024-09-21 17:00:00,17,5,0,7,moyen
4,2024-09-21 17:00:00,17,5,0,0,faible
5,2024-09-21 17:00:00,17,5,0,15,faible
6,2024-09-21 17:00:00,17,5,0,34,faible
7,2024-09-21 17:00:00,17,5,0,24,faible
8,2024-09-21 17:00:00,17,5,0,11,moyen
9,2024-09-21 17:00:00,17,5,0,15,moyen
10,2024-09-21 17:00:00,17,5,0,10,moyen
11,2024-09-21 17:00:00,17,5,0,10,moyen
12,2024-09-21 17:00:00,17,5,0,7,moyen
13,2024-09-21 17:00:00,17,5,0,10,moyen
14,2024-09-21 17:00:00,17,5,0,9,faible
15,2024-09-21 17:00:00,17,5,0,5,faible
16,2024-09-21 17:00:00,17,5,0,7,faible
17,2024-09-21 17:00:00,17,5,0,9,faible
18,2024-09-21 17:00:00,17,5,0,8,faible
19,2024-09-21 17:00:00,17,5,0,8,faible
20,2024-09-21 17:00:00,17,5,0,9,faible
21,2024-09-21 17:00:00,17,5,0,4,faible
22,2024-09-21 17:00:00,17,5,0,4,faible
23,2024-09-21 17:00:00,17,5,0,4,faible
24,2024-09-21 17:00:00,17,5,0,3,faible
25,2024-09-21 17:00:00,17,5,0,3,faible
26,2024-09-21 17:00:00,17,5,0,5,faible
27,2024-09-21 17:00:00,17,5,0,7,faible
28,2024-09-21 17:00:00,17,5,0,5,faible
29,2024-09-21 17:00:00,17,5,0,2,faible
30,2024-09-21 17:00:00,17,5,0,5,faible
31,2024-09-21 17:00:00,17,5,0,2,faible
32,2024-09-21 17:00:00,17,5,0,2,faible
33,2024-09-21 17:00:00,17,5,0,3,faible
34,2024-09-21 17:00:00,17,5,0,2,faible
35,2024-09-21 17:00:00,17,5,0,48,moyen
36,2024-09-21 17:00:00,17,5,0,8,moyen
37,2024-09-21 17:00:00,17,5,0,7,moyen
38,2024-09-21 17:00:00,17,5,0,23,faible
1,2024-09-21 18:00:00,18,5,0,0,faible
2,2024-09-21 18:00:00,18,5,0,0,faible
3,2024-09-21 18:00:00,18,5,0,0,faible
4,2024-09-21 18:00:00,18,5,0,0,faible
5,2024-09-21 18:00:00,18,5,0,23,faible
6,2024-09-21 18:00:00,18,5,0,41,faible
7,2024-09-21 18:00:00,18,5,0,40,faible
8,2024-09-21 18:00:00,18,5,0,1,faible
9,2024-09-21 18:00:00,18,5,0,4,faible
10,2024-09-21 18:00:00,18,5,0,2,faible
11,2024-09-21 18:00:00,18,5,0,2,faible
12,2024-09-21 18:00:00,18,5,0,1,faible
13,2024-09-21 18:00:00,18,5,0,1,faible
14,2024-09-21 18:00:00,18,5,0,5,faible
15,2024-09-21 18:00:00,18,5,0,7,faible
16,2024-09-21 18:00:00,18,5,0,7,faible
17,2024-09-21 18:00:00,18,5,0,7,faible
18,2024-09-21 18:00:00,18,5,0,3,faible
19,2024-09-21 18:00:00,18,5,0,4,faible
20,2024-09-21 18:00:00,18,5,0,8,faible
21,2024-09-21 18:00:00,18,5,0,5,faible
22,2024-09-21 18:00:00,18,5,0,4,faible
23,2024-09-21 18:00:00,18,5,0,4,faible
24,2024-09-21 18:00:00,18,5,0,5,faible
25,2024-09-21 18:00:00,18,5,0,8,faible
26,2024-09-21 18:00:00,18,5,0,2,faible
27,2024-09-21 18:00:00,18,5,0,4,faible
28,2024-09-21 18:00:00,18,5,0,3,faible
29,2024-09-21 18:00:00,18,5,0,3,faible
30,2024-09-21 18:00:00,18,5,0,2,faible
31,2024-09-21 18:00:00,18,5,0,1,faible
32,2024-09-21 18:00:00,18,5,0,4,faible
33,2024-09-21 18:00:00,18,5,0,2,faible
34,2024-09-21 18:00:00,18,5,0,2,faible
35,2024-09-21 18:00:00,18,5,0,53,moyen
36,2024-09-21 18:00:00,18,5,0,2,faible
37,2024-09-21 18:00:00,18,5,0,2,faible
38,2024-09-21 18:00:00,18,5,0,26,faible
1,2024-09-21 19:00:00,19,5,0,0,faible
2,2024-09-21 19:00:00,19,5,0,0,faible
3,2024-09-21 19:00:00,19,5,0,1,faible
4,2024-09-21 19:00:00,19,5,0,0,faible
5,2024-09-21 19:00:00,19,5,0,19,faible
6,2024-09-21 19:00:00,19,5,0,35,faible
7,2024-09-21 19:00:00,19,5,0,33,faible
8,2024-09-21 19:00:00,19,5,0,3,faible
9,2024-09-21 19:00:00,19,5,0,3,faible
10,2024-09-21 19:00:00,19,5,0,3,faible
11,2024-09-21 19:00:00,19,5,0,1,faible
12,2024-09-21 19:00:00,19,5,0,2,faible
13,2024-09-21 19:00:00,19,5,0,4,faible
14,2024-09-21 19:00:00,19,5,0,9,faible
15,2024-09-21 19:00:00,19,5,0,4,faible
16,2024-09-21 19:00:00,19,5,0,7,faible
17,2024-09-21 19:00:00,19,5,0,4,faible
18,2024-09-21 19:00:00,19,5,0,7,faible
19,2024-09-21 19:00:00,19,5,0,6,faible
20,2024-09-21 19:00:00,19,5,0,6,faible
21,2024-09-21 19:00:00,19,5,0,7,faible
22,2024-09-21 19:00:00,19,5,0,4,faible
23,2024-09-21 19:00:00,19,5,0,3,faible
24,2024-09-21 19:00:00,19,5,0,6,faible
25,2024-09-21 19:00:00,19,5,0,3,faible
26,2024-09-21 19:00:00,19,5,0,3,faible
27,2024-09-21 19:00:00,19,5,0,3,faible
28,2024-09-21 19:00:00,19,5,0,8,faible
29,2024-09-21 19:00:00,19,5,0,6,faible
30,2024-09-21 19:00:00,19,5,0,5,faible
31,2024-09-21 19:00:00,19,5,0,2,faible
32,2024-09-21 19:00:00,19,5,0,3,faible
33,2024-09-21 19:00:00,19,5,0,2,faible
34,2024-09-21 19:00:00,19,5,0,2,faible
35,2024-09-21 19:00:00,19,5,0,52,moyen
36,2024-09-21 19:00:00,19,5,0,3,faible
37,2024-09-21 19:00:00,19,5,0,3,faible
38,2024-09-21 19:00:00,19,5,0,17,faible
1,2024-09-21 20:00:00,20,5,0,2,faible
2,2024-09-21 20:00:00,20,5,0,1,faible
3,2024-09-21 20:00:00,20,5,0,2,faible
4,2024-09-21 20:00:00,20,5,0,0,faible
5,2024-09-21 20:00:00,20,5,0,21,faible
6,2024-09-21 20:00:00,20,5,0,54,faible
7,2024-09-21 20:00:00,20,5,0,39,faible
8,2024-09-21 20:00:00,20,5,0,2,faible
9,2024-09-21 20:00:00,20,5,0,5,faible
10,2024-09-21 20:00:00,20,5,0,3,faible
11,2024-09-21 20:00:00,20,5,0,2,faible
12,2024-09-21 20:00:00,20,5,0,2,faible
13,2024-09-21 20:00:00,20,5,0,3,faible
14,2024-09-21 20:00:00,20,5,0,11,faible
15,2024-09-21 20:00:00,20,5,0,5,faible
16,2024-09-21 20:00:00,20,5,0,6,faible
17,2024-09-21 20:00:00,20,5,0,5,faible
18,2024-09-21 20:00:00,20,5,0,5,faible
19,2024-09-21 20:00:00,20,5,0,4,faible
20,2024-09-21 20:00:00,20,5,0,8,faible
21,2024-09-21 20:00:00,20,5,0,5,faible
22,2024-09-21 20:00:00,20,5,0,6,faible
23,2024-09-21 20:00:00,20,5,0,6,faible
24,2024-09-21 20:00:00,20,5,0,2,faible
25,2024-09-21 20:00:00,20,5,0,5,faible
26,2024-09-21 20:00:00,20,5,0,3,faible
27,2024-09-21 20:00:00,20,5,0,2,faible
28,2024-09-21 20:00:00,20,5,0,5,faible
29,2024-09-21 20:00:00,20,5,0,2,faible
30,2024-09-21 20:00:00,20,5,0,4,faible
31,2024-09-21 20:00:00,20,5,0,3,faible
32,2024-09-21 20:00:00,20,5,0,3,faible
33,2024-09-21 20:00:00,20,5,0,2,faible
34,2024-09-21 20:00:00,20,5,0,1,faible
35,2024-09-21 20:00:00,20,5,0,52,moyen
36,2024-09-21 20:00:00,20,5,0,1,faible
37,2024-09-21 20:00:00,20,5,0,2,faible
38,2024-09-21 20:00:00,20,5,0,14,faible
1,2024-09-21 21:00:00,21,5,0,1,faible
2,2024-09-21 21:00:00,21,5,0,0,faible
3,2024-09-21 21:00:00,21,5,0,0,faible
4,2024-09-21 21:00:00,21,5,0,0,faible
5,2024-09-21 21:00:00,21,5,0,18,faible
6,2024-09-21 21:00:00,21,5,0,34,faible
7,2024-09-21 21:00:00,21,5,0,18,faible
8,2024-09-21 21:00:00,21,5,0,2,faible
9,2024-09-21 21:00:00,21,5,0,4,faible
10,2024-09-21 21:00:00,21,5,0,2,faible
11,2024-09-21 21:00:00,21,5,0,3,faible
12,2024-09-21 21:00:00,21,5,0,3,faible
13,2024-09-21 21:00:00,21,5,0,1,faible
14,2024-09-21 21:00:00,21,5,0,8,faible
15,2024-09-21 21:00:00,21,5,0,5,faible
16,2024-09-21 21:00:00,21,5,0,9,faible
17,2024-09-21 21:00:00,21,5,0,7,faible
18,2024-09-21 21:00:00,21,5,0,8,faible
19,2024-09-21 21:00:00,21,5,0,4,faible
20,2024-09-21 21:00:00,21,5,0,7,faible
21,2024-09-21 21:00:00,21,5,0,4,faible
22,2024-09-21 21:00:00,21,5,0,5,faible
23,2024-09-21 21:00:00,21,5,0,4,faible
24,2024-09-21 21:00:00,21,5,0,8,faible
25,2024-09-21 21:00:00,21,5,0,8,faible
26,2024-09-21 21:00:00,21,5,0,6,faible
27,2024-09-21 21:00:00,21,5,0,6,faible
28,2024-09-21 21:00:00,21,5,0,2,faible
29,2024-09-21 21:00:00,21,5,0,6,faible
30,2024-09-21 21:00:00,21,5,0,6,faible
31,2024-09-21 21:00:00,21,5,0,4,faible
32,2024-09-21 21:00:00,21,5,0,3,faible
33,2024-09-21 21:00:00,21,5,0,4,faible
34,2024-09-21 21:00:00,21,5,0,2,faible
35,2024-09-21 21:00:00,21,5,0,52,moyen
36,2024-09-21 21:00:00,21,5,0,1,faible
37,2024-09-21 21:00:00,21,5,0,2,faible
38,2024-09-21 21:00:00,21,5,0,19,faible
1,2024-09-23 07:00:00,7,0,0,0,faible
2,2024-09-23 07:00:00,7,0,0,1,faible
3,2024-09-23 07:00:00,7,0,0,1,faible
4,2024-09-23 07:00:00,7,0,0,0,faible
5,2024-09-23 07:00:00,7,0,0,23,faible
6,2024-09-23 07:00:00,7,0,0,45,faible
7,2024-09-23 07:00:00,7,0,0,40,faible
8,2024-09-23 07:00:00,7,0,0,4,faible
9,2024-09-23 07:00:00,7,0,0,2,faible
10,2024-09-23 07:00:00,7,0,0,2,faible
11,2024-09-23 07:00:00,7,0,0,2,faible
12,2024-09-23 07:00:00,7,0,0,2,faible
13,2024-09-23 07:00:00,7,0,0,1,faible
14,2024-09-23 07:00:00,7,0,0,3,faible
15,2024-09-23 07:00:00,7,0,0,8,faible
16,2024-09-23 07:00:00,7,0,0,8,faible
17,2024-09-23 07:00:00,7,0,0,5,faible
18,2024-09-23 07:00:00,7,0,0,7,faible
19,2024-09-23 07:00:00,7,0,0,6,faible
20,2024-09-23 07:00:00,7,0,0,5,faible
21,2024-09-23 07:00:00,7,0,0,6,faible
22,2024-09-23 07:00:00,7,0,0,2,faible
23,2024-09-23 07:00:00,7,0,0,3,faible
24,2024-09-23 07:00:00,7,0,0,6,faible
25,2024-09-23 07:00:00,7,0,0,7,faible
26,2024-09-23 07:00:00,7,0,0,7,faible
27,2024-09-23 07:00:00,7,0,0,6,faible
28,2024-09-23 07:00:00,7,0,0,7,faible
29,2024-09-23 07:00:00,7,0,0,4,faible
30,2024-09-23 07:00:00,7,0,0,2,faible
31,2024-09-23 07:00:00,7,0,0,2,faible
32,2024-09-23 07:00:00,7,0,0,2,faible
33,2024-09-23 07:00:00,7,0,0,3,faible
34,2024-09-23 07:00:00,7,0,0,1,faible
35,2024-09-23 07:00:00,7,0,0,24,moyen
36,2024-09-23 07:00:00,7,0,0,3,faible
37,2024-09-23 07:00:00,7,0,0,3,faible
38,2024-09-23 07:00:00,7,0,0,23,faible
1,2024-09-23 08:00:00,8,0,1,9,moyen
2,2024-09-23 08:00:00,8,0,1,7,faible
3,2024-09-23 08:00:00,8,0,1,5,faible
4,2024-09-23 08:00:00,8,0,1,0,faible
5,2024-09-23 08:00:00,8,0,1,55,moyen
6,2024-09-23 08:00:00,8,0,1,114,moyen
7,2024-09-23 08:00:00,8,0,1,76,moyen
8,2024-09-23 08:00:00,8,0,1,2,faible
9,2024-09-23 08:00:00,8,0,1,3,faible
10,2024-09-23 08:00:00,8,0,0,3,faible
11,2024-09-23 08:00:00,8,0,0,3,faible
12,2024-09-23 08:00:00,8,0,1,3,faible
13,2024-09-23 08:00:00,8,0,1,2,faible
14,2024-09-23 08:00:00,8,0,1,8,faible
15,2024-09-23 08:00:00,8,0,1,6,faible
16,2024-09-23 08:00:00,8,0,0,7,faible
17,2024-09-23 08:00:00,8,0,1,9,faible
18,2024-09-23 08:00:00,8,0,1,8,faible
19,2024-09-23 08:00:00,8,0,1,3,faible
20,2024-09-23 08:00:00,8,0,0,8,faible
21,2024-09-23 08:00:00,8,0,0,6,faible
22,2024-09-23 08:00:00,8,0,0,7,faible
23,2024-09-23 08:00:00,8,0,1,5,faible
24,2024-09-23 08:00:00,8,0,1,3,faible
25,2024-09-23 08:00:00,8,0,0,4,faible
26,2024-09-23 08:00:00,8,0,1,6,faible
27,2024-09-23 08:00:00,8,0,0,2,faible
28,2024-09-23 08:00:00,8,0,1,4,faible
29,2024-09-23 08:00:00,8,0,1,4,faible
30,2024-09-23 08:00:00,8,0,1,4,faible
31,2024-09-23 08:00:00,8,0,0,4,faible
32,2024-09-23 08:00:00,8,0,0,5,faible
33,2024-09-23 08:00:00,8,0,1,3,faible
34,2024-09-23 08:00:00,8,0,1,3,faible
35,2024-09-23 08:00:00,8,0,0,14,faible
36,2024-09-23 08:00:00,8,0,0,1,faible
37,2024-09-23 08:00:00,8,0,0,1,faible
38,2024-09-23 08:00:00,8,0,1,48,moyen
1,2024-09-23 09:00:00,9,0,1,10,moyen
2,2024-09-23 09:00:00,9,0,1,6,faible
3,2024-09-23 09:00:00,9,0,1,6,moyen
4,2024-09-23 09:00:00,9,0,1,1,faible
5,2024-09-23 09:00:00,9,0,1,54,moyen
6,2024-09-23 09:00:00,9,0,1,104,moyen
7,2024-09-23 09:00:00,9,0,1,65,moyen
8,2024-09-23 09:00:00,9,0,0,17,eleve
9,2024-09-23 09:00:00,9,0,1,12,moyen
10,2024-09-23 09:00:00,9,0,0,11,moyen
11,2024-09-23 09:00:00,9,0,0,10,moyen
12,2024-09-23 09:00:00,9,0,1,9,moyen
13,2024-09-23 09:00:00,9,0,0,10,moyen
14,2024-09-23 09:00:00,9,0,1,19,moyen
15,2024-09-23 09:00:00,9,0,0,22,moyen
16,2024-09-23 09:00:00,9,0,1,17,moyen
17,2024-09-23 09:00:00,9,0,1,16,moyen
18,2024-09-23 09:00:00,9,0,1,19,moyen
19,2024-09-23 09:00:00,9,0,1,21,moyen
20,2024-09-23 09:00:00,9,0,1,19,moyen
21,2024-09-23 09:00:00,9,0,1,14,moyen
22,2024-09-23 09:00:00,9,0,0,15,moyen
23,2024-09-23 09:00:00,9,0,1,13,moyen
24,2024-09-23 09:00:00,9,0,1,21,moyen
25,2024-09-23 09:00:00,9,0,0,17,moyen
26,2024-09-23 09:00:00,9,0,1,16,moyen
27,2024-09-23 09:00:00,9,0,1,15,moyen
28,2024-09-23 09:00:00,9,0,1,19,moyen
29,2024-09-23 09:00:00,9,0,0,14,moyen
30,2024-09-23 09:00:00,9,0,1,11,moyen
31,2024-09-23 09:00:00,9,0,1,12,moyen
32,2024-09-23 09:00:00,9,0,1,10,moyen
33,2024-09-23 09:00:00,9,0,0,8,moyen
34,2024-09-23 09:00:00,9,0,1,8,moyen
35,2024-09-23 09:00:00,9,0,1,21,faible
36,2024-09-23 09:00:00,9,0,0,8,moyen
37,2024-09-23 09:00:00,9,0,1,7,moyen
38,2024-09-23 09:00:00,9,0,1,45,moyen
1,2024-09-23 10:00:00,10,0,1,7,faible
2,2024-09-23 10:00:00,10,0,1,8,moyen
3,2024-09-23 10:00:00,10,0,1,6,moyen
4,2024-09-23 10:00:00,10,0,1,0,faible
5,2024-09-23 10:00:00,10,0,1,55,moyen
6,2024-09-23 10:00:00,10,0,1,96,moyen
7,2024-09-23 10:00:00,10,0,1,78,moyen
8,2024-09-23 10:00:00,10,0,1,9,moyen
9,2024-09-23 10:00:00,10,0,1,14,moyen
10,2024-09-23 10:00:00,10,0,1,9,moyen
11,2024-09-23 10:00:00,10,0,0,10,moyen
12,2024-09-23 10:00:00,10,0,1,8,moyen
13,2024-09-23 10:00:00,10,0,0,11,moyen
14,2024-09-23 10:00:00,10,0,1,25,moyen
15,2024-09-23 10:00:00,10,0,1,18,moyen
16,2024-09-23 10:00:00,10,0,0,19,moyen
17,2024-09-23 10:00:00,10,0,0,22,moyen
18,2024-09-23 10:00:00,10,0,1,19,moyen
19,2024-09-23 10:00:00,10,0,1,22,moyen
20,2024-09-23 10:00:00,10,0,0,16,moyen
21,2024-09-23 10:00:00,10,0,1,15,moyen
22,2024-09-23 10:00:00,10,0,1,13,moyen
23,2024-09-23 10:00:00,10,0,1,15,moyen
24,2024-09-23 10:00:00,10,0,0,16,moyen
25,2024-09-23 10:00:00,10,0,1,16,moyen
26,2024-09-23 10:00:00,10,0,0,15,moyen
27,2024-09-23 10:00:00,10,0,1,18,moyen
28,2024-09-23 10:00:00,10,0,1,18,moyen
29,2024-09-23 10:00:00,10,0,1,15,moyen
30,2024-09-23 10:00:00,10,0,1,14,moyen
31,2024-09-23 10:00:00,10,0,1,10,moyen
32,2024-09-23 10:00:00,10,0,1,12,moyen
33,2024-09-23 10:00:00,10,0,1,9,moyen
34,2024-09-23 10:00:00,10,0,1,10,moyen
35,2024-09-23 10:00:00,10,0,1,15,faible
36,2024-09-23 10:00:00,10,0,0,8,moyen
37,2024-09-23 10:00:00,10,0,1,7,moyen
38,2024-09-23 10:00:00,10,0,1,52,moyen
1,2024-09-23 11:00:00,11,0,1,11,moyen
2,2024-09-23 11:00:00,11,0,1,6,faible
3,2024-09-23 11:00:00,11,0,1,6,moyen
4,2024-09-23 11:00:00,11,0,1,0,faible
5,2024-09-23 11:00:00,11,0,1,58,moyen
6,2024-09-23 11:00:00,11,0,1,86,moyen
7,2024-09-23 11:00:00,11,0,1,64,moyen
8,2024-09-23 11:00:00,11,0,1,12,moyen
9,2024-09-23 11:00:00,11,0,0,12,moyen
10,2024-09-23 11:00:00,11,0,1,11,moyen
11,2024-09-23 11:00:00,11,0,1,11,moyen
12,2024-09-23 11:00:00,11,0,1,7,moyen
13,2024-09-23 11:00:00,11,0,1,12,moyen
14,2024-09-23 11:00:00,11,0,1,22,moyen
15,2024-09-23 11:00:00,11,0,1,24,moyen
16,2024-09-23 11:00:00,11,0,1,22,moyen
17,2024-09-23 11:00:00,11,0,1,23,moyen
18,2024-09-23 11:00:00,11,0,1,18,moyen
19,2024-09-23 11:00:00,11,0,1,21,moyen
20,2024-09-23 11:00:00,11,0,1,17,moyen
21,2024-09-23 11:00:00,11,0,1,15,moyen
22,2024-09-23 11:00:00,11,0,1,14,moyen
23,2024-09-23 11:00:00,11,0,1,14,moyen
24,2024-09-23 11:00:00,11,0,0,20,moyen
25,2024-09-23 11:00:00,11,0,0,19,moyen
26,2024-09-23 11:00:00,11,0,1,16,moyen
27,2024-09-23 11:00:00,11,0,1,13,moyen
28,2024-09-23 11:00:00,11,0,0,16,moyen
29,2024-09-23 11:00:00,11,0,1,14,moyen
30,2024-09-23 11:00:00,11,0,1,12,moyen
31,2024-09-23 11:00:00,11,0,1,11,moyen
32,2024-09-23 11:00:00,11,0,1,9,moyen
33,2024-09-23 11:00:00,11,0,1,9,moyen
34,2024-09-23 11:00:00,11,0,1,8,moyen
35,2024-09-23 11:00:00,11,0,0,13,faible
36,2024-09-23 11:00:00,11,0,1,8,moyen
37,2024-09-23 11:00:00,11,0,0,7,moyen
38,2024-09-23 11:00:00,11,0,1,43,moyen
1,2024-09-23 12:00:00,12,0,1,8,faible
2,2024-09-23 12:00:00,12,0,1,8,moyen
3,2024-09-23 12:00:00,12,0,1,4,faible
4,2024-09-23 12:00:00,12,0,1,1,faible
5,2024-09-23 12:00:00,12,0,1,20,faible
6,2024-09-23 12:00:00,12,0,1,47,faible
7,2024-09-23 12:00:00,12,0,1,20,faible
8,2024-09-23 12:00:00,12,0,1,9,moyen
9,2024-09-23 12:00:00,12,0,1,15,moyen
10,2024-09-23 12:00:00,12,0,0,9,moyen
11,2024-09-23 12:00:00,12,0,1,9,moyen
12,2024-09-23 12:00:00,12,0,1,8,moyen
13,2024-09-23 12:00:00,12,0,1,12,moyen
14,2024-09-23 12:00:00,12,0,1,8,faible
15,2024-09-23 12:00:00,12,0,0,10,faible
16,2024-09-23 12:00:00,12,0,1,5,faible
17,2024-09-23 12:00:00,12,0,1,8,faible
18,2024-09-23 12:00:00,12,0,1,8,faible
19,2024-09-23 12:00:00,12,0,1,4,faible
20,2024-09-23 12:00:00,12,0,0,5,faible
21,2024-09-23 12:00:00,12,0,0,3,faible
22,2024-09-23 12:00:00,12,0,1,7,faible
23,2024-09-23 12:00:00,12,0,1,4,faible
24,2024-09-23 12:00:00,12,0,1,8,faible
25,2024-09-23 12:00:00,12,0,0,4,faible
26,2024-09-23 12:00:00,12,0,0,7,faible
27,2024-09-23 12:00:00,12,0,1,8,faible
28,2024-09-23 12:00:00,12,0,1,3,faible
29,2024-09-23 12:00:00,12,0,0,4,faible
30,2024-09-23 12:00:00,12,0,1,4,faible
31,2024-09-23 12:00:00,12,0,0,3,faible
32,2024-09-23 12:00:00,12,0,1,5,faible
33,2024-09-23 12:00:00,12,0,1,4,faible
34,2024-09-23 12:00:00,12,0,0,1,faible
35,2024-09-23 12:00:00,12,0,1,51,moyen
36,2024-09-23 12:00:00,12,0,1,8,moyen
37,2024-09-23 12:00:00,12,0,1,7,moyen
38,2024-09-23 12:00:00,12,0,1,12,faible
1,2024-09-23 13:00:00,13,0,1,8,faible
2,2024-09-23 13:00:00,13,0,1,8,moyen
3,2024-09-23 13:00:00,13,0,1,6,moyen
4,2024-09-23 13:00:00,13,0,1,0,faible
5,2024-09-23 13:00:00,13,0,0,25,faible
6,2024-09-23 13:00:00,13,0,0,41,faible
7,2024-09-23 13:00:00,13,0,0,26,faible
8,2024-09-23 13:00:00,13,0,0,2,faible
9,2024-09-23 13:00:00,13,0,1,5,faible
10,2024-09-23 13:00:00,13,0,1,3,faible
11,2024-09-23 13:00:00,13,0,1,3,faible
12,2024-09-23 13:00:00,13,0,0,1,faible
13,2024-09-23 13:00:00,13,0,1,4,faible
14,2024-09-23 13:00:00,13,0,1,10,faible
15,2024-09-23 13:00:00,13,0,1,9,faible
16,2024-09-23 13:00:00,13,0,0,4,faible
17,2024-09-23 13:00:00,13,0,0,9,faible
18,2024-09-23 13:00:00,13,0,0,3,faible
19,2024-09-23 13:00:00,13,0,1,10,faible
20,2024-09-23 13:00:00,13,0,1,3,faible
21,2024-09-23 13:00:00,13,0,0,3,faible
22,2024-09-23 13:00:00,13,0,1,7,faible
23,2024-09-23 13:00:00,13,0,0,4,faible
24,2024-09-23 13:00:00,13,0,1,6,faible
25,2024-09-23 13:00:00,13,0,1,4,faible
26,2024-09-23 13:00:00,13,0,1,4,faible
27,2024-09-23 13:00:00,13,0,1,7,faible
28,2024-09-23 13:00:00,13,0,1,3,faible
29,2024-09-23 13:00:00,13,0,0,5,faible
30,2024-09-23 13:00:00,13,0,1,6,faible
31,2024-09-23 13:00:00,13,0,1,4,faible
32,2024-09-23 13:00:00,13,0,1,2,faible
33,2024-09-23 13:00:00,13,0,1,2,faible
34,2024-09-23 13:00:00,13,0,1,3,faible
35,2024-09-23 13:00:00,13,0,0,51,moyen
36,2024-09-23 13:00:00,13,0,1,1,faible
37,2024-09-23 13:00:00,13,0,1,2,faible
38,2024-09-23 13:00:00,13,0,0,27,faible
1,2024-09-23 14:00:00,14,0,1,10,moyen
2,2024-09-23 14:00:00,14,0,1,6,faible
3,2024-09-23 14:00:00,14,0,1,5,faible
4,2024-09-23 14:00:00,14,0,1,0,faible
5,2024-09-23 14:00:00,14,0,0,19,faible
6,2024-09-23 14:00:00,14,0,0,38,faible
7,2024-09-23 14:00:00,14,0,0,18,faible
8,2024-09-23 14:00:00,14,0,1,10,moyen
9,2024-09-23 14:00:00,14,0,1,12,moyen
10,2024-09-23 14:00:00,14,0,0,12,moyen
11,2024-09-23 14:00:00,14,0,1,9,moyen
12,2024-09-23 14:00:00,14,0,1,7,moyen
13,2024-09-23 14:00:00,14,0,1,10,moyen
14,2024-09-23 14:00:00,14,0,1,21,moyen
15,2024-09-23 14:00:00,14,0,1,23,moyen
16,2024-09-23 14:00:00,14,0,0,18,moyen
17,2024-09-23 14:00:00,14,0,1,20,moyen
18,2024-09-23 14:00:00,14,0,0,19,moyen
19,2024-09-23 14:00:00,14,0,0,21,moyen
20,2024-09-23 14:00:00,14,0,1,21,moyen
21,2024-09-23 14:00:00,14,0,0,14,moyen
22,2024-09-23 14:00:00,14,0,1,17,moyen
23,2024-09-23 14:00:00,14,0,1,13,moyen
24,2024-09-23 14:00:00,14,0,1,20,moyen
25,2024-09-23 14:00:00,14,0,1,17,moyen
26,2024-09-23 14:00:00,14,0,1,13,moyen
27,2024-09-23 14:00:00,14,0,0,17,moyen
28,2024-09-23 14:00:00,14,0,1,20,moyen
29,2024-09-23 14:00:00,14,0,1,13,moyen
30,2024-09-23 14:00:00,14,0,0,12,moyen
31,2024-09-23 14:00:00,14,0,1,11,moyen
32,2024-09-23 14:00:00,14,0,0,12,moyen
33,2024-09-23 14:00:00,14,0,0,10,moyen
34,2024-09-23 14:00:00,14,0,1,7,moyen
35,2024-09-23 14:00:00,14,0,1,19,faible
36,2024-09-23 14:00:00,14,0,0,8,moyen
37,2024-09-23 14:00:00,14,0,0,8,moyen
38,2024-09-23 14:00:00,14,0,0,22,faible
1,2024-09-23 15:00:00,15,0,1,7,faible
2,2024-09-23 15:00:00,15,0,1,7,faible
3,2024-09-23 15:00:00,15,0,1,7,moyen
4,2024-09-23 15:00:00,15,0,1,0,faible
5,2024-09-23 15:00:00,15,0,0,24,faible
6,2024-09-23 15:00:00,15,0,0,44,faible
7,2024-09-23 15:00:00,15,0,0,34,faible
8,2024-09-23 15:00:00,15,0,1,11,moyen
9,2024-09-23 15:00:00,15,0,0,11,moyen
10,2024-09-23 15:00:00,15,0,1,11,moyen
11,2024-09-23 15:00:00,15,0,0,10,moyen
12,2024-09-23 15:00:00,15,0,1,7,moyen
13,2024-09-23 15:00:00,15,0,0,10,moyen
14,2024-09-23 15:00:00,15,0,1,21,moyen
15,2024-09-23 15:00:00,15,0,0,22,moyen
16,2024-09-23 15:00:00,15,0,0,20,moyen
17,2024-09-23 15:00:00,15,0,1,20,moyen
18,2024-09-23 15:00:00,15,0,1,18,moyen
19,2024-09-23 15:00:00,15,0,1,25,moyen
20,2024-09-23 15:00:00,15,0,0,20,moyen
21,2024-09-23 15:00:00,15,0,0,17,moyen
22,2024-09-23 15:00:00,15,0,1,18,moyen
23,2024-09-23 15:00:00,15,0,1,13,moyen
24,2024-09-23 15:00:00,15,0,1,18,moyen
25,2024-09-23 15:00:00,15,0,1,15,moyen
26,2024-09-23 15:00:00,15,0,1,17,moyen
27,2024-09-23 15:00:00,15,0,0,14,moyen
28,2024-09-23 15:00:00,15,0,0,18,moyen
29,2024-09-23 15:00:00,15,0,1,11,moyen
30,2024-09-23 15:00:00,15,0,0,13,moyen
31,2024-09-23 15:00:00,15,0,1,12,moyen
32,2024-09-23 15:00:00,15,0,1,9,moyen
33,2024-09-23 15:00:00,15,0,0,7,moyen
34,2024-09-23 15:00:00,15,0,0,9,moyen
35,2024-09-23 15:00:00,15,0,1,25,moyen
36,2024-09-23 15:00:00,15,0,1,9,moyen
37,2024-09-23 15:00:00,15,0,0,8,moyen
38,2024-09-23 15:00:00,15,0,0,15,faible
1,2024-09-23 16:00:00,16,0,1,6,faible
2,2024-09-23 16:00:00,16,0,1,6,faible
3,2024-09-23 16:00:00,16,0,1,5,faible
4,2024-09-23 16:00:00,16,0,1,0,faible
5,2024-09-23 16:00:00,16,0,0,28,faible
6,2024-09-23 16:00:00,16,0,0,28,faible
7,2024-09-23 16:00:00,16,0,0,33,faible
8,2024-09-23 16:00:00,16,0,1,9,moyen
9,2024-09-23 16:00:00,16,0,0,15,moyen
10,2024-09-23 16:00:00,16,0,1,10,moyen
11,2024-09-23 16:00:00,16,0,1,11,moyen
12,2024-09-23 16:00:00,16,0,1,8,moyen
13,2024-09-23 16:00:00,16,0,0,12,moyen
14,2024-09-23 16:00:00,16,0,1,25,moyen
15,2024-09-23 16:00:00,16,0,0,20,moyen
16,2024-09-23 16:00:00,16,0,1,20,moyen
17,2024-09-23 16:00:00,16,0,0,23,moyen
18,2024-09-23 16:00:00,16,0,1,20,moyen
19,2024-09-23 16:00:00,16,0,0,18,moyen
20,2024-09-23 16:00:00,16,0,0,16,moyen
21,2024-09-23 16:00:00,16,0,1,15,moyen
22,2024-09-23 16:00:00,16,0,1,13,moyen
23,2024-09-23 16:00:00,16,0,1,13,moyen
24,2024-09-23 16:00:00,16,0,1,17,moyen
25,2024-09-23 16:00:00,16,0,1,18,moyen
26,2024-09-23 16:00:00,16,0,1,16,moyen
27,2024-09-23 16:00:00,16,0,1,17,moyen
28,2024-09-23 16:00:00,16,0,1,19,moyen
29,2024-09-23 16:00:00,16,0,1,12,moyen
30,2024-09-23 16:00:00,16,0,1,15,moyen
31,2024-09-23 16:00:00,16,0,1,10,moyen
32,2024-09-23 16:00:00,16,0,0,11,moyen
33,2024-09-23 16:00:00,16,0,1,8,moyen
34,2024-09-23 16:00:00,16,0,1,9,moyen
35,2024-09-23 16:00:00,16,0,1,17,faible
36,2024-09-23 16:00:00,16,0,1,7,moyen
37,2024-09-23 16:00:00,16,0,1,7,moyen
38,2024-09-23 16:00:00,16,0,0,18,faible
1,2024-09-23 17:00:00,17,0,1,9,moyen
2,2024-09-23 17:00:00,17,0,1,7,faible
3,2024-09-23 17:00:00,17,0,1,7,moyen
4,2024-09-23 17:00:00,17,0,1,0,faible
5,2024-09-23 17:00:00,17,0,0,31,faible
6,2024-09-23 17:00:00,17,0,0,30,faible
7,2024-09-23 17:00:00,17,0,0,35,faible
8,2024-09-23 17:00:00,17,0,0,10,moyen
9,2024-09-23 17:00:00,17,0,1,12,moyen
10,2024-09-23 17:00:00,17,0,1,10,moyen
11,2024-09-23 17:00:00,17,0,1,9,moyen
12,2024-09-23 17:00:00,17,0,0,8,moyen
13,2024-09-23 17:00:00,17,0,1,10,moyen
14,2024-09-23 17:00:00,17,0,1,6,faible
15,2024-09-23 17:00:00,17,0,1,5,faible
16,2024-09-23 17:00:00,17,0,1,4,faible
17,2024-09-23 17:00:00,17,0,1,8,faible
18,2024-09-23 17:00:00,17,0,0,6,faible
19,2024-09-23 17:00:00,17,0,1,7,faible
20,2024-09-23 17:00:00,17,0,1,4,faible
21,2024-09-23 17:00:00,17,0,1,6,faible
22,2024-09-23 17:00:00,17,0,0,5,faible
23,2024-09-23 17:00:00,17,0,0,6,faible
24,2024-09-23 17:00:00,17,0,1,4,faible
25,2024-09-23 17:00:00,17,0,1,5,faible
26,2024-09-23 17:00:00,17,0,1,4,faible
27,2024-09-23 17:00:00,17,0,1,4,faible
28,2024-09-23 17:00:00,17,0,1,7,faible
29,2024-09-23 17:00:00,17,0,1,2,faible
30,2024-09-23 17:00:00,17,0,0,2,faible
31,2024-09-23 17:00:00,17,0,1,2,faible
32,2024-09-23 17:00:00,17,0,0,4,faible
33,2024-09-23 17:00:00,17,0,0,2,faible
34,2024-09-23 17:00:00,17,0,1,4,faible
35,2024-09-23 17:00:00,17,0,1,51,moyen
36,2024-09-23 17:00:00,17,0,1,8,moyen
37,2024-09-23 17:00:00,17,0,1,9,moyen
38,2024-09-23 17:00:00,17,0,0,14,faible
1,2024-09-23 18:00:00,18,0,0,3,faible
2,2024-09-23 18:00:00,18,0,0,0,faible
3,2024-09-23 18:00:00,18,0,0,1,faible
4,2024-09-23 18:00:00,18,0,0,1,faible
5,2024-09-23 18:00:00,18,0,0,27,faible
6,2024-09-23 18:00:00,18,0,0,55,faible
7,2024-09-23 18:00:00,18,0,0,18,faible
8,2024-09-23 18:00:00,18,0,0,3,faible
9,2024-09-23 18:00:00,18,0,1,3,faible
10,2024-09-23 18:00:00,18,0,0,4,faible
11,2024-09-23 18:00:00,18,0,0,1,faible
12,2024-09-23 18:00:00,18,0,0,2,faible
13,2024-09-23 18:00:00,18,0,0,4,faible
14,2024-09-23 18:00:00,18,0,1,4,faible
15,2024-09-23 18:00:00,18,0,1,5,faible
16,2024-09-23 18:00:00,18,0,0,9,faible
17,2024-09-23 18:00:00,18,0,0,6,faible
18,2024-09-23 18:00:00,18,0,1,7,faible
19,2024-09-23 18:00:00,18,0,0,5,faible
20,2024-09-23 18:00:00,18,0,1,5,faible
21,2024-09-23 18:00:00,18,0,0,6,faible
22,2024-09-23 18:00:00,18,0,1,6,faible
23,2024-09-23 18:00:00,18,0,0,2,faible
24,2024-09-23 18:00:00,18,0,1,7,faible
25,2024-09-23 18:00:00,18,0,1,4,faible
26,2024-09-23 18:00:00,18,0,0,4,faible
27,2024-09-23 18:00:00,18,0,0,5,faible
28,2024-09-23 18:00:00,18,0,1,6,faible
29,2024-09-23 18:00:00,18,0,0,3,faible
30,2024-09-23 18:00:00,18,0,0,5,faible
31,2024-09-23 18:00:00,18,0,1,1,faible
32,2024-09-23 18:00:00,18,0,0,2,faible
33,2024-09-23 18:00:00,18,0,1,3,faible
34,2024-09-23 18:00:00,18,0,1,2,faible
35,2024-09-23 18:00:00,18,0,1,44,moyen
36,2024-09-23 18:00:00,18,0,1,3,faible
37,2024-09-23 18:00:00,18,0,1,3,faible
38,2024-09-23 18:00:00,18,0,0,21,faible
1,2024-09-23 19:00:00,19,0,0,0,faible
2,2024-09-23 19:00:00,19,0,0,0,faible
3,2024-09-23 19:00:00,19,0,0,1,faible
4,2024-09-23 19:00:00,19,0,0,1,faible
5,2024-09-23 19:00:00,19,0,0,21,faible
6,2024-09-23 19:00:00,19,0,0,35,faible
7,2024-09-23 19:00:00,19,0,0,36,faible
8,2024-09-23 19:00:00,19,0,0,2,faible
9,2024-09-23 19:00:00,19,0,0,3,faible
10,2024-09-23 19:00:00,19,0,0,1,faible
11,2024-09-23 19:00:00,19,0,0,3,faible
12,2024-09-23 19:00:00,19,0,0,1,faible
13,2024-09-23 19:00:00,19,0,0,1,faible
14,2024-09-23 19:00:00,19,0,0,10,faible
15,2024-09-23 19:00:00,19,0,0,6,faible
16,2024-09-23 19:00:00,19,0,0,4,faible
17,2024-09-23 19:00:00,19,0,0,6,faible
18,2024-09-23 19:00:00,19,0,0,5,faible
19,2024-09-23 19:00:00,19,0,0,11,faible
20,2024-09-23 19:00:00,19,0,0,3,faible
21,2024-09-23 19:00:00,19,0,0,2,faible
22,2024-09-23 19:00:00,19,0,0,4,faible
23,2024-09-23 19:00:00,19,0,0,4,faible
24,2024-09-23 19:00:00,19,0,0,8,faible
25,2024-09-23 19:00:00,19,0,0,7,faible
26,2024-09-23 19:00:00,19,0,0,6,faible
27,2024-09-23 19:00:00,19,0,0,6,faible
28,2024-09-23 19:00:00,19,0,0,7,faible
29,2024-09-23 19:00:00,19,0,0,3,faible
30,2024-09-23 19:00:00,19,0,0,2,faible
31,2024-09-23 19:00:00,19,0,0,4,faible
32,2024-09-23 19:00:00,19,0,0,1,faible
33,2024-09-23 19:00:00,19,0,0,2,faible
34,2024-09-23 19:00:00,19,0,0,1,faible
35,2024-09-23 19:00:00,19,0,0,54,moyen
36,2024-09-23 19:00:00,19,0,0,2,faible
37,2024-09-23 19:00:00,19,0,0,1,faible
38,2024-09-23 19:00:00,19,0,0,12,faible
1,2024-09-23 20:00:00,20,0,0,2,faible
2,2024-09-23 20:00:00,20,0,0,0,faible
3,2024-09-23 20:00:00,20,0,0,1,faible
4,2024-09-23 20:00:00,20,0,0,0,faible
5,2024-09-23 20:00:00,20,0,0,30,faible
6,2024-09-23 20:00:00,20,0,0,31,faible
7,2024-09-23 20:00:00,20,0,0,36,faible
8,2024-09-23 20:00:00,20,0,0,2,faible
9,2024-09-23 20:00:00,20,0,0,4,faible
10,2024-09-23 20:00:00,20,0,0,2,faible
11,2024-09-23 20:00:00,20,0,0,1,faible
12,2024-09-23 20:00:00,20,0,0,2,faible
13,2024-09-23 20:00:00,20,0,0,4,faible
14,2024-09-23 20:00:00,20,0,0,5,faible
15,2024-09-23 20:00:00,20,0,0,3,faible
16,2024-09-23 20:00:00,20,0,0,5,faible
17,2024-09-23 20:00:00,20,0,0,7,faible
18,2024-09-23 20:00:00,20,0,0,6,faible
19,2024-09-23 20:00:00,20,0,0,4,faible
20,2024-09-23 20:00:00,20,0,0,8,faible
21,2024-09-23 20:00:00,20,0,0,7,faible
22,2024-09-23 20:00:00,20,0,0,6,faible
23,2024-09-23 20:00:00,20,0,0,4,faible
24,2024-09-23 20:00:00,20,0,0,4,faible
25,2024-09-23 20:00:00,20,0,0,7,faible
26,2024-09-23 20:00:00,20,0,0,7,faible
27,2024-09-23 20:00:00,20,0,0,7,faible
28,2024-09-23 20:00:00,20,0,0,4,faible
29,2024-09-23 20:00:00,20,0,0,5,faible
30,2024-09-23 20:00:00,20,0,0,6,faible
31,2024-09-23 20:00:00,20,0,0,3,faible
32,2024-09-23 20:00:00,20,0,0,3,faible
33,2024-09-23 20:00:00,20,0,0,4,faible
34,2024-09-23 20:00:00,20,0,0,2,faible
35,2024-09-23 20:00:00,20,0,0,46,moyen
36,2024-09-23 20:00:00,20,0,0,3,faible
37,2024-09-23 20:00:00,20,0,0,2,faible
38,2024-09-23 20:00:00,20,0,0,22,faible
1,2024-09-23 21:00:00,21,0,0,0,faible
2,2024-09-23 21:00:00,21,0,0,0,faible
3,2024-09-23 21:00:00,21,0,0,2,faible
4,2024-09-23 21:00:00,21,0,0,0,faible
5,2024-09-23 21:00:00,21,0,0,21,faible
6,2024-09-23 21:00:00,21,0,0,51,faible
7,2024-09-23 21:00:00,21,0,0,21,faible
8,2024-09-23 21:00:00,21,0,0,1,faible
9,2024-09-23 21:00:00,21,0,0,4,faible
10,2024-09-23 21:00:00,21,0,0,1,faible
11,2024-09-23 21:00:00,21,0,0,1,faible
12,2024-09-23 21:00:00,21,0,0,2,faible
13,2024-09-23 21:00:00,21,0,0,3,faible
14,2024-09-23 21:00:00,21,0,0,7,faible
15,2024-09-23 21:00:00,21,0,0,7,faible
16,2024-09-23 21:00:00,21,0,0,7,faible
17,2024-09-23 21:00:00,21,0,0,3,faible
18,2024-09-23 21:00:00,21,0,0,7,faible
19,2024-09-23 21:00:00,21,0,0,5,faible
20,2024-09-23 21:00:00,21,0,0,2,faible
21,2024-09-23 21:00:00,21,0,0,4,faible
22,2024-09-23 21:00:00,21,0,0,3,faible
23,2024-09-23 21:00:00,21,0,0,6,faible
24,2024-09-23 21:00:00,21,0,0,6,faible
25,2024-09-23 21:00:00,21,0,0,7,faible
26,2024-09-23 21:00:00,21,0,0,6,faible
27,2024-09-23 21:00:00,21,0,0,3,faible
28,2024-09-23 21:00:00,21,0,0,8,faible
29,2024-09-23 21:00:00,21,0,0,3,faible
30,2024-09-23 21:00:00,21,0,0,6,faible
31,2024-09-23 21:00:00,21,0,0,2,faible
32,2024-09-23 21:00:00,21,0,0,1,faible
33,2024-09-23 21:00:00,21,0,0,3,faible
34,2024-09-23 21:00:00,21,0,0,1,faible
35,2024-09-23 21:00:00,21,0,0,54,moyen
36,2024-09-23 21:00:00,21,0,0,2,faible
37,2024-09-23 21:00:00,21,0,0,1,faible
38,2024-09-23 21:00:00,21,0,0,22,faible
1,2024-09-24 07:00:00,7,1,0,0,faible
2,2024-09-24 07:00:00,7,1,0,0,faible
3,2024-09-24 07:00:00,7,1,0,1,faible
4,2024-09-24 07:00:00,7,1,0,0,faible
5,2024-09-24 07:00:00,7,1,0,27,faible
6,2024-09-24 07:00:00,7,1,0,38,faible
7,2024-09-24 07:00:00,7,1,0,21,faible
8,2024-09-24 07:00:00,7,1,0,4,faible
9,2024-09-24 07:00:00,7,1,0,5,faible
10,2024-09-24 07:00:00,7,1,0,3,faible
11,2024-09-24 07:00:00,7,1,0,3,faible
12,2024-09-24 07:00:00,7,1,0,1,faible
13,2024-09-24 07:00:00,7,1,0,1,faible
14,2024-09-24 07:00:00,7,1,0,4,faible
15,2024-09-24 07:00:00,7,1,0,6,faible
16,2024-09-24 07:00:00,7,1,0,8,faible
17,2024-09-24 07:00:00,7,1,0,3,faible
18,2024-09-24 07:00:00,7,1,0,3,faible
19,2024-09-24 07:00:00,7,1,0,7,faible
20,2024-09-24 07:00:00,7,1,0,4,faible
21,2024-09-24 07:00:00,7,1,0,5,faible
22,2024-09-24 07:00:00,7,1,0,3,faible
23,2024-09-24 07:00:00,7,1,0,4,faible
24,2024-09-24 07:00:00,7,1,0,4,faible
25,2024-09-24 07:00:00,7,1,0,6,faible
26,2024-09-24 07:00:00,7,1,0,2,faible
27,2024-09-24 07:00:00,7,1,0,4,faible
28,2024-09-24 07:00:00,7,1,0,4,faible
29,2024-09-24 07:00:00,7,1,0,4,faible
30,2024-09-24 07:00:00,7,1,0,5,faible
31,2024-09-24 07:00:00,7,1,0,2,faible
32,2024-09-24 07:00:00,7,1,0,1,faible
33,2024-09-24 07:00:00,7,1,0,1,faible
34,2024-09-24 07:00:00,7,1,0,3,faible
35,2024-09-24 07:00:00,7,1,0,19,faible
36,2024-09-24 07:00:00,7,1,0,1,faible
37,2024-09-24 07:00:00,7,1,0,2,faible
38,2024-09-24 07:00:00,7,1,0,17,faible
1,2024-09-24 08:00:00,8,1,1,9,moyen
2,2024-09-24 08:00:00,8,1,1,7,faible
3,2024-09-24 08:00:00,8,1,1,6,moyen
4,2024-09-24 08:00:00,8,1,1,0,faible
5,2024-09-24 08:00:00,8,1,0,54,moyen
6,2024-09-24 08:00:00,8,1,0,92,moyen
7,2024-09-24 08:00:00,8,1,0,70,moyen
8,2024-09-24 08:00:00,8,1,1,1,faible
9,2024-09-24 08:00:00,8,1,1,1,faible
10,2024-09-24 08:00:00,8,1,1,2,faible
11,2024-09-24 08:00:00,8,1,1,1,faible
12,2024-09-24 08:00:00,8,1,1,2,faible
13,2024-09-24 08:00:00,8,1,1,3,faible
14,2024-09-24 08:00:00,8,1,0,6,faible
15,2024-09-24 08:00:00,8,1,1,8,faible
16,2024-09-24 08:00:00,8,1,1,6,faible
17,2024-09-24 08:00:00,8,1,1,4,faible
18,2024-09-24 08:00:00,8,1,1,4,faible
19,2024-09-24 08:00:00,8,1,0,9,faible
20,2024-09-24 08:00:00,8,1,1,5,faible
21,2024-09-24 08:00:00,8,1,0,6,faible
22,2024-09-24 08:00:00,8,1,1,2,faible
23,2024-09-24 08:00:00,8,1,1,2,faible
24,2024-09-24 08:00:00,8,1,0,6,faible
25,2024-09-24 08:00:00,8,1,0,3,faible
26,2024-09-24 08:00:00,8,1,0,5,faible
27,2024-09-24 08:00:00,8,1,0,3,faible
28,2024-09-24 08:00:00,8,1,0,7,faible
29,2024-09-24 08:00:00,8,1,1,3,faible
30,2024-09-24 08:00:00,8,1,1,2,faible
31,2024-09-24 08:00:00,8,1,0,2,faible
32,2024-09-24 08:00:00,8,1,1,3,faible
33,2024-09-24 08:00:00,8,1,0,2,faible
34,2024-09-24 08:00:00,8,1,1,1,faible
35,2024-09-24 08:00:00,8,1,1,16,faible
36,2024-09-24 08:00:00,8,1,1,3,faible
37,2024-09-24 08:00:00,8,1,1,2,faible
38,2024-09-24 08:00:00,8,1,0,52,moyen
1,2024-09-24 09:00:00,9,1,1,7,faible
2,2024-09-24 09:00:00,9,1,1,8,moyen
3,2024-09-24 09:00:00,9,1,1,5,faible
4,2024-09-24 09:00:00,9,1,1,0,faible
5,2024-09-24 09:00:00,9,1,0,63,moyen
6,2024-09-24 09:00:00,9,1,0,86,moyen
7,2024-09-24 09:00:00,9,1,0,85,moyen
8,2024-09-24 09:00:00,9,1,0,16,eleve
9,2024-09-24 09:00:00,9,1,0,13,moyen
10,2024-09-24 09:00:00,9,1,1,11,moyen
11,2024-09-24 09:00:00,9,1,1,9,moyen
12,2024-09-24 09:00:00,9,1,0,8,moyen
13,2024-09-24 09:00:00,9,1,0,9,moyen
14,2024-09-24 09:00:00,9,1,1,20,moyen
15,2024-09-24 09:00:00,9,1,1,24,moyen
16,2024-09-24 09:00:00,9,1,1,23,moyen
17,2024-09-24 09:00:00,9,1,0,19,moyen
18,2024-09-24 09:00:00,9,1,1,17,moyen
19,2024-09-24 09:00:00,9,1,1,24,moyen
20,2024-09-24 09:00:00,9,1,1,20,moyen
21,2024-09-24 09:00:00,9,1,1,13,moyen
22,2024-09-24 09:00:00,9,1,0,15,moyen
23,2024-09-24 09:00:00,9,1,1,11,moyen
24,2024-09-24 09:00:00,9,1,1,19,moyen
25,2024-09-24 09:00:00,9,1,1,19,moyen
26,2024-09-24 09:00:00,9,1,1,14,moyen
27,2024-09-24 09:00:00,9,1,0,16,moyen
28,2024-09-24 09:00:00,9,1,1,17,moyen
29,2024-09-24 09:00:00,9,1,1,15,moyen
30,2024-09-24 09:00:00,9,1,1,13,moyen
31,2024-09-24 09:00:00,9,1,1,10,moyen
32,2024-09-24 09:00:00,9,1,0,11,moyen
33,2024-09-24 09:00:00,9,1,1,9,moyen
34,2024-09-24 09:00:00,9,1,0,8,moyen
35,2024-09-24 09:00:00,9,1,1,19,faible
36,2024-09-24 09:00:00,9,1,0,8,moyen
37,2024-09-24 09:00:00,9,1,1,8,moyen
38,2024-09-24 09:00:00,9,1,0,56,moyen
1,2024-09-24 10:00:00,10,1,1,8,faible
2,2024-09-24 10:00:00,10,1,1,6,faible
3,2024-09-24 10:00:00,10,1,1,4,faible
4,2024-09-24 10:00:00,10,1,1,0,faible
5,2024-09-24 10:00:00,10,1,0,54,moyen
6,2024-09-24 10:00:00,10,1,0,87,moyen
7,2024-09-24 10:00:00,10,1,0,76,moyen
8,2024-09-24 10:00:00,10,1,1,12,moyen
9,2024-09-24 10:00:00,10,1,1,12,moyen
10,2024-09-24 10:00:00,10,1,0,9,moyen
11,2024-09-24 10:00:00,10,1,1,10,moyen
12,2024-09-24 10:00:00,10,1,0,8,moyen
13,2024-09-24 10:00:00,10,1,0,10,moyen
14,2024-09-24 10:00:00,10,1,1,20,moyen
15,2024-09-24 10:00:00,10,1,1,21,moyen
16,2024-09-24 10:00:00,10,1,0,18,moyen
17,2024-09-24 10:00:00,10,1,1,18,moyen
18,2024-09-24 10:00:00,10,1,1,15,moyen
19,2024-09-24 10:00:00,10,1,1,24,moyen
20,2024-09-24 10:00:00,10,1,1,15,moyen
21,2024-09-24 10:00:00,10,1,0,15,moyen
22,2024-09-24 10:00:00,10,1,1,14,moyen
23,2024-09-24 10:00:00,10,1,1,15,moyen
24,2024-09-24 10:00:00,10,1,1,16,moyen
25,2024-09-24 10:00:00,10,1,0,16,moyen
26,2024-09-24 10:00:00,10,1,1,14,moyen
27,2024-09-24 10:00:00,10,1,1,15,moyen
28,2024-09-24 10:00:00,10,1,1,18,moyen
29,2024-09-24 10:00:00,10,1,0,15,moyen
30,2024-09-24 10:00:00,10,1,1,13,moyen
31,2024-09-24 10:00:00,10,1,0,10,moyen
32,2024-09-24 10:00:00,10,1,1,11,moyen
33,2024-09-24 10:00:00,10,1,1,9,moyen
34,2024-09-24 10:00:00,10,1,0,8,moyen
35,2024-09-24 10:00:00,10,1,1,24,moyen
36,2024-09-24 10:00:00,10,1,0,8,moyen
37,2024-09-24 10:00:00,10,1,1,9,moyen
38,2024-09-24 10:00:00,10,1,0,53,moyen
1,2024-09-24 11:00:00,11,1,1,11,moyen
2,2024-09-24 11:00:00,11,1,1,5,faible
3,2024-09-24 11:00:00,11,1,1,6,moyen
4,2024-09-24 11:00:00,11,1,1,0,faible
5,2024-09-24 11:00:00,11,1,0,51,moyen
6,2024-09-24 11:00:00,11,1,0,94,moyen
7,2024-09-24 11:00:00,11,1,0,68,moyen
8,2024-09-24 11:00:00,11,1,1,9,moyen
9,2024-09-24 11:00:00,11,1,1,11,moyen
10,2024-09-24 11:00:00,11,1,1,11,moyen
11,2024-09-24 11:00:00,11,1,1,8,moyen
12,2024-09-24 11:00:00,11,1,0,7,moyen
13,2024-09-24 11:00:00,11,1,1,10,moyen
14,2024-09-24 11:00:00,11,1,1,18,moyen
15,2024-09-24 11:00:00,11,1,1,22,moyen
16,2024-09-24 11:00:00,11,1,1,23,moyen
17,2024-09-24 11:00:00,11,1,1,17,moyen
18,2024-09-24 11:00:00,11,1,1,16,moyen
19,2024-09-24 11:00:00,11,1,1,23,moyen
20,2024-09-24 11:00:00,11,1,1,19,moyen
21,2024-09-24 11:00:00,11,1,1,17,moyen
22,2024-09-24 11:00:00,11,1,1,14,moyen
23,2024-09-24 11:00:00,11,1,0,14,moyen
24,2024-09-24 11:00:00,11,1,1,15,moyen
25,2024-09-24 11:00:00,11,1,0,15,moyen
26,2024-09-24 11:00:00,11,1,1,14,moyen
27,2024-09-24 11:00:00,11,1,1,17,moyen
28,2024-09-24 11:00:00,11,1,1,17,moyen
29,2024-09-24 11:00:00,11,1,1,13,moyen
30,2024-09-24 11:00:00,11,1,1,11,moyen
31,2024-09-24 11:00:00,11,1,1,13,moyen
32,2024-09-24 11:00:00,11,1,1,11,moyen
33,2024-09-24 11:00:00,11,1,1,9,moyen
34,2024-09-24 11:00:00,11,1,1,9,moyen
35,2024-09-24 11:00:00,11,1,1,16,faible
36,2024-09-24 11:00:00,11,1,0,7,moyen
37,2024-09-24 11:00:00,11,1,1,8,moyen
38,2024-09-24 11:00:00,11,1,0,47,moyen
1,2024-09-24 12:00:00,12,1,1,8,faible
2,2024-09-24 12:00:00,12,1,1,8,moyen
3,2024-09-24 12:00:00,12,1,1,6,moyen
4,2024-09-24 12:00:00,12,1,1,0,faible
5,2024-09-24 12:00:00,12,1,0,16,faible
6,2024-09-24 12:00:00,12,1,0,43,faible
7,2024-09-24 12:00:00,12,1,0,32,faible
8,2024-09-24 12:00:00,12,1,1,10,moyen
9,2024-09-24 12:00:00,12,1,0,13,moyen
10,2024-09-24 12:00:00,12,1,0,12,moyen
11,2024-09-24 12:00:00,12,1,1,10,moyen
12,2024-09-24 12:00:00,12,1,1,8,moyen
13,2024-09-24 12:00:00,12,1,1,9,moyen
14,2024-09-24 12:00:00,12,1,1,11,faible
15,2024-09-24 12:00:00,12,1,0,4,faible
16,2024-09-24 12:00:00,12,1,1,9,faible
17,2024-09-24 12:00:00,12,1,1,6,faible
18,2024-09-24 12:00:00,12,1,1,4,faible
19,2024-09-24 12:00:00,12,1,1,4,faible
20,2024-09-24 12:00:00,12,1,1,7,faible
21,2024-09-24 12:00:00,12,1,0,4,faible
22,2024-09-24 12:00:00,12,1,0,7,faible
23,2024-09-24 12:00:00,12,1,1,5,faible
24,2024-09-24 12:00:00,12,1,0,4,faible
25,2024-09-24 12:00:00,12,1,1,8,faible
26,2024-09-24 12:00:00,12,1,0,5,faible
27,2024-09-24 12:00:00,12,1,0,5,faible
28,2024-09-24 12:00:00,12,1,0,5,faible
29,2024-09-24 12:00:00,12,1,1,4,faible
30,2024-09-24 12:00:00,12,1,1,3,faible
31,2024-09-24 12:00:00,12,1,1,5,faible
32,2024-09-24 12:00:00,12,1,1,2,faible
33,2024-09-24 12:00:00,12,1,1,3,faible
34,2024-09-24 12:00:00,12,1,1,1,faible
35,2024-09-24 12:00:00,12,1,1,45,moyen
36,2024-09-24 12:00:00,12,1,0,8,moyen
37,2024-09-24 12:00:00,12,1,1,9,moyen
38,2024-09-24 12:00:00,12,1,0,26,faible
1,2024-09-24 13:00:00,13,1,1,7,faible
2,2024-09-24 13:00:00,13,1,1,8,moyen
3,2024-09-24 13:00:00,13,1,1,4,faible
4,2024-09-24 13:00:00,13,1,1,0,faible
5,2024-09-24 13:00:00,13,1,0,28,faible
6,2024-09-24 13:00:00,13,1,0,34,faible
7,2024-09-24 13:00:00,13,1,0,39,faible
8,2024-09-24 13:00:00,13,1,1,1,faible
9,2024-09-24 13:00:00,13,1,1,5,faible
10,2024-09-24 13:00:00,13,1,1,2,faible
11,2024-09-24 13:00:00,13,1,0,2,faible
12,2024-09-24 13:00:00,13,1,1,3,faible
13,2024-09-24 13:00:00,13,1,1,4,faible
14,2024-09-24 13:00:00,13,1,0,6,faible
15,2024-09-24 13:00:00,13,1,1,9,faible
16,2024-09-24 13:00:00,13,1,0,7,faible
17,2024-09-24 13:00:00,13,1,1,5,faible
18,2024-09-24 13:00:00,13,1,1,7,faible
19,2024-09-24 13:00:00,13,1,0,6,faible
20,2024-09-24 13:00:00,13,1,1,5,faible
21,2024-09-24 13:00:00,13,1,0,5,faible
22,2024-09-24 13:00:00,13,1,1,6,faible
23,2024-09-24 13:00:00,13,1,1,4,faible
24,2024-09-24 13:00:00,13,1,1,4,faible
25,2024-09-24 13:00:00,13,1,1,3,faible
26,2024-09-24 13:00:00,13,1,1,6,faible
27,2024-09-24 13:00:00,13,1,1,7,faible
28,2024-09-24 13:00:00,13,1,1,5,faible
29,2024-09-24 13:00:00,13,1,0,6,faible
30,2024-09-24 13:00:00,13,1,1,6,faible
31,2024-09-24 13:00:00,13,1,1,5,faible
32,2024-09-24 13:00:00,13,1,1,3,faible
33,2024-09-24 13:00:00,13,1,1,4,faible
34,2024-09-24 13:00:00,13,1,1,4,faible
35,2024-09-24 13:00:00,13,1,1,46,moyen
36,2024-09-24 13:00:00,13,1,0,1,faible
37,2024-09-24 13:00:00,13,1,1,3,faible
38,2024-09-24 13:00:00,13,1,0,26,faible
1,2024-09-24 14:00:00,14,1,1,8,faible
2,2024-09-24 14:00:00,14,1,1,7,faible
3,2024-09-24 14:00:00,14,1,1,4,faible
4,2024-09-24 14:00:00,14,1,1,0,faible
5,2024-09-24 14:00:00,14,1,0,18,faible
6,2024-09-24 14:00:00,14,1,0,33,faible
7,2024-09-24 14:00:00,14,1,0,18,faible
8,2024-09-24 14:00:00,14,1,1,12,moyen
9,2024-09-24 14:00:00,14,1,1,14,moyen
10,2024-09-24 14:00:00,14,1,1,11,moyen
11,2024-09-24 14:00:00,14,1,1,8,moyen
12,2024-09-24 14:00:00,14,1,1,9,moyen
13,2024-09-24 14:00:00,14,1,1,10,moyen
14,2024-09-24 14:00:00,14,1,1,21,moyen
15,2024-09-24 14:00:00,14,1,0,19,moyen
16,2024-09-24 14:00:00,14,1,1,18,moyen
17,2024-09-24 14:00:00,14,1,1,17,moyen
18,2024-09-24 14:00:00,14,1,1,18,moyen
19,2024-09-24 14:00:00,14,1,0,20,moyen
20,2024-09-24 14:00:00,14,1,1,21,moyen
21,2024-09-24 14:00:00,14,1,1,14,moyen
22,2024-09-24 14:00:00,14,1,0,16,moyen
23,2024-09-24 14:00:00,14,1,1,12,moyen
24,2024-09-24 14:00:00,14,1,0,19,moyen
25,2024-09-24 14:00:00,14,1,1,18,moyen
26,2024-09-24 14:00:00,14,1,1,14,moyen
27,2024-09-24 14:00:00,14,1,1,13,moyen
28,2024-09-24 14:00:00,14,1,1,18,moyen
29,2024-09-24 14:00:00,14,1,1,15,moyen
30,2024-09-24 14:00:00,14,1,1,12,moyen
31,2024-09-24 14:00:00,14,1,0,11,moyen
32,2024-09-24 14:00:00,14,1,0,11,moyen
33,2024-09-24 14:00:00,14,1,1,9,moyen
34,2024-09-24 14:00:00,14,1,1,10,moyen
35,2024-09-24 14:00:00,14,1,1,17,faible
36,2024-09-24 14:00:00,14,1,1,7,moyen
37,2024-09-24 14:00:00,14,1,1,9,moyen
38,2024-09-24 14:00:00,14,1,0,21,faible
1,2024-09-24 15:00:00,15,1,1,9,moyen
2,2024-09-24 15:00:00,15,1,1,8,moyen
3,2024-09-24 15:00:00,15,1,1,5,faible
4,2024-09-24 15:00:00,15,1,1,0,faible
5,2024-09-24 15:00:00,15,1,0,31,faible
6,2024-09-24 15:00:00,15,1,0,48,faible
7,2024-09-24 15:00:00,15,1,0,18,faible
8,2024-09-24 15:00:00,15,1,1,10,moyen
9,2024-09-24 15:00:00,15,1,0,14,moyen
10,2024-09-24 15:00:00,15,1,1,11,moyen
11,2024-09-24 15:00:00,15,1,1,8,moyen
12,2024-09-24 15:00:00,15,1,1,7,moyen
13,2024-09-24 15:00:00,15,1,1,10,moyen
14,2024-09-24 15:00:00,15,1,1,25,moyen
15,2024-09-24 15:00:00,15,1,0,19,moyen
16,2024-09-24 15:00:00,15,1,0,19,moyen
17,2024-09-24 15:00:00,15,1,1,19,moyen
18,2024-09-24 15:00:00,15,1,0,15,moyen
19,2024-09-24 15:00:00,15,1,1,25,moyen
20,2024-09-24 15:00:00,15,1,1,16,moyen
21,2024-09-24 15:00:00,15,1,1,17,moyen
22,2024-09-24 15:00:00,15,1,1,17,moyen
23,2024-09-24 15:00:00,15,1,1,12,moyen
24,2024-09-24 15:00:00,15,1,0,15,moyen
25,2024-09-24 15:00:00,15,1,0,17,moyen
26,2024-09-24 15:00:00,15,1,0,17,moyen
27,2024-09-24 15:00:00,15,1,1,14,moyen
28,2024-09-24 15:00:00,15,1,1,19,moyen
29,2024-09-24 15:00:00,15,1,0,12,moyen
30,2024-09-24 15:00:00,15,1,1,12,moyen
31,2024-09-24 15:00:00,15,1,1,13,moyen
32,2024-09-24 15:00:00,15,1,1,10,moyen
33,2024-09-24 15:00:00,15,1,0,8,moyen
34,2024-09-24 15:00:00,15,1,1,8,moyen
35,2024-09-24 15:00:00,15,1,0,23,faible
36,2024-09-24 15:00:00,15,1,1,7,moyen
37,2024-09-24 15:00:00,15,1,1,7,moyen
38,2024-09-24 15:00:00,15,1,0,14,faible
1,2024-09-24 16:00:00,16,1,1,8,faible
2,2024-09-24 16:00:00,16,1,1,5,faible
3,2024-09-24 16:00:00,16,1,1,5,faible
4,2024-09-24 16:00:00,16,1,1,0,faible
5,2024-09-24 16:00:00,16,1,0,30,faible
6,2024-09-24 16:00:00,16,1,0,42,faible
7,2024-09-24 16:00:00,16,1,0,26,faible
8,2024-09-24 16:00:00,16,1,1,12,moyen
9,2024-09-24 16:00:00,16,1,1,14,moyen
10,2024-09-24 16:00:00,16,1,1,11,moyen
11,2024-09-24 16:00:00,16,1,1,10,moyen
12,2024-09-24 16:00:00,16,1,1,9,moyen
13,2024-09-24 16:00:00,16,1,0,12,moyen
14,2024-09-24 16:00:00,16,1,1,21,moyen
15,2024-09-24 16:00:00,16,1,1,25,moyen
16,2024-09-24 16:00:00,16,1,1,19,moyen
17,2024-09-24 16:00:00,16,1,1,17,moyen
18,2024-09-24 16:00:00,16,1,0,17,moyen
19,2024-09-24 16:00:00,16,1,1,22,moyen
20,2024-09-24 16:00:00,16,1,0,18,moyen
21,2024-09-24 16:00:00,16,1,1,17,moyen
22,2024-09-24 16:00:00,16,1,0,14,moyen
23,2024-09-24 16:00:00,16,1,1,13,moyen
24,2024-09-24 16:00:00,16,1,1,20,moyen
25,2024-09-24 16:00:00,16,1,1,19,moyen
26,2024-09-24 16:00:00,16,1,1,15,moyen
27,2024-09-24 16:00:00,16,1,1,18,moyen
28,2024-09-24 16:00:00,16,1,1,18,moyen
29,2024-09-24 16:00:00,16,1,0,12,moyen
30,2024-09-24 16:00:00,16,1,1,14,moyen
31,2024-09-24 16:00:00,16,1,1,12,moyen
32,2024-09-24 16:00:00,16,1,1,12,moyen
33,2024-09-24 16:00:00,16,1,0,8,moyen
34,2024-09-24 16:00:00,16,1,1,10,moyen
35,2024-09-24 16:00:00,16,1,0,25,moyen
36,2024-09-24 16:00:00,16,1,0,9,moyen
37,2024-09-24 16:00:00,16,1,1,8,moyen
38,2024-09-24 16:00:00,16,1,0,27,faible
1,2024-09-24 17:00:00,17,1,1,11,moyen
2,2024-09-24 17:00:00,17,1,1,7,faible
3,2024-09-24 17:00:00,17,1,1,5,faible
4,2024-09-24 17:00:00,17,1,1,0,faible
5,2024-09-24 17:00:00,17,1,0,21,faible
6,2024-09-24 17:00:00,17,1,0,37,faible
7,2024-09-24 17:00:00,17,1,0,25,faible
8,2024-09-24 17:00:00,17,1,0,11,moyen
9,2024-09-24 17:00:00,17,1,1,14,moyen
10,2024-09-24 17:00:00,17,1,0,9,moyen
11,2024-09-24 17:00:00,17,1,0,9,moyen
12,2024-09-24 17:00:00,17,1,1,8,moyen
13,2024-09-24 17:00:00,17,1,0,9,moyen
14,2024-09-24 17:00:00,17,1,1,5,faible
15,2024-09-24 17:00:00,17,1,1,8,faible
16,2024-09-24 17:00:00,17,1,1,6,faible
17,2024-09-24 17:00:00,17,1,1,3,faible
18,2024-09-24 17:00:00,17,1,1,8,faible
19,2024-09-24 17:00:00,17,1,1,10,faible
20,2024-09-24 17:00:00,17,1,1,7,faible
21,2024-09-24 17:00:00,17,1,1,6,faible
22,2024-09-24 17:00:00,17,1,1,3,faible
23,2024-09-24 17:00:00,17,1,1,2,faible
24,2024-09-24 17:00:00,17,1,0,7,faible
25,2024-09-24 17:00:00,17,1,1,3,faible
26,2024-09-24 17:00:00,17,1,1,2,faible
27,2024-09-24 17:00:00,17,1,0,5,faible
28,2024-09-24 17:00:00,17,1,1,4,faible
29,2024-09-24 17:00:00,17,1,0,3,faible
30,2024-09-24 17:00:00,17,1,0,2,faible
31,2024-09-24 17:00:00,17,1,1,5,faible
32,2024-09-24 17:00:00,17,1,1,3,faible
33,2024-09-24 17:00:00,17,1,1,4,faible
34,2024-09-24 17:00:00,17,1,1,1,faible
35,2024-09-24 17:00:00,17,1,1,52,moyen
36,2024-09-24 17:00:00,17,1,1,8,moyen
37,2024-09-24 17:00:00,17,1,0,8,moyen
38,2024-09-24 17:00:00,17,1,0,22,faible
1,2024-09-24 18:00:00,18,1,0,1,faible
2,2024-09-24 18:00:00,18,1,0,2,faible
3,2024-09-24 18:00:00,18,1,0,0,faible
4,2024-09-24 18:00:00,18,1,0,0,faible
5,2024-09-24 18:00:00,18,1,0,15,faible
6,2024-09-24 18:00:00,18,1,0,36,faible
7,2024-09-24 18:00:00,18,1,0,25,faible
8,2024-09-24 18:00:00,18,1,0,2,faible
9,2024-09-24 18:00:00,18,1,0,5,faible
10,2024-09-24 18:00:00,18,1,1,1,faible
11,2024-09-24 18:00:00,18,1,1,2,faible
12,2024-09-24 18:00:00,18,1,0,2,faible
13,2024-09-24 18:00:00,18,1,1,3,faible
14,2024-09-24 18:00:00,18,1,0,3,faible
15,2024-09-24 18:00:00,18,1,1,10,faible
16,2024-09-24 18:00:00,18,1,1,4,faible
17,2024-09-24 18:00:00,18,1,1,8,faible
18,2024-09-24 18:00:00,18,1,1,6,faible
19,2024-09-24 18:00:00,18,1,0,3,faible
20,2024-09-24 18:00:00,18,1,0,4,faible
21,2024-09-24 18:00:00,18,1,1,7,faible
22,2024-09-24 18:00:00,18,1,1,3,faible
23,2024-09-24 18:00:00,18,1,1,3,faible
24,2024-09-24 18:00:00,18,1,1,4,faible
25,2024-09-24 18:00:00,18,1,1,6,faible
26,2024-09-24 18:00:00,18,1,0,6,faible
27,2024-09-24 18:00:00,18,1,1,5,faible
28,2024-09-24 18:00:00,18,1,0,3,faible
29,2024-09-24 18:00:00,18,1,1,4,faible
30,2024-09-24 18:00:00,18,1,1,4,faible
31,2024-09-24 18:00:00,18,1,1,5,faible
32,2024-09-24 18:00:00,18,1,0,2,faible
33,2024-09-24 18:00:00,18,1,0,2,faible
34,2024-09-24 18:00:00,18,1,1,2,faible
35,2024-09-24 18:00:00,18,1,1,47,moyen
36,2024-09-24 18:00:00,18,1,1,3,faible
37,2024-09-24 18:00:00,18,1,1,3,faible
38,2024-09-24 18:00:00,18,1,0,17,faible
1,2024-09-24 19:00:00,19,1,0,0,faible
2,2024-09-24 19:00:00,19,1,0,1,faible
3,2024-09-24 19:00:00,19,1,0,2,faible
4,2024-09-24 19:00:00,19,1,0,1,faible
5,2024-09-24 19:00:00,19,1,0,26,faible
6,2024-09-24 19:00:00,19,1,0,50,faible
7,2024-09-24 19:00:00,19,1,0,24,faible
8,2024-09-24 19:00:00,19,1,0,2,faible
9,2024-09-24 19:00:00,19,1,0,4,faible
10,2024-09-24 19:00:00,19,1,0,2,faible
11,2024-09-24 19:00:00,19,1,0,2,faible
12,2024-09-24 19:00:00,19,1,0,1,faible
13,2024-09-24 19:00:00,19,1,0,2,faible
14,2024-09-24 19:00:00,19,1,0,5,faible
15,2024-09-24 19:00:00,19,1,0,7,faible
16,2024-09-24 19:00:00,19,1,0,5,faible
17,2024-09-24 19:00:00,19,1,0,7,faible
18,2024-09-24 19:00:00,19,1,0,8,faible
19,2024-09-24 19:00:00,19,1,0,7,faible
20,2024-09-24 19:00:00,19,1,0,5,faible
21,2024-09-24 19:00:00,19,1,0,3,faible
22,2024-09-24 19:00:00,19,1,0,7,faible
23,2024-09-24 19:00:00,19,1,0,2,faible
24,2024-09-24 19:00:00,19,1,0,7,faible
25,2024-09-24 19:00:00,19,1,0,4,faible
26,2024-09-24 19:00:00,19,1,0,4,faible
27,2024-09-24 19:00:00,19,1,0,4,faible
28,2024-09-24 19:00:00,19,1,0,5,faible
29,2024-09-24 19:00:00,19,1,0,2,faible
30,2024-09-24 19:00:00,19,1,0,6,faible
31,2024-09-24 19:00:00,19,1,0,1,faible
32,2024-09-24 19:00:00,19,1,0,5,faible
33,2024-09-24 19:00:00,19,1,0,2,faible
34,2024-09-24 19:00:00,19,1,0,2,faible
35,2024-09-24 19:00:00,19,1,0,45,moyen
36,2024-09-24 19:00:00,19,1,0,2,faible
37,2024-09-24 19:00:00,19,1,0,1,faible
38,2024-09-24 19:00:00,19,1,0,13,faible
1,2024-09-24 20:00:00,20,1,0,0,faible
2,2024-09-24 20:00:00,20,1,0,1,faible
3,2024-09-24 20:00:00,20,1,0,0,faible
4,2024-09-24 20:00:00,20,1,0,0,faible
5,2024-09-24 20:00:00,20,1,0,15,faible
6,2024-09-24 20:00:00,20,1,0,42,faible
7,2024-09-24 20:00:00,20,1,0,36,faible
8,2024-09-24 20:00:00,20,1,0,3,faible
9,2024-09-24 20:00:00,20,1,0,1,faible
10,2024-09-24 20:00:00,20,1,0,4,faible
11,2024-09-24 20:00:00,20,1,0,3,faible
12,2024-09-24 20:00:00,20,1,0,2,faible
13,2024-09-24 20:00:00,20,1,0,2,faible
14,2024-09-24 20:00:00,20,1,0,6,faible
15,2024-09-24 20:00:00,20,1,0,7,faible
16,2024-09-24 20:00:00,20,1,0,4,faible
17,2024-09-24 20:00:00,20,1,0,5,faible
18,2024-09-24 20:00:00,20,1,0,4,faible
19,2024-09-24 20:00:00,20,1,0,5,faible
20,2024-09-24 20:00:00,20,1,0,9,faible
21,2024-09-24 20:00:00,20,1,0,6,faible
22,2024-09-24 20:00:00,20,1,0,6,faible
23,2024-09-24 20:00:00,20,1,0,4,faible
24,2024-09-24 20:00:00,20,1,0,4,faible
25,2024-09-24 20:00:00,20,1,0,8,faible
26,2024-09-24 20:00:00,20,1,0,7,faible
27,2024-09-24 20:00:00,20,1,0,7,faible
28,2024-09-24 20:00:00,20,1,0,3,faible
29,2024-09-24 20:00:00,20,1,0,4,faible
30,2024-09-24 20:00:00,20,1,0,6,faible
31,2024-09-24 20:00:00,20,1,0,4,faible
32,2024-09-24 20:00:00,20,1,0,5,faible
33,2024-09-24 20:00:00,20,1,0,3,faible
34,2024-09-24 20:00:00,20,1,0,1,faible
35,2024-09-24 20:00:00,20,1,0,53,moyen
36,2024-09-24 20:00:00,20,1,0,1,faible
37,2024-09-24 20:00:00,20,1,0,1,faible
38,2024-09-24 20:00:00,20,1,0,27,faible
1,2024-09-24 21:00:00,21,1,0,2,faible
2,2024-09-24 21:00:00,21,1,0,0,faible
3,2024-09-24 21:00:00,21,1,0,1,faible
4,2024-09-24 21:00:00,21,1,0,1,faible
5,2024-09-24 21:00:00,21,1,0,25,faible
6,2024-09-24 21:00:00,21,1,0,48,faible
7,2024-09-24 21:00:00,21,1,0,26,faible
8,2024-09-24 21:00:00,21,1,0,2,faible
9,2024-09-24 21:00:00,21,1,0,2,faible
10,2024-09-24 21:00:00,21,1,0,3,faible
11,2024-09-24 21:00:00,21,1,0,2,faible
12,2024-09-24 21:00:00,21,1,0,2,faible
13,2024-09-24 21:00:00,21,1,0,3,faible
14,2024-09-24 21:00:00,21,1,0,10,faible
15,2024-09-24 21:00:00,21,1,0,11,faible
16,2024-09-24 21:00:00,21,1,0,3,faible
17,2024-09-24 21:00:00,21,1,0,3,faible
18,2024-09-24 21:00:00,21,1,0,8,faible
19,2024-09-24 21:00:00,21,1,0,7,faible
20,2024-09-24 21:00:00,21,1,0,7,faible
21,2024-09-24 21:00:00,21,1,0,4,faible
22,2024-09-24 21:00:00,21,1,0,7,faible
23,2024-09-24 21:00:00,21,1,0,4,faible
24,2024-09-24 21:00:00,21,1,0,3,faible
25,2024-09-24 21:00:00,21,1,0,7,faible
26,2024-09-24 21:00:00,21,1,0,5,faible
27,2024-09-24 21:00:00,21,1,0,4,faible
28,2024-09-24 21:00:00,21,1,0,3,faible
29,2024-09-24 21:00:00,21,1,0,5,faible
30,2024-09-24 21:00:00,21,1,0,5,faible
31,2024-09-24 21:00:00,21,1,0,3,faible
32,2024-09-24 21:00:00,21,1,0,4,faible
33,2024-09-24 21:00:00,21,1,0,2,faible
34,2024-09-24 21:00:00,21,1,0,2,faible
35,2024-09-24 21:00:00,21,1,0,49,moyen
36,2024-09-24 21:00:00,21,1,0,2,faible
37,2024-09-24 21:00:00,21,1,0,2,faible
38,2024-09-24 21:00:00,21,1,0,24,faible
1,2024-09-25 07:00:00,7,2,0,0,faible
2,2024-09-25 07:00:00,7,2,0,2,faible
3,2024-09-25 07:00:00,7,2,0,1,faible
4,2024-09-25 07:00:00,7,2,0,0,faible
5,2024-09-25 07:00:00,7,2,0,21,faible
6,2024-09-25 07:00:00,7,2,0,28,faible
7,2024-09-25 07:00:00,7,2,0,27,faible
8,2024-09-25 07:00:00,7,2,0,4,faible
9,2024-09-25 07:00:00,7,2,0,4,faible
10,2024-09-25 07:00:00,7,2,0,1,faible
11,2024-09-25 07:00:00,7,2,0,3,faible
12,2024-09-25 07:00:00,7,2,0,1,faible
13,2024-09-25 07:00:00,7,2,0,3,faible
14,2024-09-25 07:00:00,7,2,0,9,faible
15,2024-09-25 07:00:00,7,2,0,9,faible
16,2024-09-25 07:00:00,7,2,0,3,faible
17,2024-09-25 07:00:00,7,2,0,4,faible
18,2024-09-25 07:00:00,7,2,0,7,faible
19,2024-09-25 07:00:00,7,2,0,7,faible
20,2024-09-25 07:00:00,7,2,0,8,faible
21,2024-09-25 07:00:00,7,2,0,7,faible
22,2024-09-25 07:00:00,7,2,0,4,faible
23,2024-09-25 07:00:00,7,2,0,6,faible
24,2024-09-25 07:00:00,7,2,0,7,faible
25,2024-09-25 07:00:00,7,2,0,6,faible
26,2024-09-25 07:00:00,7,2,0,4,faible
27,2024-09-25 07:00:00,7,2,0,7,faible
28,2024-09-25 07:00:00,7,2,0,3,faible
29,2024-09-25 07:00:00,7,2,0,2,faible
30,2024-09-25 07:00:00,7,2,0,2,faible
31,2024-09-25 07:00:00,7,2,0,5,faible
32,2024-09-25 07:00:00,7,2,0,3,faible
33,2024-09-25 07:00:00,7,2,0,2,faible
34,2024-09-25 07:00:00,7,2,0,2,faible
35,2024-09-25 07:00:00,7,2,0,17,faible
36,2024-09-25 07:00:00,7,2,0,3,faible
37,2024-09-25 07:00:00,7,2,0,1,faible
38,2024-09-25 07:00:00,7,2,0,21,faible
1,2024-09-25 08:00:00,8,2,1,7,faible
2,2024-09-25 08:00:00,8,2,1,7,faible
3,2024-09-25 08:00:00,8,2,1,6,moyen
4,2024-09-25 08:00:00,8,2,1,0,faible
5,2024-09-25 08:00:00,8,2,1,55,moyen
6,2024-09-25 08:00:00,8,2,1,93,moyen
7,2024-09-25 08:00:00,8,2,1,70,moyen
8,2024-09-25 08:00:00,8,2,0,1,faible
9,2024-09-25 08:00:00,8,2,0,4,faible
10,2024-09-25 08:00:00,8,2,1,1,faible
11,2024-09-25 08:00:00,8,2,0,3,faible
12,2024-09-25 08:00:00,8,2,1,2,faible
13,2024-09-25 08:00:00,8,2,0,2,faible
14,2024-09-25 08:00:00,8,2,0,6,faible
15,2024-09-25 08:00:00,8,2,1,10,faible
16,2024-09-25 08:00:00,8,2,1,8,faible
17,2024-09-25 08:00:00,8,2,1,5,faible
18,2024-09-25 08:00:00,8,2,1,5,faible
19,2024-09-25 08:00:00,8,2,1,5,faible
20,2024-09-25 08:00:00,8,2,0,8,faible
21,2024-09-25 08:00:00,8,2,0,6,faible
22,2024-09-25 08:00:00,8,2,1,4,faible
23,2024-09-25 08:00:00,8,2,1,3,faible
24,2024-09-25 08:00:00,8,2,1,5,faible
25,2024-09-25 08:00:00,8,2,1,8,faible
26,2024-09-25 08:00:00,8,2,1,7,faible
27,2024-09-25 08:00:00,8,2,1,6,faible
28,2024-09-25 08:00:00,8,2,0,3,faible
29,2024-09-25 08:00:00,8,2,1,4,faible
30,2024-09-25 08:00:00,8,2,1,6,faible
31,2024-09-25 08:00:00,8,2,1,1,faible
32,2024-09-25 08:00:00,8,2,1,2,faible
33,2024-09-25 08:00:00,8,2,0,3,faible
34,2024-09-25 08:00:00,8,2,1,1,faible
35,2024-09-25 08:00:00,8,2,1,26,moyen
36,2024-09-25 08:00:00,8,2,1,2,faible
37,2024-09-25 08:00:00,8,2,0,3,faible
38,2024-09-25 08:00:00,8,2,1,49,moyen
1,2024-09-25 09:00:00,9,2,1,10,moyen
2,2024-09-25 09:00:00,9,2,1,6,faible
3,2024-09-25 09:00:00,9,2,1,6,moyen
4,2024-09-25 09:00:00,9,2,1,1,faible
5,2024-09-25 09:00:00,9,2,1,52,moyen
6,2024-09-25 09:00:00,9,2,1,91,moyen
7,2024-09-25 09:00:00,9,2,1,75,moyen
8,2024-09-25 09:00:00,9,2,0,18,eleve
9,2024-09-25 09:00:00,9,2,1,15,moyen
10,2024-09-25 09:00:00,9,2,1,11,moyen
11,2024-09-25 09:00:00,9,2,0,11,moyen
12,2024-09-25 09:00:00,9,2,1,7,moyen
13,2024-09-25 09:00:00,9,2,1,10,moyen
14,2024-09-25 09:00:00,9,2,0,26,moyen
15,2024-09-25 09:00:00,9,2,0,25,moyen
16,2024-09-25 09:00:00,9,2,1,21,moyen
17,2024-09-25 09:00:00,9,2,1,19,moyen
18,2024-09-25 09:00:00,9,2,1,21,moyen
19,2024-09-25 09:00:00,9,2,1,25,moyen
20,2024-09-25 09:00:00,9,2,0,15,moyen
21,2024-09-25 09:00:00,9,2,1,14,moyen
22,2024-09-25 09:00:00,9,2,0,14,moyen
23,2024-09-25 09:00:00,9,2,1,11,moyen
24,2024-09-25 09:00:00,9,2,0,15,moyen
25,2024-09-25 09:00:00,9,2,1,16,moyen
26,2024-09-25 09:00:00,9,2,1,14,moyen
27,2024-09-25 09:00:00,9,2,1,18,moyen
28,2024-09-25 09:00:00,9,2,0,15,moyen
29,2024-09-25 09:00:00,9,2,0,12,moyen
30,2024-09-25 09:00:00,9,2,0,13,moyen
31,2024-09-25 09:00:00,9,2,1,12,moyen
32,2024-09-25 09:00:00,9,2,1,11,moyen
33,2024-09-25 09:00:00,9,2,1,8,moyen
34,2024-09-25 09:00:00,9,2,1,8,moyen
35,2024-09-25 09:00:00,9,2,1,17,faible
36,2024-09-25 09:00:00,9,2,1,9,moyen
37,2024-09-25 09:00:00,9,2,1,8,moyen
38,2024-09-25 09:00:00,9,2,1,57,moyen
1,2024-09-25 10:00:00,10,2,1,8,faible
2,2024-09-25 10:00:00,10,2,1,8,moyen
3,2024-09-25 10:00:00,10,2,1,6,moyen
4,2024-09-25 10:00:00,10,2,1,0,faible
5,2024-09-25 10:00:00,10,2,1,61,moyen
6,2024-09-25 10:00:00,10,2,1,88,moyen
7,2024-09-25 10:00:00,10,2,1,85,moyen
8,2024-09-25 10:00:00,10,2,1,12,moyen
9,2024-09-25 10:00:00,10,2,0,13,moyen
10,2024-09-25 10:00:00,10,2,0,10,moyen
11,2024-09-25 10:00:00,10,2,1,10,moyen
12,2024-09-25 10:00:00,10,2,1,7,moyen
13,2024-09-25 10:00:00,10,2,1,9,moyen
14,2024-09-25 10:00:00,10,2,1,21,moyen
15,2024-09-25 10:00:00,10,2,0,24,moyen
16,2024-09-25 10:00:00,10,2,1,17,moyen
17,2024-09-25 10:00:00,10,2,1,22,moyen
18,2024-09-25 10:00:00,10,2,0,18,moyen
19,2024-09-25 10:00:00,10,2,0,23,moyen
20,2024-09-25 10:00:00,10,2,1,19,moyen
21,2024-09-25 10:00:00,10,2,1,13,moyen
22,2024-09-25 10:00:00,10,2,0,18,moyen
23,2024-09-25 10:00:00,10,2,1,11,moyen
24,2024-09-25 10:00:00,10,2,1,17,moyen
25,2024-09-25 10:00:00,10,2,1,15,moyen
26,2024-09-25 10:00:00,10,2,1,17,moyen
27,2024-09-25 10:00:00,10,2,0,15,moyen
28,2024-09-25 10:00:00,10,2,1,18,moyen
29,2024-09-25 10:00:00,10,2,1,13,moyen
30,2024-09-25 10:00:00,10,2,1,14,moyen
31,2024-09-25 10:00:00,10,2,1,9,moyen
32,2024-09-25 10:00:00,10,2,1,9,moyen
33,2024-09-25 10:00:00,10,2,1,9,moyen
34,2024-09-25 10:00:00,10,2,1,9,moyen
35,2024-09-25 10:00:00,10,2,1,23,faible
36,2024-09-25 10:00:00,10,2,1,8,moyen
37,2024-09-25 10:00:00,10,2,0,7,moyen
38,2024-09-25 10:00:00,10,2,1,57,moyen
1,2024-09-25 11:00:00,11,2,1,9,moyen
2,2024-09-25 11:00:00,11,2,1,9,moyen
3,2024-09-25 11:00:00,11,2,1,5,faible
4,2024-09-25 11:00:00,11,2,1,0,faible
5,2024-09-25 11:00:00,11,2,1,59,moyen
6,2024-09-25 11:00:00,11,2,1,88,moyen
7,2024-09-25 11:00:00,11,2,1,82,moyen
8,2024-09-25 11:00:00,11,2,1,11,moyen
9,2024-09-25 11:00:00,11,2,1,12,moyen
10,2024-09-25 11:00:00,11,2,0,10,moyen
11,2024-09-25 11:00:00,11,2,0,10,moyen
12,2024-09-25 11:00:00,11,2,1,8,moyen
13,2024-09-25 11:00:00,11,2,1,12,moyen
14,2024-09-25 11:00:00,11,2,0,24,moyen
15,2024-09-25 11:00:00,11,2,1,23,moyen
16,2024-09-25 11:00:00,11,2,1,16,moyen
17,2024-09-25 11:00:00,11,2,0,18,moyen
18,2024-09-25 11:00:00,11,2,1,19,moyen
19,2024-09-25 11:00:00,11,2,1,20,moyen
20,2024-09-25 11:00:00,11,2,1,17,moyen
21,2024-09-25 11:00:00,11,2,1,15,moyen
22,2024-09-25 11:00:00,11,2,1,17,moyen
23,2024-09-25 11:00:00,11,2,1,14,moyen
24,2024-09-25 11:00:00,11,2,0,19,moyen
25,2024-09-25 11:00:00,11,2,1,20,moyen
26,2024-09-25 11:00:00,11,2,1,18,moyen
27,2024-09-25 11:00:00,11,2,1,14,moyen
28,2024-09-25 11:00:00,11,2,0,19,moyen
29,2024-09-25 11:00:00,11,2,1,11,moyen
30,2024-09-25 11:00:00,11,2,1,14,moyen
31,2024-09-25 11:00:00,11,2,0,12,moyen
32,2024-09-25 11:00:00,11,2,1,11,moyen
33,2024-09-25 11:00:00,11,2,1,10,moyen
34,2024-09-25 11:00:00,11,2,1,10,moyen
35,2024-09-25 11:00:00,11,2,1,22,faible
36,2024-09-25 11:00:00,11,2,1,8,moyen
37,2024-09-25 11:00:00,11,2,1,7,moyen
38,2024-09-25 11:00:00,11,2,1,57,moyen
1,2024-09-25 12:00:00,12,2,1,8,faible
2,2024-09-25 12:00:00,12,2,1,6,faible
3,2024-09-25 12:00:00,12,2,1,7,moyen
4,2024-09-25 12:00:00,12,2,1,1,faible
5,2024-09-25 12:00:00,12,2,1,14,faible
6,2024-09-25 12:00:00,12,2,1,26,faible
7,2024-09-25 12:00:00,12,2,1,20,faible
8,2024-09-25 12:00:00,12,2,0,11,moyen
9,2024-09-25 12:00:00,12,2,1,13,moyen
10,2024-09-25 12:00:00,12,2,1,10,moyen
11,2024-09-25 12:00:00,12,2,1,10,moyen
12,2024-09-25 12:00:00,12,2,1,9,moyen
13,2024-09-25 12:00:00,12,2,0,11,moyen
14,2024-09-25 12:00:00,12,2,1,3,faible
15,2024-09-25 12:00:00,12,2,1,9,faible
16,2024-09-25 12:00:00,12,2,1,9,faible
17,2024-09-25 12:00:00,12,2,1,8,faible
18,2024-09-25 12:00:00,12,2,1,7,faible
19,2024-09-25 12:00:00,12,2,1,11,faible
20,2024-09-25 12:00:00,12,2,1,4,faible
21,2024-09-25 12:00:00,12,2,0,6,faible
22,2024-09-25 12:00:00,12,2,1,6,faible
23,2024-09-25 12:00:00,12,2,0,6,faible
24,2024-09-25 12:00:00,12,2,1,5,faible
25,2024-09-25 12:00:00,12,2,1,6,faible
26,2024-09-25 12:00:00,12,2,1,7,faible
27,2024-09-25 12:00:00,12,2,0,3,faible
28,2024-09-25 12:00:00,12,2,1,6,faible
29,2024-09-25 12:00:00,12,2,1,2,faible
30,2024-09-25 12:00:00,12,2,1,4,faible
31,2024-09-25 12:00:00,12,2,1,2,faible
32,2024-09-25 12:00:00,12,2,1,3,faible
33,2024-09-25 12:00:00,12,2,1,3,faible
34,2024-09-25 12:00:00,12,2,1,4,faible
35,2024-09-25 12:00:00,12,2,0,50,moyen
36,2024-09-25 12:00:00,12,2,1,9,moyen
37,2024-09-25 12:00:00,12,2,1,8,moyen
38,2024-09-25 12:00:00,12,2,1,22,faible
1,2024-09-25 13:00:00,13,2,1,10,moyen
2,2024-09-25 13:00:00,13,2,1,6,faible
3,2024-09-25 13:00:00,13,2,1,7,moyen
4,2024-09-25 13:00:00,13,2,1,0,faible
5,2024-09-25 13:00:00,13,2,0,31,faible
6,2024-09-25 13:00:00,13,2,0,48,faible
7,2024-09-25 13:00:00,13,2,0,20,faible
8,2024-09-25 13:00:00,13,2,0,2,faible
9,2024-09-25 13:00:00,13,2,1,2,faible
10,2024-09-25 13:00:00,13,2,1,3,faible
11,2024-09-25 13:00:00,13,2,0,2,faible
12,2024-09-25 13:00:00,13,2,1,3,faible
13,2024-09-25 13:00:00,13,2,1,4,faible
14,2024-09-25 13:00:00,13,2,1,7,faible
15,2024-09-25 13:00:00,13,2,1,6,faible
16,2024-09-25 13:00:00,13,2,1,7,faible
17,2024-09-25 13:00:00,13,2,0,5,faible
18,2024-09-25 13:00:00,13,2,1,4,faible
19,2024-09-25 13:00:00,13,2,0,6,faible
20,2024-09-25 13:00:00,13,2,0,5,faible
21,2024-09-25 13:00:00,13,2,1,7,faible
22,2024-09-25 13:00:00,13,2,1,4,faible
23,2024-09-25 13:00:00,13,2,1,3,faible
24,2024-09-25 13:00:00,13,2,1,8,faible
25,2024-09-25 13:00:00,13,2,1,5,faible
26,2024-09-25 13:00:00,13,2,0,5,faible
27,2024-09-25 13:00:00,13,2,0,7,faible
28,2024-09-25 13:00:00,13,2,1,6,faible
29,2024-09-25 13:00:00,13,2,1,3,faible
30,2024-09-25 13:00:00,13,2,1,6,faible
31,2024-09-25 13:00:00,13,2,0,3,faible
32,2024-09-25 13:00:00,13,2,0,4,faible
33,2024-09-25 13:00:00,13,2,1,3,faible
34,2024-09-25 13:00:00,13,2,0,2,faible
35,2024-09-25 13:00:00,13,2,1,49,moyen
36,2024-09-25 13:00:00,13,2,1,1,faible
37,2024-09-25 13:00:00,13,2,1,2,faible
38,2024-09-25 13:00:00,13,2,0,26,faible
1,2024-09-25 14:00:00,14,2,1,9,moyen
2,2024-09-25 14:00:00,14,2,1,7,faible
3,2024-09-25 14:00:00,14,2,1,6,moyen
4,2024-09-25 14:00:00,14,2,1,0,faible
5,2024-09-25 14:00:00,14,2,0,28,faible
6,2024-09-25 14:00:00,14,2,0,53,faible
7,2024-09-25 14:00:00,14,2,0,19,faible
8,2024-09-25 14:00:00,14,2,1,12,moyen
9,2024-09-25 14:00:00,14,2,0,13,moyen
10,2024-09-25 14:00:00,14,2,1,12,moyen
11,2024-09-25 14:00:00,14,2,0,9,moyen
12,2024-09-25 14:00:00,14,2,1,8,moyen
13,2024-09-25 14:00:00,14,2,1,10,moyen
14,2024-09-25 14:00:00,14,2,0,19,moyen
15,2024-09-25 14:00:00,14,2,0,19,moyen
16,2024-09-25 14:00:00,14,2,1,20,moyen
17,2024-09-25 14:00:00,14,2,1,18,moyen
18,2024-09-25 14:00:00,14,2,1,15,moyen
19,2024-09-25 14:00:00,14,2,1,22,moyen
20,2024-09-25 14:00:00,14,2,0,18,moyen
21,2024-09-25 14:00:00,14,2,0,16,moyen
22,2024-09-25 14:00:00,14,2,1,13,moyen
23,2024-09-25 14:00:00,14,2,0,13,moyen
24,2024-09-25 14:00:00,14,2,0,14,moyen
25,2024-09-25 14:00:00,14,2,1,20,moyen
26,2024-09-25 14:00:00,14,2,1,13,moyen
27,2024-09-25 14:00:00,14,2,1,17,moyen
28,2024-09-25 14:00:00,14,2,1,16,moyen
29,2024-09-25 14:00:00,14,2,1,13,moyen
30,2024-09-25 14:00:00,14,2,0,14,moyen
31,2024-09-25 14:00:00,14,2,0,10,moyen
32,2024-09-25 14:00:00,14,2,0,10,moyen
33,2024-09-25 14:00:00,14,2,0,8,moyen
34,2024-09-25 14:00:00,14,2,1,8,moyen
35,2024-09-25 14:00:00,14,2,1,19,faible
36,2024-09-25 14:00:00,14,2,1,9,moyen
37,2024-09-25 14:00:00,14,2,1,8,moyen
38,2024-09-25 14:00:00,14,2,0,19,faible
1,2024-09-25 15:00:00,15,2,1,6,faible
2,2024-09-25 15:00:00,15,2,1,6,faible
3,2024-09-25 15:00:00,15,2,1,5,faible
4,2024-09-25 15:00:00,15,2,1,1,faible
5,2024-09-25 15:00:00,15,2,0,30,faible
6,2024-09-25 15:00:00,15,2,0,33,faible
7,2024-09-25 15:00:00,15,2,0,31,faible
8,2024-09-25 15:00:00,15,2,1,9,moyen
9,2024-09-25 15:00:00,15,2,1,14,moyen
10,2024-09-25 15:00:00,15,2,1,10,moyen
11,2024-09-25 15:00:00,15,2,1,10,moyen
12,2024-09-25 15:00:00,15,2,1,8,moyen
13,2024-09-25 15:00:00,15,2,1,9,moyen
14,2024-09-25 15:00:00,15,2,1,25,moyen
15,2024-09-25 15:00:00,15,2,1,26,moyen
16,2024-09-25 15:00:00,15,2,1,22,moyen
17,2024-09-25 15:00:00,15,2,1,21,moyen
18,2024-09-25 15:00:00,15,2,1,20,moyen
19,2024-09-25 15:00:00,15,2,1,22,moyen
20,2024-09-25 15:00:00,15,2,0,18,moyen
21,2024-09-25 15:00:00,15,2,0,13,moyen
22,2024-09-25 15:00:00,15,2,1,14,moyen
23,2024-09-25 15:00:00,15,2,1,12,moyen
24,2024-09-25 15:00:00,15,2,0,18,moyen
25,2024-09-25 15:00:00,15,2,1,17,moyen
26,2024-09-25 15:00:00,15,2,1,16,moyen
27,2024-09-25 15:00:00,15,2,1,17,moyen
28,2024-09-25 15:00:00,15,2,1,15,moyen
29,2024-09-25 15:00:00,15,2,1,13,moyen
30,2024-09-25 15:00:00,15,2,1,11,moyen
31,2024-09-25 15:00:00,15,2,1,11,moyen
32,2024-09-25 15:00:00,15,2,1,9,moyen
33,2024-09-25 15:00:00,15,2,0,9,moyen
34,2024-09-25 15:00:00,15,2,1,9,moyen
35,2024-09-25 15:00:00,15,2,0,15,faible
36,2024-09-25 15:00:00,15,2,1,7,moyen
37,2024-09-25 15:00:00,15,2,0,8,moyen
38,2024-09-25 15:00:00,15,2,0,24,faible
1,2024-09-25 16:00:00,16,2,1,10,moyen
2,2024-09-25 16:00:00,16,2,1,7,faible
3,2024-09-25 16:00:00,16,2,1,6,moyen
4,2024-09-25 16:00:00,16,2,1,0,faible
5,2024-09-25 16:00:00,16,2,0,23,faible
6,2024-09-25 16:00:00,16,2,0,38,faible
7,2024-09-25 16:00:00,16,2,0,28,faible
8,2024-09-25 16:00:00,16,2,1,10,moyen
9,2024-09-25 16:00:00,16,2,1,15,moyen
10,2024-09-25 16:00:00,16,2,1,10,moyen
11,2024-09-25 16:00:00,16,2,1,10,moyen
12,2024-09-25 16:00:00,16,2,1,8,moyen
13,2024-09-25 16:00:00,16,2,1,10,moyen
14,2024-09-25 16:00:00,16,2,1,21,moyen
15,2024-09-25 16:00:00,16,2,1,22,moyen
16,2024-09-25 16:00:00,16,2,1,19,moyen
17,2024-09-25 16:00:00,16,2,1,23,moyen
18,2024-09-25 16:00:00,16,2,0,20,moyen
19,2024-09-25 16:00:00,16,2,1,23,moyen
20,2024-09-25 16:00:00,16,2,1,17,moyen
21,2024-09-25 16:00:00,16,2,0,16,moyen
22,2024-09-25 16:00:00,16,2,0,13,moyen
23,2024-09-25 16:00:00,16,2,1,13,moyen
24,2024-09-25 16:00:00,16,2,1,21,moyen
25,2024-09-25 16:00:00,16,2,1,15,moyen
26,2024-09-25 16:00:00,16,2,1,16,moyen
27,2024-09-25 16:00:00,16,2,1,17,moyen
28,2024-09-25 16:00:00,16,2,0,18,moyen
29,2024-09-25 16:00:00,16,2,1,14,moyen
30,2024-09-25 16:00:00,16,2,1,14,moyen
31,2024-09-25 16:00:00,16,2,0,11,moyen
32,2024-09-25 16:00:00,16,2,1,13,moyen
33,2024-09-25 16:00:00,16,2,1,9,moyen
34,2024-09-25 16:00:00,16,2,1,7,moyen
35,2024-09-25 16:00:00,16,2,1,21,faible
36,2024-09-25 16:00:00,16,2,0,8,moyen
37,2024-09-25 16:00:00,16,2,1,8,moyen
38,2024-09-25 16:00:00,16,2,0,17,faible
1,2024-09-25 17:00:00,17,2,1,7,faible
2,2024-09-25 17:00:00,17,2,1,8,moyen
3,2024-09-25 17:00:00,17,2,1,4,faible
4,2024-09-25 17:00:00,17,2,1,1,faible
5,2024-09-25 17:00:00,17,2,0,24,faible
6,2024-09-25 17:00:00,17,2,0,54,faible
7,2024-09-25 17:00:00,17,2,0,26,faible
8,2024-09-25 17:00:00,17,2,1,9,moyen
9,2024-09-25 17:00:00,17,2,1,14,moyen
10,2024-09-25 17:00:00,17,2,1,12,moyen
11,2024-09-25 17:00:00,17,2,1,10,moyen
12,2024-09-25 17:00:00,17,2,1,7,moyen
13,2024-09-25 17:00:00,17,2,1,11,moyen
14,2024-09-25 17:00:00,17,2,1,4,faible
15,2024-09-25 17:00:00,17,2,1,7,faible
16,2024-09-25 17:00:00,17,2,0,7,faible
17,2024-09-25 17:00:00,17,2,0,4,faible
18,2024-09-25 17:00:00,17,2,1,4,faible
19,2024-09-25 17:00:00,17,2,1,9,faible
20,2024-09-25 17:00:00,17,2,1,5,faible
21,2024-09-25 17:00:00,17,2,0,5,faible
22,2024-09-25 17:00:00,17,2,1,6,faible
23,2024-09-25 17:00:00,17,2,1,4,faible
24,2024-09-25 17:00:00,17,2,1,4,faible
25,2024-09-25 17:00:00,17,2,1,7,faible
26,2024-09-25 17:00:00,17,2,1,6,faible
27,2024-09-25 17:00:00,17,2,0,3,faible
28,2024-09-25 17:00:00,17,2,1,6,faible
29,2024-09-25 17:00:00,17,2,1,4,faible
30,2024-09-25 17:00:00,17,2,0,4,faible
31,2024-09-25 17:00:00,17,2,1,5,faible
32,2024-09-25 17:00:00,17,2,0,4,faible
33,2024-09-25 17:00:00,17,2,0,2,faible
34,2024-09-25 17:00:00,17,2,0,4,faible
35,2024-09-25 17:00:00,17,2,1,42,moyen
36,2024-09-25 17:00:00,17,2,1,8,moyen
37,2024-09-25 17:00:00,17,2,0,7,moyen
38,2024-09-25 17:00:00,17,2,0,23,faible
1,2024-09-25 18:00:00,18,2,0,3,faible
2,2024-09-25 18:00:00,18,2,0,1,faible
3,2024-09-25 18:00:00,18,2,0,1,faible
4,2024-09-25 18:00:00,18,2,0,0,faible
5,2024-09-25 18:00:00,18,2,0,15,faible
6,2024-09-25 18:00:00,18,2,0,41,faible
7,2024-09-25 18:00:00,18,2,0,34,faible
8,2024-09-25 18:00:00,18,2,1,1,faible
9,2024-09-25 18:00:00,18,2,0,3,faible
10,2024-09-25 18:00:00,18,2,0,4,faible
11,2024-09-25 18:00:00,18,2,1,3,faible
12,2024-09-25 18:00:00,18,2,0,2,faible
13,2024-09-25 18:00:00,18,2,1,3,faible
14,2024-09-25 18:00:00,18,2,1,8,faible
15,2024-09-25 18:00:00,18,2,1,8,faible
16,2024-09-25 18:00:00,18,2,1,4,faible
17,2024-09-25 18:00:00,18,2,1,10,faible
18,2024-09-25 18:00:00,18,2,1,7,faible
19,2024-09-25 18:00:00,18,2,1,7,faible
20,2024-09-25 18:00:00,18,2,1,5,faible
21,2024-09-25 18:00:00,18,2,1,3,faible
22,2024-09-25 18:00:00,18,2,0,3,faible
23,2024-09-25 18:00:00,18,2,1,3,faible
24,2024-09-25 18:00:00,18,2,1,8,faible
25,2024-09-25 18:00:00,18,2,0,6,faible
26,2024-09-25 18:00:00,18,2,1,3,faible
27,2024-09-25 18:00:00,18,2,1,7,faible
28,2024-09-25 18:00:00,18,2,1,5,faible
29,2024-09-25 18:00:00,18,2,1,5,faible
30,2024-09-25 18:00:00,18,2,1,6,faible
31,2024-09-25 18:00:00,18,2,1,3,faible
32,2024-09-25 18:00:00,18,2,1,4,faible
33,2024-09-25 18:00:00,18,2,1,3,faible
34,2024-09-25 18:00:00,18,2,0,4,faible
35,2024-09-25 18:00:00,18,2,0,53,moyen
36,2024-09-25 18:00:00,18,2,1,2,faible
37,2024-09-25 18:00:00,18,2,1,2,faible
38,2024-09-25 18:00:00,18,2,0,26,faible
1,2024-09-25 19:00:00,19,2,0,2,faible
2,2024-09-25 19:00:00,19,2,0,0,faible
3,2024-09-25 19:00:00,19,2,0,0,faible
4,2024-09-25 19:00:00,19,2,0,0,faible
5,2024-09-25 19:00:00,19,2,0,30,faible
6,2024-09-25 19:00:00,19,2,0,41,faible
7,2024-09-25 19:00:00,19,2,0,21,faible
8,2024-09-25 19:00:00,19,2,0,4,faible
9,2024-09-25 19:00:00,19,2,0,3,faible
10,2024-09-25 19:00:00,19,2,0,4,faible
11,2024-09-25 19:00:00,19,2,0,2,faible
12,2024-09-25 19:00:00,19,2,0,3,faible
13,2024-09-25 19:00:00,19,2,0,3,faible
14,2024-09-25 19:00:00,19,2,0,5,faible
15,2024-09-25 19:00:00,19,2,0,9,faible
16,2024-09-25 19:00:00,19,2,0,8,faible
17,2024-09-25 19:00:00,19,2,0,9,faible
18,2024-09-25 19:00:00,19,2,0,7,faible
19,2024-09-25 19:00:00,19,2,0,9,faible
20,2024-09-25 19:00:00,19,2,0,3,faible
21,2024-09-25 19:00:00,19,2,0,5,faible
22,2024-09-25 19:00:00,19,2,0,6,faible
23,2024-09-25 19:00:00,19,2,0,3,faible
24,2024-09-25 19:00:00,19,2,0,8,faible
25,2024-09-25 19:00:00,19,2,0,3,faible
26,2024-09-25 19:00:00,19,2,0,6,faible
27,2024-09-25 19:00:00,19,2,0,6,faible
28,2024-09-25 19:00:00,19,2,0,8,faible
29,2024-09-25 19:00:00,19,2,0,5,faible
30,2024-09-25 19:00:00,19,2,0,2,faible
31,2024-09-25 19:00:00,19,2,0,2,faible
32,2024-09-25 19:00:00,19,2,0,4,faible
33,2024-09-25 19:00:00,19,2,0,2,faible
34,2024-09-25 19:00:00,19,2,0,1,faible
35,2024-09-25 19:00:00,19,2,0,46,moyen
36,2024-09-25 19:00:00,19,2,0,3,faible
37,2024-09-25 19:00:00,19,2,0,2,faible
38,2024-09-25 19:00:00,19,2,0,24,faible
1,2024-09-25 20:00:00,20,2,0,1,faible
2,2024-09-25 20:00:00,20,2,0,2,faible
3,2024-09-25 20:00:00,20,2,0,0,faible
4,2024-09-25 20:00:00,20,2,0,0,faible
5,2024-09-25 20:00:00,20,2,0,26,faible
6,2024-09-25 20:00:00,20,2,0,33,faible
7,2024-09-25 20:00:00,20,2,0,41,faible
8,2024-09-25 20:00:00,20,2,0,3,faible
9,2024-09-25 20:00:00,20,2,0,3,faible
10,2024-09-25 20:00:00,20,2,0,2,faible
11,2024-09-25 20:00:00,20,2,0,3,faible
12,2024-09-25 20:00:00,20,2,0,1,faible
13,2024-09-25 20:00:00,20,2,0,2,faible
14,2024-09-25 20:00:00,20,2,0,5,faible
15,2024-09-25 20:00:00,20,2,0,6,faible
16,2024-09-25 20:00:00,20,2,0,9,faible
17,2024-09-25 20:00:00,20,2,0,5,faible
18,2024-09-25 20:00:00,20,2,0,8,faible
19,2024-09-25 20:00:00,20,2,0,4,faible
20,2024-09-25 20:00:00,20,2,0,3,faible
21,2024-09-25 20:00:00,20,2,0,6,faible
22,2024-09-25 20:00:00,20,2,0,5,faible
23,2024-09-25 20:00:00,20,2,0,6,faible
24,2024-09-25 20:00:00,20,2,0,8,faible
25,2024-09-25 20:00:00,20,2,0,4,faible
26,2024-09-25 20:00:00,20,2,0,3,faible
27,2024-09-25 20:00:00,20,2,0,7,faible
28,2024-09-25 20:00:00,20,2,0,4,faible
29,2024-09-25 20:00:00,20,2,0,6,faible
30,2024-09-25 20:00:00,20,2,0,5,faible
31,2024-09-25 20:00:00,20,2,0,2,faible
32,2024-09-25 20:00:00,20,2,0,2,faible
33,2024-09-25 20:00:00,20,2,0,4,faible
34,2024-09-25 20:00:00,20,2,0,3,faible
35,2024-09-25 20:00:00,20,2,0,42,moyen
36,2024-09-25 20:00:00,20,2,0,2,faible
37,2024-09-25 20:00:00,20,2,0,2,faible
38,2024-09-25 20:00:00,20,2,0,27,faible
1,2024-09-25 21:00:00,21,2,0,1,faible
2,2024-09-25 21:00:00,21,2,0,0,faible
3,2024-09-25 21:00:00,21,2,0,0,faible
4,2024-09-25 21:00:00,21,2,0,0,faible
5,2024-09-25 21:00:00,21,2,0,19,faible
6,2024-09-25 21:00:00,21,2,0,39,faible
7,2024-09-25 21:00:00,21,2,0,19,faible
8,2024-09-25 21:00:00,21,2,0,2,faible
9,2024-09-25 21:00:00,21,2,0,2,faible
10,2024-09-25 21:00:00,21,2,0,1,faible
11,2024-09-25 21:00:00,21,2,0,1,faible
12,2024-09-25 21:00:00,21,2,0,2,faible
13,2024-09-25 21:00:00,21,2,0,2,faible
14,2024-09-25 21:00:00,21,2,0,5,faible
15,2024-09-25 21:00:00,21,2,0,5,faible
16,2024-09-25 21:00:00,21,2,0,3,faible
17,2024-09-25 21:00:00,21,2,0,3,faible
18,2024-09-25 21:00:00,21,2,0,3,faible
19,2024-09-25 21:00:00,21,2,0,4,faible
20,2024-09-25 21:00:00,21,2,0,4,faible
21,2024-09-25 21:00:00,21,2,0,4,faible
22,2024-09-25 21:00:00,21,2,0,3,faible
23,2024-09-25 21:00:00,21,2,0,4,faible
24,2024-09-25 21:00:00,21,2,0,8,faible
25,2024-09-25 21:00:00,21,2,0,5,faible
26,2024-09-25 21:00:00,21,2,0,4,faible
27,2024-09-25 21:00:00,21,2,0,7,faible
28,2024-09-25 21:00:00,21,2,0,3,faible
29,2024-09-25 21:00:00,21,2,0,4,faible
30,2024-09-25 21:00:00,21,2,0,6,faible
31,2024-09-25 21:00:00,21,2,0,4,faible
32,2024-09-25 21:00:00,21,2,0,3,faible
33,2024-09-25 21:00:00,21,2,0,1,faible
34,2024-09-25 21:00:00,21,2,0,3,faible
35,2024-09-25 21:00:00,21,2,0,51,moyen
36,2024-09-25 21:00:00,21,2,0,1,faible
37,2024-09-25 21:00:00,21,2,0,2,faible
38,2024-09-25 21:00:00,21,2,0,17,faible
1,2024-09-26 07:00:00,7,3,0,1,faible
2,2024-09-26 07:00:00,7,3,0,1,faible
3,2024-09-26 07:00:00,7,3,0,1,faible
4,2024-09-26 07:00:00,7,3,0,0,faible
5,2024-09-26 07:00:00,7,3,0,22,faible
6,2024-09-26 07:00:00,7,3,0,54,faible
7,2024-09-26 07:00:00,7,3,0,29,faible
8,2024-09-26 07:00:00,7,3,0,1,faible
9,2024-09-26 07:00:00,7,3,0,3,faible
10,2024-09-26 07:00:00,7,3,0,4,faible
11,2024-09-26 07:00:00,7,3,0,2,faible
12,2024-09-26 07:00:00,7,3,0,1,faible
13,2024-09-26 07:00:00,7,3,0,2,faible
14,2024-09-26 07:00:00,7,3,0,7,faible
15,2024-09-26 07:00:00,7,3,0,10,faible
16,2024-09-26 07:00:00,7,3,0,4,faible
17,2024-09-26 07:00:00,7,3,0,4,faible
18,2024-09-26 07:00:00,7,3,0,8,faible
19,2024-09-26 07:00:00,7,3,0,4,faible
20,2024-09-26 07:00:00,7,3,0,8,faible
21,2024-09-26 07:00:00,7,3,0,6,faible
22,2024-09-26 07:00:00,7,3,0,6,faible
23,2024-09-26 07:00:00,7,3,0,3,faible
24,2024-09-26 07:00:00,7,3,0,5,faible
25,2024-09-26 07:00:00,7,3,0,4,faible
26,2024-09-26 07:00:00,7,3,0,5,faible
27,2024-09-26 07:00:00,7,3,0,2,faible
28,2024-09-26 07:00:00,7,3,0,3,faible
29,2024-09-26 07:00:00,7,3,0,5,faible
30,2024-09-26 07:00:00,7,3,0,5,faible
31,2024-09-26 07:00:00,7,3,0,2,faible
32,2024-09-26 07:00:00,7,3,0,4,faible
33,2024-09-26 07:00:00,7,3,0,2,faible
34,2024-09-26 07:00:00,7,3,0,4,faible
35,2024-09-26 07:00:00,7,3,0,23,faible
36,2024-09-26 07:00:00,7,3,0,2,faible
37,2024-09-26 07:00:00,7,3,0,3,faible
38,2024-09-26 07:00:00,7,3,0,23,faible
1,2024-09-26 08:00:00,8,3,1,10,moyen
2,2024-09-26 08:00:00,8,3,1,8,moyen
3,2024-09-26 08:00:00,8,3,1,5,faible
4,2024-09-26 08:00:00,8,3,1,0,faible
5,2024-09-26 08:00:00,8,3,0,66,moyen
6,2024-09-26 08:00:00,8,3,0,115,moyen
7,2024-09-26 08:00:00,8,3,0,79,moyen
8,2024-09-26 08:00:00,8,3,1,3,faible
9,2024-09-26 08:00:00,8,3,0,2,faible
10,2024-09-26 08:00:00,8,3,1,4,faible
11,2024-09-26 08:00:00,8,3,1,1,faible
12,2024-09-26 08:00:00,8,3,1,2,faible
13,2024-09-26 08:00:00,8,3,0,2,faible
14,2024-09-26 08:00:00,8,3,0,5,faible
15,2024-09-26 08:00:00,8,3,0,6,faible
16,2024-09-26 08:00:00,8,3,1,7,faible
17,2024-09-26 08:00:00,8,3,0,6,faible
18,2024-09-26 08:00:00,8,3,1,8,faible
19,2024-09-26 08:00:00,8,3,0,6,faible
20,2024-09-26 08:00:00,8,3,1,3,faible
21,2024-09-26 08:00:00,8,3,1,6,faible
22,2024-09-26 08:00:00,8,3,1,5,faible
23,2024-09-26 08:00:00,8,3,0,3,faible
24,2024-09-26 08:00:00,8,3,1,2,faible
25,2024-09-26 08:00:00,8,3,0,8,faible
26,2024-09-26 08:00:00,8,3,1,6,faible
27,2024-09-26 08:00:00,8,3,1,3,faible
28,2024-09-26 08:00:00,8,3,1,4,faible
29,2024-09-26 08:00:00,8,3,0,5,faible
30,2024-09-26 08:00:00,8,3,1,4,faible
31,2024-09-26 08:00:00,8,3,1,5,faible
32,2024-09-26 08:00:00,8,3,1,2,faible
33,2024-09-26 08:00:00,8,3,1,4,faible
34,2024-09-26 08:00:00,8,3,1,2,faible
35,2024-09-26 08:00:00,8,3,0,18,faible
36,2024-09-26 08:00:00,8,3,0,1,faible
37,2024-09-26 08:00:00,8,3,1,1,faible
38,2024-09-26 08:00:00,8,3,0,43,moyen
1,2024-09-26 09:00:00,9,3,1,10,moyen
2,2024-09-26 09:00:00,9,3,1,6,faible
3,2024-09-26 09:00:00,9,3,1,4,faible
4,2024-09-26 09:00:00,9,3,1,0,faible
5,2024-09-26 09:00:00,9,3,0,60,moyen
6,2024-09-26 09:00:00,9,3,0,104,moyen
7,2024-09-26 09:00:00,9,3,0,79,moyen
8,2024-09-26 09:00:00,9,3,0,17,eleve
9,2024-09-26 09:00:00,9,3,1,12,moyen
10,2024-09-26 09:00:00,9,3,1,12,moyen
11,2024-09-26 09:00:00,9,3,1,9,moyen
12,2024-09-26 09:00:00,9,3,1,9,moyen
13,2024-09-26 09:00:00,9,3,1,10,moyen
14,2024-09-26 09:00:00,9,3,1,22,moyen
15,2024-09-26 09:00:00,9,3,1,25,moyen
16,2024-09-26 09:00:00,9,3,1,17,moyen
17,2024-09-26 09:00:00,9,3,0,21,moyen
18,2024-09-26 09:00:00,9,3,1,15,moyen
19,2024-09-26 09:00:00,9,3,0,22,moyen
20,2024-09-26 09:00:00,9,3,1,18,moyen
21,2024-09-26 09:00:00,9,3,0,14,moyen
22,2024-09-26 09:00:00,9,3,0,15,moyen
23,2024-09-26 09:00:00,9,3,1,14,moyen
24,2024-09-26 09:00:00,9,3,1,20,moyen
25,2024-09-26 09:00:00,9,3,1,20,moyen
26,2024-09-26 09:00:00,9,3,1,13,moyen
27,2024-09-26 09:00:00,9,3,1,14,moyen
28,2024-09-26 09:00:00,9,3,1,20,moyen
29,2024-09-26 09:00:00,9,3,1,15,moyen
30,2024-09-26 09:00:00,9,3,1,13,moyen
31,2024-09-26 09:00:00,9,3,1,12,moyen
32,2024-09-26 09:00:00,9,3,1,11,moyen
33,2024-09-26 09:00:00,9,3,0,8,moyen
34,2024-09-26 09:00:00,9,3,1,7,moyen
35,2024-09-26 09:00:00,9,3,1,18,faible
36,2024-09-26 09:00:00,9,3,1,8,moyen
37,2024-09-26 09:00:00,9,3,1,8,moyen
38,2024-09-26 09:00:00,9,3,0,57,moyen
1,2024-09-26 10:00:00,10,3,1,11,moyen
2,2024-09-26 10:00:00,10,3,1,6,faible
3,2024-09-26 10:00:00,10,3,1,6,moyen
4,2024-09-26 10:00:00,10,3,1,0,faible
5,2024-09-26 10:00:00,10,3,0,55,moyen
6,2024-09-26 10:00:00,10,3,0,101,moyen
7,2024-09-26 10:00:00,10,3,0,64,moyen
8,2024-09-26 10:00:00,10,3,1,10,moyen
9,2024-09-26 10:00:00,10,3,1,13,moyen
10,2024-09-26 10:00:00,10,3,1,12,moyen
11,2024-09-26 10:00:00,10,3,1,11,moyen
12,2024-09-26 10:00:00,10,3,1,9,moyen
13,2024-09-26 10:00:00,10,3,0,9,moyen
14,2024-09-26 10:00:00,10,3,1,23,moyen
15,2024-09-26 10:00:00,10,3,1,25,moyen
16,2024-09-26 10:00:00,10,3,1,20,moyen
17,2024-09-26 10:00:00,10,3,1,22,moyen
18,2024-09-26 10:00:00,10,3,0,15,moyen
19,2024-09-26 10:00:00,10,3,1,22,moyen
20,2024-09-26 10:00:00,10,3,1,17,moyen
21,2024-09-26 10:00:00,10,3,0,15,moyen
22,2024-09-26 10:00:00,10,3,1,17,moyen
23,2024-09-26 10:00:00,10,3,1,13,moyen
24,2024-09-26 10:00:00,10,3,0,19,moyen
25,2024-09-26 10:00:00,10,3,1,17,moyen
26,2024-09-26 10:00:00,10,3,1,14,moyen
27,2024-09-26 10:00:00,10,3,1,18,moyen
28,2024-09-26 10:00:00,10,3,1,19,moyen
29,2024-09-26 10:00:00,10,3,0,14,moyen
30,2024-09-26 10:00:00,10,3,1,14,moyen
31,2024-09-26 10:00:00,10,3,1,10,moyen
32,2024-09-26 10:00:00,10,3,1,12,moyen
33,2024-09-26 10:00:00,10,3,1,9,moyen
34,2024-09-26 10:00:00,10,3,1,10,moyen
35,2024-09-26 10:00:00,10,3,1,22,faible
36,2024-09-26 10:00:00,10,3,0,7,moyen
37,2024-09-26 10:00:00,10,3,1,8,moyen
38,2024-09-26 10:00:00,10,3,0,42,moyen
1,2024-09-26 11:00:00,11,3,1,10,moyen
2,2024-09-26 11:00:00,11,3,1,7,faible
3,2024-09-26 11:00:00,11,3,1,5,faible
4,2024-09-26 11:00:00,11,3,1,0,faible
5,2024-09-26 11:00:00,11,3,0,61,moyen
6,2024-09-26 11:00:00,11,3,0,98,moyen
7,2024-09-26 11:00:00,11,3,0,81,moyen
8,2024-09-26 11:00:00,11,3,1,10,moyen
9,2024-09-26 11:00:00,11,3,0,15,moyen
10,2024-09-26 11:00:00,11,3,1,10,moyen
11,2024-09-26 11:00:00,11,3,1,8,moyen
12,2024-09-26 11:00:00,11,3,1,8,moyen
13,2024-09-26 11:00:00,11,3,0,11,moyen
14,2024-09-26 11:00:00,11,3,1,26,moyen
15,2024-09-26 11:00:00,11,3,0,26,moyen
16,2024-09-26 11:00:00,11,3,1,20,moyen
17,2024-09-26 11:00:00,11,3,1,17,moyen
18,2024-09-26 11:00:00,11,3,1,17,moyen
19,2024-09-26 11:00:00,11,3,0,23,moyen
20,2024-09-26 11:00:00,11,3,0,16,moyen
21,2024-09-26 11:00:00,11,3,1,16,moyen
22,2024-09-26 11:00:00,11,3,0,13,moyen
23,2024-09-26 11:00:00,11,3,1,14,moyen
24,2024-09-26 11:00:00,11,3,1,16,moyen
25,2024-09-26 11:00:00,11,3,1,19,moyen
26,2024-09-26 11:00:00,11,3,1,17,moyen
27,2024-09-26 11:00:00,11,3,1,18,moyen
28,2024-09-26 11:00:00,11,3,0,21,moyen
29,2024-09-26 11:00:00,11,3,1,12,moyen
30,2024-09-26 11:00:00,11,3,1,13,moyen
31,2024-09-26 11:00:00,11,3,1,9,moyen
32,2024-09-26 11:00:00,11,3,1,11,moyen
33,2024-09-26 11:00:00,11,3,1,9,moyen
34,2024-09-26 11:00:00,11,3,1,7,moyen
35,2024-09-26 11:00:00,11,3,1,16,faible
36,2024-09-26 11:00:00,11,3,1,7,moyen
37,2024-09-26 11:00:00,11,3,0,9,moyen
38,2024-09-26 11:00:00,11,3,0,50,moyen
1,2024-09-26 12:00:00,12,3,1,10,moyen
2,2024-09-26 12:00:00,12,3,1,6,faible
3,2024-09-26 12:00:00,12,3,1,6,moyen
4,2024-09-26 12:00:00,12,3,1,0,faible
5,2024-09-26 12:00:00,12,3,0,20,faible
6,2024-09-26 12:00:00,12,3,0,27,faible
7,2024-09-26 12:00:00,12,3,0,41,faible
8,2024-09-26 12:00:00,12,3,1,11,moyen
9,2024-09-26 12:00:00,12,3,0,13,moyen
10,2024-09-26 12:00:00,12,3,1,9,moyen
11,2024-09-26 12:00:00,12,3,0,9,moyen
12,2024-09-26 12:00:00,12,3,1,8,moyen
13,2024-09-26 12:00:00,12,3,1,12,moyen
14,2024-09-26 12:00:00,12,3,1,11,faible
15,2024-09-26 12:00:00,12,3,1,6,faible
16,2024-09-26 12:00:00,12,3,1,6,faible
17,2024-09-26 12:00:00,12,3,1,9,faible
18,2024-09-26 12:00:00,12,3,1,6,faible
19,2024-09-26 12:00:00,12,3,1,6,faible
20,2024-09-26 12:00:00,12,3,1,3,faible
21,2024-09-26 12:00:00,12,3,0,7,faible
22,2024-09-26 12:00:00,12,3,0,3,faible
23,2024-09-26 12:00:00,12,3,1,4,faible
24,2024-09-26 12:00:00,12,3,1,3,faible
25,2024-09-26 12:00:00,12,3,1,8,faible
26,2024-09-26 12:00:00,12,3,1,7,faible
27,2024-09-26 12:00:00,12,3,1,7,faible
28,2024-09-26 12:00:00,12,3,1,7,faible
29,2024-09-26 12:00:00,12,3,1,4,faible
30,2024-09-26 12:00:00,12,3,1,4,faible
31,2024-09-26 12:00:00,12,3,0,3,faible
32,2024-09-26 12:00:00,12,3,0,4,faible
33,2024-09-26 12:00:00,12,3,1,3,faible
34,2024-09-26 12:00:00,12,3,1,3,faible
35,2024-09-26 12:00:00,12,3,1,43,moyen
36,2024-09-26 12:00:00,12,3,1,8,moyen
37,2024-09-26 12:00:00,12,3,1,7,moyen
38,2024-09-26 12:00:00,12,3,0,18,faible
1,2024-09-26 13:00:00,13,3,1,7,faible
2,2024-09-26 13:00:00,13,3,1,8,moyen
3,2024-09-26 13:00:00,13,3,1,6,moyen
4,2024-09-26 13:00:00,13,3,1,0,faible
5,2024-09-26 13:00:00,13,3,0,23,faible
6,2024-09-26 13:00:00,13,3,0,24,faible
7,2024-09-26 13:00:00,13,3,0,19,faible
8,2024-09-26 13:00:00,13,3,1,1,faible
9,2024-09-26 13:00:00,13,3,1,2,faible
10,2024-09-26 13:00:00,13,3,0,1,faible
11,2024-09-26 13:00:00,13,3,1,3,faible
12,2024-09-26 13:00:00,13,3,0,2,faible
13,2024-09-26 13:00:00,13,3,1,3,faible
14,2024-09-26 13:00:00,13,3,1,5,faible
15,2024-09-26 13:00:00,13,3,0,4,faible
16,2024-09-26 13:00:00,13,3,0,6,faible
17,2024-09-26 13:00:00,13,3,0,9,faible
18,2024-09-26 13:00:00,13,3,0,8,faible
19,2024-09-26 13:00:00,13,3,1,6,faible
20,2024-09-26 13:00:00,13,3,1,4,faible
21,2024-09-26 13:00:00,13,3,1,6,faible
22,2024-09-26 13:00:00,13,3,1,4,faible
23,2024-09-26 13:00:00,13,3,0,4,faible
24,2024-09-26 13:00:00,13,3,0,8,faible
25,2024-09-26 13:00:00,13,3,0,7,faible
26,2024-09-26 13:00:00,13,3,1,5,faible
27,2024-09-26 13:00:00,13,3,1,4,faible
28,2024-09-26 13:00:00,13,3,0,8,faible
29,2024-09-26 13:00:00,13,3,1,2,faible
30,2024-09-26 13:00:00,13,3,1,4,faible
31,2024-09-26 13:00:00,13,3,1,5,faible
32,2024-09-26 13:00:00,13,3,1,2,faible
33,2024-09-26 13:00:00,13,3,1,3,faible
34,2024-09-26 13:00:00,13,3,1,3,faible
35,2024-09-26 13:00:00,13,3,1,45,moyen
36,2024-09-26 13:00:00,13,3,0,1,faible
37,2024-09-26 13:00:00,13,3,0,2,faible
38,2024-09-26 13:00:00,13,3,0,22,faible
1,2024-09-26 14:00:00,14,3,1,8,faible
2,2024-09-26 14:00:00,14,3,1,8,moyen
3,2024-09-26 14:00:00,14,3,1,6,moyen
4,2024-09-26 14:00:00,14,3,1,0,faible
5,2024-09-26 14:00:00,14,3,0,16,faible
6,2024-09-26 14:00:00,14,3,0,25,faible
7,2024-09-26 14:00:00,14,3,0,20,faible
8,2024-09-26 14:00:00,14,3,1,10,moyen
9,2024-09-26 14:00:00,14,3,1,15,moyen
10,2024-09-26 14:00:00,14,3,1,9,moyen
11,2024-09-26 14:00:00,14,3,1,9,moyen
12,2024-09-26 14:00:00,14,3,1,7,moyen
13,2024-09-26 14:00:00,14,3,1,9,moyen
14,2024-09-26 14:00:00,14,3,0,21,moyen
15,2024-09-26 14:00:00,14,3,1,24,moyen
16,2024-09-26 14:00:00,14,3,0,19,moyen
17,2024-09-26 14:00:00,14,3,1,18,moyen
18,2024-09-26 14:00:00,14,3,1,16,moyen
19,2024-09-26 14:00:00,14,3,0,21,moyen
20,2024-09-26 14:00:00,14,3,1,20,moyen
21,2024-09-26 14:00:00,14,3,1,18,moyen
22,2024-09-26 14:00:00,14,3,1,15,moyen
23,2024-09-26 14:00:00,14,3,1,11,moyen
24,2024-09-26 14:00:00,14,3,1,16,moyen
25,2024-09-26 14:00:00,14,3,0,17,moyen
26,2024-09-26 14:00:00,14,3,0,13,moyen
27,2024-09-26 14:00:00,14,3,1,17,moyen
28,2024-09-26 14:00:00,14,3,1,20,moyen
29,2024-09-26 14:00:00,14,3,1,15,moyen
30,2024-09-26 14:00:00,14,3,1,15,moyen
31,2024-09-26 14:00:00,14,3,1,10,moyen
32,2024-09-26 14:00:00,14,3,1,12,moyen
33,2024-09-26 14:00:00,14,3,0,7,moyen
34,2024-09-26 14:00:00,14,3,1,9,moyen
35,2024-09-26 14:00:00,14,3,1,20,faible
36,2024-09-26 14:00:00,14,3,1,7,moyen
37,2024-09-26 14:00:00,14,3,1,9,moyen
38,2024-09-26 14:00:00,14,3,0,26,faible
1,2024-09-26 15:00:00,15,3,1,10,moyen
2,2024-09-26 15:00:00,15,3,1,6,faible
3,2024-09-26 15:00:00,15,3,1,7,moyen
4,2024-09-26 15:00:00,15,3,1,0,faible
5,2024-09-26 15:00:00,15,3,0,29,faible
6,2024-09-26 15:00:00,15,3,0,39,faible
7,2024-09-26 15:00:00,15,3,0,39,faible
8,2024-09-26 15:00:00,15,3,0,10,moyen
9,2024-09-26 15:00:00,15,3,1,12,moyen
10,2024-09-26 15:00:00,15,3,1,10,moyen
11,2024-09-26 15:00:00,15,3,1,11,moyen
12,2024-09-26 15:00:00,15,3,1,7,moyen
13,2024-09-26 15:00:00,15,3,1,10,moyen
14,2024-09-26 15:00:00,15,3,1,21,moyen
15,2024-09-26 15:00:00,15,3,1,24,moyen
16,2024-09-26 15:00:00,15,3,1,23,moyen
17,2024-09-26 15:00:00,15,3,1,21,moyen
18,2024-09-26 15:00:00,15,3,1,18,moyen
19,2024-09-26 15:00:00,15,3,0,24,moyen
20,2024-09-26 15:00:00,15,3,1,20,moyen
21,2024-09-26 15:00:00,15,3,0,16,moyen
22,2024-09-26 15:00:00,15,3,1,15,moyen
23,2024-09-26 15:00:00,15,3,1,15,moyen
24,2024-09-26 15:00:00,15,3,1,19,moyen
25,2024-09-26 15:00:00,15,3,0,14,moyen
26,2024-09-26 15:00:00,15,3,1,16,moyen
27,2024-09-26 15:00:00,15,3,0,15,moyen
28,2024-09-26 15:00:00,15,3,1,20,moyen
29,2024-09-26 15:00:00,15,3,1,14,moyen
30,2024-09-26 15:00:00,15,3,0,15,moyen
31,2024-09-26 15:00:00,15,3,0,10,moyen
32,2024-09-26 15:00:00,15,3,1,9,moyen
33,2024-09-26 15:00:00,15,3,0,9,moyen
34,2024-09-26 15:00:00,15,3,1,9,moyen
35,2024-09-26 15:00:00,15,3,1,17,faible
36,2024-09-26 15:00:00,15,3,1,9,moyen
37,2024-09-26 15:00:00,15,3,0,8,moyen
38,2024-09-26 15:00:00,15,3,0,15,faible
1,2024-09-26 16:00:00,16,3,1,11,moyen
2,2024-09-26 16:00:00,16,3,1,5,faible
3,2024-09-26 16:00:00,16,3,1,5,faible
4,2024-09-26 16:00:00,16,3,1,1,faible
5,2024-09-26 16:00:00,16,3,0,22,faible
6,2024-09-26 16:00:00,16,3,0,53,faible
7,2024-09-26 16:00:00,16,3,0,24,faible
8,2024-09-26 16:00:00,16,3,1,12,moyen
9,2024-09-26 16:00:00,16,3,1,14,moyen
10,2024-09-26 16:00:00,16,3,1,12,moyen
11,2024-09-26 16:00:00,16,3,0,9,moyen
12,2024-09-26 16:00:00,16,3,0,8,moyen
13,2024-09-26 16:00:00,16,3,1,12,moyen
14,2024-09-26 16:00:00,16,3,0,26,moyen
15,2024-09-26 16:00:00,16,3,0,24,moyen
16,2024-09-26 16:00:00,16,3,1,20,moyen
17,2024-09-26 16:00:00,16,3,1,22,moyen
18,2024-09-26 16:00:00,16,3,1,18,moyen
19,2024-09-26 16:00:00,16,3,1,21,moyen
20,2024-09-26 16:00:00,16,3,1,19,moyen
21,2024-09-26 16:00:00,16,3,0,17,moyen
22,2024-09-26 16:00:00,16,3,1,14,moyen
23,2024-09-26 16:00:00,16,3,0,11,moyen
24,2024-09-26 16:00:00,16,3,1,17,moyen
25,2024-09-26 16:00:00,16,3,1,19,moyen
26,2024-09-26 16:00:00,16,3,1,17,moyen
27,2024-09-26 16:00:00,16,3,1,13,moyen
28,2024-09-26 16:00:00,16,3,1,15,moyen
29,2024-09-26 16:00:00,16,3,1,13,moyen
30,2024-09-26 16:00:00,16,3,1,14,moyen
31,2024-09-26 16:00:00,16,3,1,12,moyen
32,2024-09-26 16:00:00,16,3,1,12,moyen
33,2024-09-26 16:00:00,16,3,1,8,moyen
34,2024-09-26 16:00:00,16,3,1,8,moyen
35,2024-09-26 16:00:00,16,3,1,22,faible
36,2024-09-26 16:00:00,16,3,0,8,moyen
37,2024-09-26 16:00:00,16,3,0,9,moyen
38,2024-09-26 16:00:00,16,3,0,15,faible
1,2024-09-26 17:00:00,17,3,1,8,faible
2,2024-09-26 17:00:00,17,3,1,7,faible
3,2024-09-26 17:00:00,17,3,1,4,faible
4,2024-09-26 17:00:00,17,3,1,0,faible
5,2024-09-26 17:00:00,17,3,0,15,faible
6,2024-09-26 17:00:00,17,3,0,37,faible
7,2024-09-26 17:00:00,17,3,0,40,faible
8,2024-09-26 17:00:00,17,3,0,11,moyen
9,2024-09-26 17:00:00,17,3,1,14,moyen
10,2024-09-26 17:00:00,17,3,0,10,moyen
11,2024-09-26 17:00:00,17,3,1,10,moyen
12,2024-09-26 17:00:00,17,3,1,7,moyen
13,2024-09-26 17:00:00,17,3,1,11,moyen
14,2024-09-26 17:00:00,17,3,1,10,faible
15,2024-09-26 17:00:00,17,3,0,9,faible
16,2024-09-26 17:00:00,17,3,1,6,faible
17,2024-09-26 17:00:00,17,3,0,5,faible
18,2024-09-26 17:00:00,17,3,1,8,faible
19,2024-09-26 17:00:00,17,3,0,4,faible
20,2024-09-26 17:00:00,17,3,1,2,faible
21,2024-09-26 17:00:00,17,3,0,4,faible
22,2024-09-26 17:00:00,17,3,1,7,faible
23,2024-09-26 17:00:00,17,3,1,2,faible
24,2024-09-26 17:00:00,17,3,0,5,faible
25,2024-09-26 17:00:00,17,3,0,3,faible
26,2024-09-26 17:00:00,17,3,0,5,faible
27,2024-09-26 17:00:00,17,3,1,5,faible
28,2024-09-26 17:00:00,17,3,1,4,faible
29,2024-09-26 17:00:00,17,3,0,2,faible
30,2024-09-26 17:00:00,17,3,1,3,faible
31,2024-09-26 17:00:00,17,3,0,2,faible
32,2024-09-26 17:00:00,17,3,0,2,faible
33,2024-09-26 17:00:00,17,3,0,1,faible
34,2024-09-26 17:00:00,17,3,1,3,faible
35,2024-09-26 17:00:00,17,3,1,46,moyen
36,2024-09-26 17:00:00,17,3,1,8,moyen
37,2024-09-26 17:00:00,17,3,0,9,moyen
38,2024-09-26 17:00:00,17,3,0,27,faible
1,2024-09-26 18:00:00,18,3,0,0,faible
2,2024-09-26 18:00:00,18,3,0,0,faible
3,2024-09-26 18:00:00,18,3,0,2,faible
4,2024-09-26 18:00:00,18,3,0,1,faible
5,2024-09-26 18:00:00,18,3,0,27,faible
6,2024-09-26 18:00:00,18,3,0,54,faible
7,2024-09-26 18:00:00,18,3,0,27,faible
8,2024-09-26 18:00:00,18,3,1,1,faible
9,2024-09-26 18:00:00,18,3,1,2,faible
10,2024-09-26 18:00:00,18,3,0,4,faible
11,2024-09-26 18:00:00,18,3,1,1,faible
12,2024-09-26 18:00:00,18,3,1,1,faible
13,2024-09-26 18:00:00,18,3,1,3,faible
14,2024-09-26 18:00:00,18,3,1,10,faible
15,2024-09-26 18:00:00,18,3,1,9,faible
16,2024-09-26 18:00:00,18,3,1,9,faible
17,2024-09-26 18:00:00,18,3,1,8,faible
18,2024-09-26 18:00:00,18,3,1,4,faible
19,2024-09-26 18:00:00,18,3,1,10,faible
20,2024-09-26 18:00:00,18,3,1,6,faible
21,2024-09-26 18:00:00,18,3,1,3,faible
22,2024-09-26 18:00:00,18,3,1,7,faible
23,2024-09-26 18:00:00,18,3,0,4,faible
24,2024-09-26 18:00:00,18,3,1,8,faible
25,2024-09-26 18:00:00,18,3,1,4,faible
26,2024-09-26 18:00:00,18,3,0,5,faible
27,2024-09-26 18:00:00,18,3,0,4,faible
28,2024-09-26 18:00:00,18,3,1,8,faible
29,2024-09-26 18:00:00,18,3,0,5,faible
30,2024-09-26 18:00:00,18,3,1,6,faible
31,2024-09-26 18:00:00,18,3,1,5,faible
32,2024-09-26 18:00:00,18,3,1,5,faible
33,2024-09-26 18:00:00,18,3,0,2,faible
34,2024-09-26 18:00:00,18,3,0,4,faible
35,2024-09-26 18:00:00,18,3,0,47,moyen
36,2024-09-26 18:00:00,18,3,0,1,faible
37,2024-09-26 18:00:00,18,3,1,1,faible
38,2024-09-26 18:00:00,18,3,0,18,faible
1,2024-09-26 19:00:00,19,3,0,2,faible
2,2024-09-26 19:00:00,19,3,0,1,faible
3,2024-09-26 19:00:00,19,3,0,0,faible
4,2024-09-26 19:00:00,19,3,0,0,faible
5,2024-09-26 19:00:00,19,3,0,31,faible
6,2024-09-26 19:00:00,19,3,0,33,faible
7,2024-09-26 19:00:00,19,3,0,34,faible
8,2024-09-26 19:00:00,19,3,0,3,faible
9,2024-09-26 19:00:00,19,3,0,3,faible
10,2024-09-26 19:00:00,19,3,0,4,faible
11,2024-09-26 19:00:00,19,3,0,2,faible
12,2024-09-26 19:00:00,19,3,0,2,faible
13,2024-09-26 19:00:00,19,3,0,3,faible
14,2024-09-26 19:00:00,19,3,0,4,faible
15,2024-09-26 19:00:00,19,3,0,4,faible
16,2024-09-26 19:00:00,19,3,0,5,faible
17,2024-09-26 19:00:00,19,3,0,8,faible
18,2024-09-26 19:00:00,19,3,0,7,faible
19,2024-09-26 19:00:00,19,3,0,10,faible
20,2024-09-26 19:00:00,19,3,0,7,faible
21,2024-09-26 19:00:00,19,3,0,5,faible
22,2024-09-26 19:00:00,19,3,0,5,faible
23,2024-09-26 19:00:00,19,3,0,4,faible
24,2024-09-26 19:00:00,19,3,0,6,faible
25,2024-09-26 19:00:00,19,3,0,3,faible
26,2024-09-26 19:00:00,19,3,0,5,faible
27,2024-09-26 19:00:00,19,3,0,2,faible
28,2024-09-26 19:00:00,19,3,0,7,faible
29,2024-09-26 19:00:00,19,3,0,6,faible
30,2024-09-26 19:00:00,19,3,0,5,faible
31,2024-09-26 19:00:00,19,3,0,3,faible
32,2024-09-26 19:00:00,19,3,0,2,faible
33,2024-09-26 19:00:00,19,3,0,3,faible
34,2024-09-26 19:00:00,19,3,0,2,faible
35,2024-09-26 19:00:00,19,3,0,48,moyen
36,2024-09-26 19:00:00,19,3,0,2,faible
37,2024-09-26 19:00:00,19,3,0,2,faible
38,2024-09-26 19:00:00,19,3,0,13,faible
1,2024-09-26 20:00:00,20,3,0,3,faible
2,2024-09-26 20:00:00,20,3,0,0,faible
3,2024-09-26 20:00:00,20,3,0,0,faible
4,2024-09-26 20:00:00,20,3,0,0,faible
5,2024-09-26 20:00:00,20,3,0,33,faible
6,2024-09-26 20:00:00,20,3,0,44,faible
7,2024-09-26 20:00:00,20,3,0,33,faible
8,2024-09-26 20:00:00,20,3,0,2,faible
9,2024-09-26 20:00:00,20,3,0,5,faible
10,2024-09-26 20:00:00,20,3,0,3,faible
11,2024-09-26 20:00:00,20,3,0,2,faible
12,2024-09-26 20:00:00,20,3,0,1,faible
13,2024-09-26 20:00:00,20,3,0,2,faible
14,2024-09-26 20:00:00,20,3,0,7,faible
15,2024-09-26 20:00:00,20,3,0,3,faible
16,2024-09-26 20:00:00,20,3,0,9,faible
17,2024-09-26 20:00:00,20,3,0,8,faible
18,2024-09-26 20:00:00,20,3,0,3,faible
19,2024-09-26 20:00:00,20,3,0,3,faible
20,2024-09-26 20:00:00,20,3,0,6,faible
21,2024-09-26 20:00:00,20,3,0,5,faible
22,2024-09-26 20:00:00,20,3,0,6,faible
23,2024-09-26 20:00:00,20,3,0,6,faible
24,2024-09-26 20:00:00,20,3,0,4,faible
25,2024-09-26 20:00:00,20,3,0,3,faible
26,2024-09-26 20:00:00,20,3,0,3,faible
27,2024-09-26 20:00:00,20,3,0,3,faible
28,2024-09-26 20:00:00,20,3,0,5,faible
29,2024-09-26 20:00:00,20,3,0,2,faible
30,2024-09-26 20:00:00,20,3,0,4,faible
31,2024-09-26 20:00:00,20,3,0,4,faible
32,2024-09-26 20:00:00,20,3,0,4,faible
33,2024-09-26 20:00:00,20,3,0,1,faible
34,2024-09-26 20:00:00,20,3,0,3,faible
35,2024-09-26 20:00:00,20,3,0,42,moyen
36,2024-09-26 20:00:00,20,3,0,2,faible
37,2024-09-26 20:00:00,20,3,0,2,faible
38,2024-09-26 20:00:00,20,3,0,26,faible
1,2024-09-26 21:00:00,21,3,0,2,faible
2,2024-09-26 21:00:00,21,3,0,1,faible
3,2024-09-26 21:00:00,21,3,0,2,faible
4,2024-09-26 21:00:00,21,3,0,0,faible
5,2024-09-26 21:00:00,21,3,0,26,faible
6,2024-09-26 21:00:00,21,3,0,35,faible
7,2024-09-26 21:00:00,21,3,0,24,faible
8,2024-09-26 21:00:00,21,3,0,3,faible
9,2024-09-26 21:00:00,21,3,0,3,faible
10,2024-09-26 21:00:00,21,3,0,4,faible
11,2024-09-26 21:00:00,21,3,0,2,faible
12,2024-09-26 21:00:00,21,3,0,2,faible
13,2024-09-26 21:00:00,21,3,0,3,faible
14,2024-09-26 21:00:00,21,3,0,11,faible
15,2024-09-26 21:00:00,21,3,0,6,faible
16,2024-09-26 21:00:00,21,3,0,6,faible
17,2024-09-26 21:00:00,21,3,0,6,faible
18,2024-09-26 21:00:00,21,3,0,5,faible
19,2024-09-26 21:00:00,21,3,0,10,faible
20,2024-09-26 21:00:00,21,3,0,4,faible
21,2024-09-26 21:00:00,21,3,0,5,faible
22,2024-09-26 21:00:00,21,3,0,3,faible
23,2024-09-26 21:00:00,21,3,0,4,faible
24,2024-09-26 21:00:00,21,3,0,5,faible
25,2024-09-26 21:00:00,21,3,0,3,faible
26,2024-09-26 21:00:00,21,3,0,6,faible
27,2024-09-26 21:00:00,21,3,0,6,faible
28,2024-09-26 21:00:00,21,3,0,8,faible
29,2024-09-26 21:00:00,21,3,0,3,faible
30,2024-09-26 21:00:00,21,3,0,3,faible
31,2024-09-26 21:00:00,21,3,0,5,faible
32,2024-09-26 21:00:00,21,3,0,2,faible
33,2024-09-26 21:00:00,21,3,0,1,faible
34,2024-09-26 21:00:00,21,3,0,3,faible
35,2024-09-26 21:00:00,21,3,0,47,moyen
36,2024-09-26 21:00:00,21,3,0,2,faible
37,2024-09-26 21:00:00,21,3,0,1,faible
38,2024-09-26 21:00:00,21,3,0,23,faible
1,2024-09-27 07:00:00,7,4,0,0,faible
2,2024-09-27 07:00:00,7,4,0,1,faible
3,2024-09-27 07:00:00,7,4,0,2,faible
4,2024-09-27 07:00:00,7,4,0,0,faible
5,2024-09-27 07:00:00,7,4,0,28,faible
6,2024-09-27 07:00:00,7,4,0,30,faible
7,2024-09-27 07:00:00,7,4,0,36,faible
8,2024-09-27 07:00:00,7,4,0,3,faible
9,2024-09-27 07:00:00,7,4,0,3,faible
10,2024-09-27 07:00:00,7,4,0,2,faible
11,2024-09-27 07:00:00,7,4,0,3,faible
12,2024-09-27 07:00:00,7,4,0,1,faible
13,2024-09-27 07:00:00,7,4,0,2,faible
14,2024-09-27 07:00:00,7,4,0,7,faible
15,2024-09-27 07:00:00,7,4,0,4,faible
16,2024-09-27 07:00:00,7,4,0,8,faible
17,2024-09-27 07:00:00,7,4,0,9,faible
18,2024-09-27 07:00:00,7,4,0,3,faible
19,2024-09-27 07:00:00,7,4,0,5,faible
20,2024-09-27 07:00:00,7,4,0,5,faible
21,2024-09-27 07:00:00,7,4,0,3,faible
22,2024-09-27 07:00:00,7,4,0,7,faible
23,2024-09-27 07:00:00,7,4,0,2,faible
24,2024-09-27 07:00:00,7,4,0,7,faible
25,2024-09-27 07:00:00,7,4,0,3,faible
26,2024-09-27 07:00:00,7,4,0,4,faible
27,2024-09-27 07:00:00,7,4,0,7,faible
28,2024-09-27 07:00:00,7,4,0,4,faible
29,2024-09-27 07:00:00,7,4,0,2,faible
30,2024-09-27 07:00:00,7,4,0,2,faible
31,2024-09-27 07:00:00,7,4,0,3,faible
32,2024-09-27 07:00:00,7,4,0,4,faible
33,2024-09-27 07:00:00,7,4,0,1,faible
34,2024-09-27 07:00:00,7,4,0,4,faible
35,2024-09-27 07:00:00,7,4,0,22,faible
36,2024-09-27 07:00:00,7,4,0,2,faible
37,2024-09-27 07:00:00,7,4,0,2,faible
38,2024-09-27 07:00:00,7,4,0,20,faible
1,2024-09-27 08:00:00,8,4,1,7,faible
2,2024-09-27 08:00:00,8,4,1,8,moyen
3,2024-09-27 08:00:00,8,4,1,5,faible
4,2024-09-27 08:00:00,8,4,1,0,faible
5,2024-09-27 08:00:00,8,4,1,60,moyen
6,2024-09-27 08:00:00,8,4,1,99,moyen
7,2024-09-27 08:00:00,8,4,1,70,moyen
8,2024-09-27 08:00:00,8,4,0,1,faible
9,2024-09-27 08:00:00,8,4,1,2,faible
10,2024-09-27 08:00:00,8,4,1,2,faible
11,2024-09-27 08:00:00,8,4,0,3,faible
12,2024-09-27 08:00:00,8,4,0,1,faible
13,2024-09-27 08:00:00,8,4,0,2,faible
14,2024-09-27 08:00:00,8,4,1,5,faible
15,2024-09-27 08:00:00,8,4,1,11,faible
16,2024-09-27 08:00:00,8,4,0,10,faible
17,2024-09-27 08:00:00,8,4,1,6,faible
18,2024-09-27 08:00:00,8,4,1,8,faible
19,2024-09-27 08:00:00,8,4,1,11,faible
20,2024-09-27 08:00:00,8,4,1,5,faible
21,2024-09-27 08:00:00,8,4,0,5,faible
22,2024-09-27 08:00:00,8,4,1,3,faible
23,2024-09-27 08:00:00,8,4,0,3,faible
24,2024-09-27 08:00:00,8,4,1,3,faible
25,2024-09-27 08:00:00,8,4,0,6,faible
26,2024-09-27 08:00:00,8,4,0,3,faible
27,2024-09-27 08:00:00,8,4,1,3,faible
28,2024-09-27 08:00:00,8,4,1,4,faible
29,2024-09-27 08:00:00,8,4,1,5,faible
30,2024-09-27 08:00:00,8,4,1,6,faible
31,2024-09-27 08:00:00,8,4,0,2,faible
32,2024-09-27 08:00:00,8,4,1,3,faible
33,2024-09-27 08:00:00,8,4,0,1,faible
34,2024-09-27 08:00:00,8,4,1,4,faible
35,2024-09-27 08:00:00,8,4,1,15,faible
36,2024-09-27 08:00:00,8,4,0,3,faible
37,2024-09-27 08:00:00,8,4,1,1,faible
38,2024-09-27 08:00:00,8,4,1,42,moyen
1,2024-09-27 09:00:00,9,4,1,9,moyen
2,2024-09-27 09:00:00,9,4,1,5,faible
3,2024-09-27 09:00:00,9,4,1,4,faible
4,2024-09-27 09:00:00,9,4,1,0,faible
5,2024-09-27 09:00:00,9,4,1,59,moyen
6,2024-09-27 09:00:00,9,4,1,101,moyen
7,2024-09-27 09:00:00,9,4,1,81,moyen
8,2024-09-27 09:00:00,9,4,1,16,eleve
9,2024-09-27 09:00:00,9,4,1,14,moyen
10,2024-09-27 09:00:00,9,4,0,10,moyen
11,2024-09-27 09:00:00,9,4,1,8,moyen
12,2024-09-27 09:00:00,9,4,1,7,moyen
13,2024-09-27 09:00:00,9,4,1,11,moyen
14,2024-09-27 09:00:00,9,4,0,20,moyen
15,2024-09-27 09:00:00,9,4,1,19,moyen
16,2024-09-27 09:00:00,9,4,1,18,moyen
17,2024-09-27 09:00:00,9,4,1,18,moyen
18,2024-09-27 09:00:00,9,4,1,17,moyen
19,2024-09-27 09:00:00,9,4,1,20,moyen
20,2024-09-27 09:00:00,9,4,1,17,moyen
21,2024-09-27 09:00:00,9,4,1,13,moyen
22,2024-09-27 09:00:00,9,4,1,17,moyen
23,2024-09-27 09:00:00,9,4,0,15,moyen
24,2024-09-27 09:00:00,9,4,1,15,moyen
25,2024-09-27 09:00:00,9,4,1,18,moyen
26,2024-09-27 09:00:00,9,4,1,18,moyen
27,2024-09-27 09:00:00,9,4,0,16,moyen
28,2024-09-27 09:00:00,9,4,0,18,moyen
29,2024-09-27 09:00:00,9,4,0,11,moyen
30,2024-09-27 09:00:00,9,4,1,15,moyen
31,2024-09-27 09:00:00,9,4,1,12,moyen
32,2024-09-27 09:00:00,9,4,1,12,moyen
33,2024-09-27 09:00:00,9,4,1,10,moyen
34,2024-09-27 09:00:00,9,4,1,9,moyen
35,2024-09-27 09:00:00,9,4,1,24,moyen
36,2024-09-27 09:00:00,9,4,1,8,moyen
37,2024-09-27 09:00:00,9,4,1,9,moyen
38,2024-09-27 09:00:00,9,4,1,48,moyen
1,2024-09-27 10:00:00,10,4,1,9,moyen
2,2024-09-27 10:00:00,10,4,1,8,moyen
3,2024-09-27 10:00:00,10,4,1,5,faible
4,2024-09-27 10:00:00,10,4,1,1,faible
5,2024-09-27 10:00:00,10,4,1,54,moyen
6,2024-09-27 10:00:00,10,4,1,86,moyen
7,2024-09-27 10:00:00,10,4,1,65,moyen
8,2024-09-27 10:00:00,10,4,1,11,moyen
9,2024-09-27 10:00:00,10,4,1,12,moyen
10,2024-09-27 10:00:00,10,4,1,12,moyen
11,2024-09-27 10:00:00,10,4,1,9,moyen
12,2024-09-27 10:00:00,10,4,0,7,moyen
13,2024-09-27 10:00:00,10,4,0,11,moyen
14,2024-09-27 10:00:00,10,4,1,23,moyen
15,2024-09-27 10:00:00,10,4,0,23,moyen
16,2024-09-27 10:00:00,10,4,0,18,moyen
17,2024-09-27 10:00:00,10,4,0,19,moyen
18,2024-09-27 10:00:00,10,4,1,19,moyen
19,2024-09-27 10:00:00,10,4,1,24,moyen
20,2024-09-27 10:00:00,10,4,0,17,moyen
21,2024-09-27 10:00:00,10,4,1,17,moyen
22,2024-09-27 10:00:00,10,4,0,14,moyen
23,2024-09-27 10:00:00,10,4,1,11,moyen
24,2024-09-27 10:00:00,10,4,1,17,moyen
25,2024-09-27 10:00:00,10,4,1,16,moyen
26,2024-09-27 10:00:00,10,4,0,18,moyen
27,2024-09-27 10:00:00,10,4,1,14,moyen
28,2024-09-27 10:00:00,10,4,1,18,moyen
29,2024-09-27 10:00:00,10,4,0,13,moyen
30,2024-09-27 10:00:00,10,4,1,12,moyen
31,2024-09-27 10:00:00,10,4,0,12,moyen
32,2024-09-27 10:00:00,10,4,1,11,moyen
33,2024-09-27 10:00:00,10,4,1,10,moyen
34,2024-09-27 10:00:00,10,4,1,7,moyen
35,2024-09-27 10:00:00,10,4,0,16,faible
36,2024-09-27 10:00:00,10,4,1,7,moyen
37,2024-09-27 10:00:00,10,4,0,9,moyen
38,2024-09-27 10:00:00,10,4,1,44,moyen
1,2024-09-27 11:00:00,11,4,1,9,moyen
2,2024-09-27 11:00:00,11,4,1,9,moyen
3,2024-09-27 11:00:00,11,4,1,4,faible
4,2024-09-27 11:00:00,11,4,1,1,faible
5,2024-09-27 11:00:00,11,4,1,50,moyen
6,2024-09-27 11:00:00,11,4,1,89,moyen
7,2024-09-27 11:00:00,11,4,1,81,moyen
8,2024-09-27 11:00:00,11,4,0,10,moyen
9,2024-09-27 11:00:00,11,4,1,12,moyen
10,2024-09-27 11:00:00,11,4,1,9,moyen
11,2024-09-27 11:00:00,11,4,0,11,moyen
12,2024-09-27 11:00:00,11,4,0,8,moyen
13,2024-09-27 11:00:00,11,4,1,9,moyen
14,2024-09-27 11:00:00,11,4,1,21,moyen
15,2024-09-27 11:00:00,11,4,0,21,moyen
16,2024-09-27 11:00:00,11,4,1,18,moyen
17,2024-09-27 11:00:00,11,4,0,19,moyen
18,2024-09-27 11:00:00,11,4,1,15,moyen
19,2024-09-27 11:00:00,11,4,1,26,moyen
20,2024-09-27 11:00:00,11,4,1,18,moyen
21,2024-09-27 11:00:00,11,4,1,15,moyen
22,2024-09-27 11:00:00,11,4,1,16,moyen
23,2024-09-27 11:00:00,11,4,0,12,moyen
24,2024-09-27 11:00:00,11,4,0,15,moyen
25,2024-09-27 11:00:00,11,4,1,18,moyen
26,2024-09-27 11:00:00,11,4,1,13,moyen
27,2024-09-27 11:00:00,11,4,1,18,moyen
28,2024-09-27 11:00:00,11,4,1,17,moyen
29,2024-09-27 11:00:00,11,4,1,13,moyen
30,2024-09-27 11:00:00,11,4,0,14,moyen
31,2024-09-27 11:00:00,11,4,1,11,moyen
32,2024-09-27 11:00:00,11,4,0,10,moyen
33,2024-09-27 11:00:00,11,4,1,8,moyen
34,2024-09-27 11:00:00,11,4,1,7,moyen
35,2024-09-27 11:00:00,11,4,1,15,faible
36,2024-09-27 11:00:00,11,4,1,8,moyen
37,2024-09-27 11:00:00,11,4,1,8,moyen
38,2024-09-27 11:00:00,11,4,1,57,moyen
1,2024-09-27 12:00:00,12,4,1,7,faible
2,2024-09-27 12:00:00,12,4,1,5,faible
3,2024-09-27 12:00:00,12,4,1,7,moyen
4,2024-09-27 12:00:00,12,4,1,0,faible
5,2024-09-27 12:00:00,12,4,1,20,faible
6,2024-09-27 12:00:00,12,4,1,54,faible
7,2024-09-27 12:00:00,12,4,1,37,faible
8,2024-09-27 12:00:00,12,4,1,10,moyen
9,2024-09-27 12:00:00,12,4,0,13,moyen
10,2024-09-27 12:00:00,12,4,1,10,moyen
11,2024-09-27 12:00:00,12,4,1,9,moyen
12,2024-09-27 12:00:00,12,4,1,8,moyen
13,2024-09-27 12:00:00,12,4,1,10,moyen
14,2024-09-27 12:00:00,12,4,1,5,faible
15,2024-09-27 12:00:00,12,4,1,7,faible
16,2024-09-27 12:00:00,12,4,1,9,faible
17,2024-09-27 12:00:00,12,4,1,5,faible
18,2024-09-27 12:00:00,12,4,1,8,faible
19,2024-09-27 12:00:00,12,4,1,5,faible
20,2024-09-27 12:00:00,12,4,0,6,faible
21,2024-09-27 12:00:00,12,4,1,5,faible
22,2024-09-27 12:00:00,12,4,1,3,faible
23,2024-09-27 12:00:00,12,4,1,2,faible
24,2024-09-27 12:00:00,12,4,1,5,faible
25,2024-09-27 12:00:00,12,4,1,4,faible
26,2024-09-27 12:00:00,12,4,1,3,faible
27,2024-09-27 12:00:00,12,4,1,4,faible
28,2024-09-27 12:00:00,12,4,0,8,faible
29,2024-09-27 12:00:00,12,4,1,4,faible
30,2024-09-27 12:00:00,12,4,0,6,faible
31,2024-09-27 12:00:00,12,4,1,4,faible
32,2024-09-27 12:00:00,12,4,1,3,faible
33,2024-09-27 12:00:00,12,4,1,4,faible
34,2024-09-27 12:00:00,12,4,1,2,faible
35,2024-09-27 12:00:00,12,4,1,52,moyen
36,2024-09-27 12:00:00,12,4,1,7,moyen
37,2024-09-27 12:00:00,12,4,1,7,moyen
38,2024-09-27 12:00:00,12,4,1,27,faible
1,2024-09-27 13:00:00,13,4,1,11,moyen
2,2024-09-27 13:00:00,13,4,1,6,faible
3,2024-09-27 13:00:00,13,4,1,5,faible
4,2024-09-27 13:00:00,13,4,1,0,faible
5,2024-09-27 13:00:00,13,4,0,29,faible
6,2024-09-27 13:00:00,13,4,0,53,faible
7,2024-09-27 13:00:00,13,4,0,27,faible
8,2024-09-27 13:00:00,13,4,1,4,faible
9,2024-09-27 13:00:00,13,4,1,3,faible
10,2024-09-27 13:00:00,13,4,1,1,faible
11,2024-09-27 13:00:00,13,4,1,3,faible
12,2024-09-27 13:00:00,13,4,1,1,faible
13,2024-09-27 13:00:00,13,4,0,1,faible
14,2024-09-27 13:00:00,13,4,1,3,faible
15,2024-09-27 13:00:00,13,4,1,8,faible
16,2024-09-27 13:00:00,13,4,1,9,faible
17,2024-09-27 13:00:00,13,4,1,5,faible
18,2024-09-27 13:00:00,13,4,1,4,faible
19,2024-09-27 13:00:00,13,4,1,9,faible
20,2024-09-27 13:00:00,13,4,0,3,faible
21,2024-09-27 13:00:00,13,4,1,7,faible
22,2024-09-27 13:00:00,13,4,0,4,faible
23,2024-09-27 13:00:00,13,4,1,6,faible
24,2024-09-27 13:00:00,13,4,1,4,faible
25,2024-09-27 13:00:00,13,4,1,5,faible
26,2024-09-27 13:00:00,13,4,1,3,faible
27,2024-09-27 13:00:00,13,4,1,4,faible
28,2024-09-27 13:00:00,13,4,0,6,faible
29,2024-09-27 13:00:00,13,4,1,3,faible
30,2024-09-27 13:00:00,13,4,0,6,faible
31,2024-09-27 13:00:00,13,4,1,1,faible
32,2024-09-27 13:00:00,13,4,0,3,faible
33,2024-09-27 13:00:00,13,4,0,1,faible
34,2024-09-27 13:00:00,13,4,1,4,faible
35,2024-09-27 13:00:00,13,4,1,50,moyen
36,2024-09-27 13:00:00,13,4,1,1,faible
37,2024-09-27 13:00:00,13,4,0,1,faible
38,2024-09-27 13:00:00,13,4,0,21,faible
1,2024-09-27 14:00:00,14,4,1,7,faible
2,2024-09-27 14:00:00,14,4,1,6,faible
3,2024-09-27 14:00:00,14,4,1,5,faible
4,2024-09-27 14:00:00,14,4,1,0,faible
5,2024-09-27 14:00:00,14,4,0,26,faible
6,2024-09-27 14:00:00,14,4,0,40,faible
7,2024-09-27 14:00:00,14,4,0,21,faible
8,2024-09-27 14:00:00,14,4,0,9,moyen
9,2024-09-27 14:00:00,14,4,1,11,moyen
10,2024-09-27 14:00:00,14,4,1,11,moyen
11,2024-09-27 14:00:00,14,4,1,9,moyen
12,2024-09-27 14:00:00,14,4,1,8,moyen
13,2024-09-27 14:00:00,14,4,0,11,moyen
14,2024-09-27 14:00:00,14,4,1,23,moyen
15,2024-09-27 14:00:00,14,4,1,25,moyen
16,2024-09-27 14:00:00,14,4,1,22,moyen
17,2024-09-27 14:00:00,14,4,1,18,moyen
18,2024-09-27 14:00:00,14,4,0,15,moyen
19,2024-09-27 14:00:00,14,4,0,20,moyen
20,2024-09-27 14:00:00,14,4,1,19,moyen
21,2024-09-27 14:00:00,14,4,1,15,moyen
22,2024-09-27 14:00:00,14,4,1,16,moyen
23,2024-09-27 14:00:00,14,4,1,15,moyen
24,2024-09-27 14:00:00,14,4,1,16,moyen
25,2024-09-27 14:00:00,14,4,0,18,moyen
26,2024-09-27 14:00:00,14,4,1,13,moyen
27,2024-09-27 14:00:00,14,4,1,16,moyen
28,2024-09-27 14:00:00,14,4,0,14,moyen
29,2024-09-27 14:00:00,14,4,1,11,moyen
30,2024-09-27 14:00:00,14,4,0,13,moyen
31,2024-09-27 14:00:00,14,4,0,11,moyen
32,2024-09-27 14:00:00,14,4,1,11,moyen
33,2024-09-27 14:00:00,14,4,0,8,moyen
34,2024-09-27 14:00:00,14,4,0,8,moyen
35,2024-09-27 14:00:00,14,4,1,15,faible
36,2024-09-27 14:00:00,14,4,1,8,moyen
37,2024-09-27 14:00:00,14,4,1,7,moyen
38,2024-09-27 14:00:00,14,4,0,21,faible
1,2024-09-27 15:00:00,15,4,1,6,faible
2,2024-09-27 15:00:00,15,4,1,8,moyen
3,2024-09-27 15:00:00,15,4,1,5,faible
4,2024-09-27 15:00:00,15,4,1,0,faible
5,2024-09-27 15:00:00,15,4,0,19,faible
6,2024-09-27 15:00:00,15,4,0,31,faible
7,2024-09-27 15:00:00,15,4,0,31,faible
8,2024-09-27 15:00:00,15,4,1,9,moyen
9,2024-09-27 15:00:00,15,4,0,12,moyen
10,2024-09-27 15:00:00,15,4,1,10,moyen
11,2024-09-27 15:00:00,15,4,1,9,moyen
12,2024-09-27 15:00:00,15,4,1,8,moyen
13,2024-09-27 15:00:00,15,4,0,10,moyen
14,2024-09-27 15:00:00,15,4,1,21,moyen
15,2024-09-27 15:00:00,15,4,0,22,moyen
16,2024-09-27 15:00:00,15,4,1,22,moyen
17,2024-09-27 15:00:00,15,4,0,22,moyen
18,2024-09-27 15:00:00,15,4,0,15,moyen
19,2024-09-27 15:00:00,15,4,1,23,moyen
20,2024-09-27 15:00:00,15,4,1,16,moyen
21,2024-09-27 15:00:00,15,4,1,14,moyen
22,2024-09-27 15:00:00,15,4,1,17,moyen
23,2024-09-27 15:00:00,15,4,1,13,moyen
24,2024-09-27 15:00:00,15,4,1,18,moyen
25,2024-09-27 15:00:00,15,4,1,20,moyen
26,2024-09-27 15:00:00,15,4,1,13,moyen
27,2024-09-27 15:00:00,15,4,0,14,moyen
28,2024-09-27 15:00:00,15,4,1,16,moyen
29,2024-09-27 15:00:00,15,4,1,13,moyen
30,2024-09-27 15:00:00,15,4,0,13,moyen
31,2024-09-27 15:00:00,15,4,1,10,moyen
32,2024-09-27 15:00:00,15,4,1,11,moyen
33,2024-09-27 15:00:00,15,4,1,9,moyen
34,2024-09-27 15:00:00,15,4,1,10,moyen
35,2024-09-27 15:00:00,15,4,1,15,faible
36,2024-09-27 15:00:00,15,4,1,8,moyen
37,2024-09-27 15:00:00,15,4,1,7,moyen
38,2024-09-27 15:00:00,15,4,0,13,faible
1,2024-09-27 16:00:00,16,4,1,7,faible
2,2024-09-27 16:00:00,16,4,1,8,moyen
3,2024-09-27 16:00:00,16,4,1,5,faible
4,2024-09-27 16:00:00,16,4,1,0,faible
5,2024-09-27 16:00:00,16,4,0,18,faible
6,2024-09-27 16:00:00,16,4,0,29,faible
7,2024-09-27 16:00:00,16,4,0,27,faible
8,2024-09-27 16:00:00,16,4,1,12,moyen
9,2024-09-27 16:00:00,16,4,0,13,moyen
10,2024-09-27 16:00:00,16,4,1,9,moyen
11,2024-09-27 16:00:00,16,4,1,9,moyen
12,2024-09-27 16:00:00,16,4,1,7,moyen
13,2024-09-27 16:00:00,16,4,1,10,moyen
14,2024-09-27 16:00:00,16,4,1,23,moyen
15,2024-09-27 16:00:00,16,4,1,24,moyen
16,2024-09-27 16:00:00,16,4,1,23,moyen
17,2024-09-27 16:00:00,16,4,1,18,moyen
18,2024-09-27 16:00:00,16,4,1,21,moyen
19,2024-09-27 16:00:00,16,4,1,21,moyen
20,2024-09-27 16:00:00,16,4,1,18,moyen
21,2024-09-27 16:00:00,16,4,1,13,moyen
22,2024-09-27 16:00:00,16,4,0,14,moyen
23,2024-09-27 16:00:00,16,4,1,11,moyen
24,2024-09-27 16:00:00,16,4,1,21,moyen
25,2024-09-27 16:00:00,16,4,0,17,moyen
26,2024-09-27 16:00:00,16,4,0,15,moyen
27,2024-09-27 16:00:00,16,4,1,14,moyen
28,2024-09-27 16:00:00,16,4,1,17,moyen
29,2024-09-27 16:00:00,16,4,1,11,moyen
30,2024-09-27 16:00:00,16,4,1,13,moyen
31,2024-09-27 16:00:00,16,4,0,9,moyen
32,2024-09-27 16:00:00,16,4,1,12,moyen
33,2024-09-27 16:00:00,16,4,1,8,moyen
34,2024-09-27 16:00:00,16,4,1,7,moyen
35,2024-09-27 16:00:00,16,4,1,22,faible
36,2024-09-27 16:00:00,16,4,0,7,moyen
37,2024-09-27 16:00:00,16,4,0,8,moyen
38,2024-09-27 16:00:00,16,4,0,19,faible
1,2024-09-27 17:00:00,17,4,1,11,moyen
2,2024-09-27 17:00:00,17,4,1,8,moyen
3,2024-09-27 17:00:00,17,4,1,4,faible
4,2024-09-27 17:00:00,17,4,1,0,faible
5,2024-09-27 17:00:00,17,4,0,31,faible
6,2024-09-27 17:00:00,17,4,0,45,faible
7,2024-09-27 17:00:00,17,4,0,30,faible
8,2024-09-27 17:00:00,17,4,0,10,moyen
9,2024-09-27 17:00:00,17,4,1,13,moyen
10,2024-09-27 17:00:00,17,4,1,12,moyen
11,2024-09-27 17:00:00,17,4,1,9,moyen
12,2024-09-27 17:00:00,17,4,1,7,moyen
13,2024-09-27 17:00:00,17,4,1,9,moyen
14,2024-09-27 17:00:00,17,4,1,10,faible
15,2024-09-27 17:00:00,17,4,1,4,faible
16,2024-09-27 17:00:00,17,4,0,9,faible
17,2024-09-27 17:00:00,17,4,0,8,faible
18,2024-09-27 17:00:00,17,4,1,6,faible
19,2024-09-27 17:00:00,17,4,1,10,faible
20,2024-09-27 17:00:00,17,4,0,4,faible
21,2024-09-27 17:00:00,17,4,1,6,faible
22,2024-09-27 17:00:00,17,4,1,4,faible
23,2024-09-27 17:00:00,17,4,1,2,faible
24,2024-09-27 17:00:00,17,4,0,8,faible
25,2024-09-27 17:00:00,17,4,1,3,faible
26,2024-09-27 17:00:00,17,4,0,5,faible
27,2024-09-27 17:00:00,17,4,1,3,faible
28,2024-09-27 17:00:00,17,4,1,3,faible
29,2024-09-27 17:00:00,17,4,1,2,faible
30,2024-09-27 17:00:00,17,4,0,6,faible
31,2024-09-27 17:00:00,17,4,0,2,faible
32,2024-09-27 17:00:00,17,4,1,4,faible
33,2024-09-27 17:00:00,17,4,1,1,faible
34,2024-09-27 17:00:00,17,4,1,3,faible
35,2024-09-27 17:00:00,17,4,1,52,moyen
36,2024-09-27 17:00:00,17,4,1,7,moyen
37,2024-09-27 17:00:00,17,4,1,8,moyen
38,2024-09-27 17:00:00,17,4,0,27,faible
1,2024-09-27 18:00:00,18,4,0,2,faible
2,2024-09-27 18:00:00,18,4,0,0,faible
3,2024-09-27 18:00:00,18,4,0,2,faible
4,2024-09-27 18:00:00,18,4,0,0,faible
5,2024-09-27 18:00:00,18,4,0,26,faible
6,2024-09-27 18:00:00,18,4,0,51,faible
7,2024-09-27 18:00:00,18,4,0,35,faible
8,2024-09-27 18:00:00,18,4,1,2,faible
9,2024-09-27 18:00:00,18,4,1,5,faible
10,2024-09-27 18:00:00,18,4,1,2,faible
11,2024-09-27 18:00:00,18,4,1,3,faible
12,2024-09-27 18:00:00,18,4,1,1,faible
13,2024-09-27 18:00:00,18,4,0,2,faible
14,2024-09-27 18:00:00,18,4,1,5,faible
15,2024-09-27 18:00:00,18,4,1,6,faible
16,2024-09-27 18:00:00,18,4,1,5,faible
17,2024-09-27 18:00:00,18,4,1,3,faible
18,2024-09-27 18:00:00,18,4,1,4,faible
19,2024-09-27 18:00:00,18,4,0,7,faible
20,2024-09-27 18:00:00,18,4,0,7,faible
21,2024-09-27 18:00:00,18,4,0,4,faible
22,2024-09-27 18:00:00,18,4,1,7,faible
23,2024-09-27 18:00:00,18,4,0,2,faible
24,2024-09-27 18:00:00,18,4,0,3,faible
25,2024-09-27 18:00:00,18,4,1,5,faible
26,2024-09-27 18:00:00,18,4,1,2,faible
27,2024-09-27 18:00:00,18,4,1,6,faible
28,2024-09-27 18:00:00,18,4,1,9,faible
29,2024-09-27 18:00:00,18,4,1,5,faible
30,2024-09-27 18:00:00,18,4,1,2,faible
31,2024-09-27 18:00:00,18,4,1,4,faible
32,2024-09-27 18:00:00,18,4,1,4,faible
33,2024-09-27 18:00:00,18,4,1,1,faible
34,2024-09-27 18:00:00,18,4,0,3,faible
35,2024-09-27 18:00:00,18,4,1,48,moyen
36,2024-09-27 18:00:00,18,4,1,3,faible
37,2024-09-27 18:00:00,18,4,0,2,faible
38,2024-09-27 18:00:00,18,4,0,26,faible
1,2024-09-27 19:00:00,19,4,0,2,faible
2,2024-09-27 19:00:00,19,4,0,3,faible
3,2024-09-27 19:00:00,19,4,0,2,faible
4,2024-09-27 19:00:00,19,4,0,0,faible
5,2024-09-27 19:00:00,19,4,0,33,faible
6,2024-09-27 19:00:00,19,4,0,29,faible
7,2024-09-27 19:00:00,19,4,0,26,faible
8,2024-09-27 19:00:00,19,4,0,4,faible
9,2024-09-27 19:00:00,19,4,0,2,faible
10,2024-09-27 19:00:00,19,4,0,2,faible
11,2024-09-27 19:00:00,19,4,0,3,faible
12,2024-09-27 19:00:00,19,4,0,1,faible
13,2024-09-27 19:00:00,19,4,0,4,faible
14,2024-09-27 19:00:00,19,4,0,9,faible
15,2024-09-27 19:00:00,19,4,0,10,faible
16,2024-09-27 19:00:00,19,4,0,5,faible
17,2024-09-27 19:00:00,19,4,0,8,faible
18,2024-09-27 19:00:00,19,4,0,8,faible
19,2024-09-27 19:00:00,19,4,0,7,faible
20,2024-09-27 19:00:00,19,4,0,7,faible
21,2024-09-27 19:00:00,19,4,0,5,faible
22,2024-09-27 19:00:00,19,4,0,3,faible
23,2024-09-27 19:00:00,19,4,0,2,faible
24,2024-09-27 19:00:00,19,4,0,3,faible
25,2024-09-27 19:00:00,19,4,0,5,faible
26,2024-09-27 19:00:00,19,4,0,5,faible
27,2024-09-27 19:00:00,19,4,0,2,faible
28,2024-09-27 19:00:00,19,4,0,4,faible
29,2024-09-27 19:00:00,19,4,0,3,faible
30,2024-09-27 19:00:00,19,4,0,6,faible
31,2024-09-27 19:00:00,19,4,0,4,faible
32,2024-09-27 19:00:00,19,4,0,3,faible
33,2024-09-27 19:00:00,19,4,0,3,faible
34,2024-09-27 19:00:00,19,4,0,1,faible
35,2024-09-27 19:00:00,19,4,0,51,moyen
36,2024-09-27 19:00:00,19,4,0,2,faible
37,2024-09-27 19:00:00,19,4,0,3,faible
38,2024-09-27 19:00:00,19,4,0,18,faible
1,2024-09-27 20:00:00,20,4,0,2,faible
2,2024-09-27 20:00:00,20,4,0,2,faible
3,2024-09-27 20:00:00,20,4,0,0,faible
4,2024-09-27 20:00:00,20,4,0,1,faible
5,2024-09-27 20:00:00,20,4,0,17,faible
6,2024-09-27 20:00:00,20,4,0,55,faible
7,2024-09-27 20:00:00,20,4,0,23,faible
8,2024-09-27 20:00:00,20,4,0,4,faible
9,2024-09-27 20:00:00,20,4,0,3,faible
10,2024-09-27 20:00:00,20,4,0,3,faible
11,2024-09-27 20:00:00,20,4,0,2,faible
12,2024-09-27 20:00:00,20,4,0,2,faible
13,2024-09-27 20:00:00,20,4,0,3,faible
14,2024-09-27 20:00:00,20,4,0,4,faible
15,2024-09-27 20:00:00,20,4,0,6,faible
16,2024-09-27 20:00:00,20,4,0,8,faible
17,2024-09-27 20:00:00,20,4,0,7,faible
18,2024-09-27 20:00:00,20,4,0,5,faible
19,2024-09-27 20:00:00,20,4,0,7,faible
20,2024-09-27 20:00:00,20,4,0,6,faible
21,2024-09-27 20:00:00,20,4,0,7,faible
22,2024-09-27 20:00:00,20,4,0,2,faible
23,2024-09-27 20:00:00,20,4,0,5,faible
24,2024-09-27 20:00:00,20,4,0,7,faible
25,2024-09-27 20:00:00,20,4,0,9,faible
26,2024-09-27 20:00:00,20,4,0,6,faible
27,2024-09-27 20:00:00,20,4,0,3,faible
28,2024-09-27 20:00:00,20,4,0,7,faible
29,2024-09-27 20:00:00,20,4,0,5,faible
30,2024-09-27 20:00:00,20,4,0,4,faible
31,2024-09-27 20:00:00,20,4,0,5,faible
32,2024-09-27 20:00:00,20,4,0,3,faible
33,2024-09-27 20:00:00,20,4,0,2,faible
34,2024-09-27 20:00:00,20,4,0,3,faible
35,2024-09-27 20:00:00,20,4,0,50,moyen
36,2024-09-27 20:00:00,20,4,0,1,faible
37,2024-09-27 20:00:00,20,4,0,1,faible
38,2024-09-27 20:00:00,20,4,0,20,faible
1,2024-09-27 21:00:00,21,4,0,3,faible
2,2024-09-27 21:00:00,21,4,0,2,faible
3,2024-09-27 21:00:00,21,4,0,2,faible
4,2024-09-27 21:00:00,21,4,0,0,faible
5,2024-09-27 21:00:00,21,4,0,31,faible
6,2024-09-27 21:00:00,21,4,0,25,faible
7,2024-09-27 21:00:00,21,4,0,36,faible
8,2024-09-27 21:00:00,21,4,0,4,faible
9,2024-09-27 21:00:00,21,4,0,4,faible
10,2024-09-27 21:00:00,21,4,0,4,faible
11,2024-09-27 21:00:00,21,4,0,1,faible
12,2024-09-27 21:00:00,21,4,0,2,faible
13,2024-09-27 21:00:00,21,4,0,2,faible
14,2024-09-27 21:00:00,21,4,0,9,faible
15,2024-09-27 21:00:00,21,4,0,8,faible
16,2024-09-27 21:00:00,21,4,0,5,faible
17,2024-09-27 21:00:00,21,4,0,3,faible
18,2024-09-27 21:00:00,21,4,0,6,faible
19,2024-09-27 21:00:00,21,4,0,5,faible
20,2024-09-27 21:00:00,21,4,0,5,faible
21,2024-09-27 21:00:00,21,4,0,6,faible
22,2024-09-27 21:00:00,21,4,0,3,faible
23,2024-09-27 21:00:00,21,4,0,4,faible
24,2024-09-27 21:00:00,21,4,0,6,faible
25,2024-09-27 21:00:00,21,4,0,6,faible
26,2024-09-27 21:00:00,21,4,0,5,faible
27,2024-09-27 21:00:00,21,4,0,3,faible
28,2024-09-27 21:00:00,21,4,0,7,faible
29,2024-09-27 21:00:00,21,4,0,6,faible
30,2024-09-27 21:00:00,21,4,0,3,faible
31,2024-09-27 21:00:00,21,4,0,5,faible
32,2024-09-27 21:00:00,21,4,0,4,faible
33,2024-09-27 21:00:00,21,4,0,3,faible
34,2024-09-27 21:00:00,21,4,0,3,faible
35,2024-09-27 21:00:00,21,4,0,48,moyen
36,2024-09-27 21:00:00,21,4,0,2,faible
37,2024-09-27 21:00:00,21,4,0,2,faible
38,2024-09-27 21:00:00,21,4,0,26,faible
1,2024-09-28 07:00:00,7,5,0,3,faible
2,2024-09-28 07:00:00,7,5,0,0,faible
3,2024-09-28 07:00:00,7,5,0,0,faible
4,2024-09-28 07:00:00,7,5,0,0,faible
5,2024-09-28 07:00:00,7,5,0,20,faible
6,2024-09-28 07:00:00,7,5,0,36,faible
7,2024-09-28 07:00:00,7,5,0,19,faible
8,2024-09-28 07:00:00,7,5,0,3,faible
9,2024-09-28 07:00:00,7,5,0,5,faible
10,2024-09-28 07:00:00,7,5,0,2,faible
11,2024-09-28 07:00:00,7,5,0,3,faible
12,2024-09-28 07:00:00,7,5,0,2,faible
13,2024-09-28 07:00:00,7,5,0,4,faible
14,2024-09-28 07:00:00,7,5,0,8,faible
15,2024-09-28 07:00:00,7,5,0,10,faible
16,2024-09-28 07:00:00,7,5,0,4,faible
17,2024-09-28 07:00:00,7,5,0,5,faible
18,2024-09-28 07:00:00,7,5,0,6,faible
19,2024-09-28 07:00:00,7,5,0,11,faible
20,2024-09-28 07:00:00,7,5,0,8,faible
21,2024-09-28 07:00:00,7,5,0,5,faible
22,2024-09-28 07:00:00,7,5,0,5,faible
23,2024-09-28 07:00:00,7,5,0,2,faible
24,2024-09-28 07:00:00,7,5,0,7,faible
25,2024-09-28 07:00:00,7,5,0,4,faible
26,2024-09-28 07:00:00,7,5,0,3,faible
27,2024-09-28 07:00:00,7,5,0,5,faible
28,2024-09-28 07:00:00,7,5,0,5,faible
29,2024-09-28 07:00:00,7,5,0,3,faible
30,2024-09-28 07:00:00,7,5,0,5,faible
31,2024-09-28 07:00:00,7,5,0,5,faible
32,2024-09-28 07:00:00,7,5,0,1,faible
33,2024-09-28 07:00:00,7,5,0,1,faible
34,2024-09-28 07:00:00,7,5,0,2,faible
35,2024-09-28 07:00:00,7,5,0,21,faible
36,2024-09-28 07:00:00,7,5,0,2,faible
37,2024-09-28 07:00:00,7,5,0,3,faible
38,2024-09-28 07:00:00,7,5,0,25,faible
1,2024-09-28 08:00:00,8,5,1,11,moyen
2,2024-09-28 08:00:00,8,5,1,8,moyen
3,2024-09-28 08:00:00,8,5,1,5,faible
4,2024-09-28 08:00:00,8,5,1,0,faible
5,2024-09-28 08:00:00,8,5,0,59,moyen
6,2024-09-28 08:00:00,8,5,0,112,moyen
7,2024-09-28 08:00:00,8,5,0,78,moyen
8,2024-09-28 08:00:00,8,5,1,4,faible
9,2024-09-28 08:00:00,8,5,1,2,faible
10,2024-09-28 08:00:00,8,5,1,2,faible
11,2024-09-28 08:00:00,8,5,1,3,faible
12,2024-09-28 08:00:00,8,5,1,1,faible
13,2024-09-28 08:00:00,8,5,0,4,faible
14,2024-09-28 08:00:00,8,5,1,5,faible
15,2024-09-28 08:00:00,8,5,1,10,faible
16,2024-09-28 08:00:00,8,5,1,3,faible
17,2024-09-28 08:00:00,8,5,1,9,faible
18,2024-09-28 08:00:00,8,5,1,4,faible
19,2024-09-28 08:00:00,8,5,0,10,faible
20,2024-09-28 08:00:00,8,5,1,6,faible
21,2024-09-28 08:00:00,8,5,1,5,faible
22,2024-09-28 08:00:00,8,5,0,5,faible
23,2024-09-28 08:00:00,8,5,1,5,faible
24,2024-09-28 08:00:00,8,5,1,6,faible
25,2024-09-28 08:00:00,8,5,1,6,faible
26,2024-09-28 08:00:00,8,5,0,5,faible
27,2024-09-28 08:00:00,8,5,1,6,faible
28,2024-09-28 08:00:00,8,5,1,7,faible
29,2024-09-28 08:00:00,8,5,1,2,faible
30,2024-09-28 08:00:00,8,5,1,3,faible
31,2024-09-28 08:00:00,8,5,1,5,faible
32,2024-09-28 08:00:00,8,5,1,3,faible
33,2024-09-28 08:00:00,8,5,1,2,faible
34,2024-09-28 08:00:00,8,5,0,3,faible
35,2024-09-28 08:00:00,8,5,1,22,faible
36,2024-09-28 08:00:00,8,5,0,3,faible
37,2024-09-28 08:00:00,8,5,1,3,faible
38,2024-09-28 08:00:00,8,5,0,45,moyen
1,2024-09-28 09:00:00,9,5,1,9,moyen
2,2024-09-28 09:00:00,9,5,1,8,moyen
3,2024-09-28 09:00:00,9,5,1,4,faible
4,2024-09-28 09:00:00,9,5,1,0,faible
5,2024-09-28 09:00:00,9,5,0,54,moyen
6,2024-09-28 09:00:00,9,5,0,102,moyen
7,2024-09-28 09:00:00,9,5,0,66,moyen
8,2024-09-28 09:00:00,9,5,1,16,eleve
9,2024-09-28 09:00:00,9,5,0,13,moyen
10,2024-09-28 09:00:00,9,5,1,12,moyen
11,2024-09-28 09:00:00,9,5,1,10,moyen
12,2024-09-28 09:00:00,9,5,1,9,moyen
13,2024-09-28 09:00:00,9,5,1,11,moyen
14,2024-09-28 09:00:00,9,5,1,20,moyen
15,2024-09-28 09:00:00,9,5,1,26,moyen
16,2024-09-28 09:00:00,9,5,1,21,moyen
17,2024-09-28 09:00:00,9,5,1,18,moyen
18,2024-09-28 09:00:00,9,5,1,16,moyen
19,2024-09-28 09:00:00,9,5,0,21,moyen
20,2024-09-28 09:00:00,9,5,0,18,moyen
21,2024-09-28 09:00:00,9,5,0,16,moyen
22,2024-09-28 09:00:00,9,5,0,13,moyen
23,2024-09-28 09:00:00,9,5,1,12,moyen
24,2024-09-28 09:00:00,9,5,1,16,moyen
25,2024-09-28 09:00:00,9,5,0,16,moyen
26,2024-09-28 09:00:00,9,5,1,14,moyen
27,2024-09-28 09:00:00,9,5,1,15,moyen
28,2024-09-28 09:00:00,9,5,0,21,moyen
29,2024-09-28 09:00:00,9,5,0,15,moyen
30,2024-09-28 09:00:00,9,5,1,13,moyen
31,2024-09-28 09:00:00,9,5,1,9,moyen
32,2024-09-28 09:00:00,9,5,1,10,moyen
33,2024-09-28 09:00:00,9,5,1,9,moyen
34,2024-09-28 09:00:00,9,5,1,9,moyen
35,2024-09-28 09:00:00,9,5,0,15,faible
36,2024-09-28 09:00:00,9,5,0,8,moyen
37,2024-09-28 09:00:00,9,5,0,8,moyen
38,2024-09-28 09:00:00,9,5,0,52,moyen
1,2024-09-28 10:00:00,10,5,1,8,faible
2,2024-09-28 10:00:00,10,5,1,8,moyen
3,2024-09-28 10:00:00,10,5,1,6,moyen
4,2024-09-28 10:00:00,10,5,1,1,faible
5,2024-09-28 10:00:00,10,5,0,56,moyen
6,2024-09-28 10:00:00,10,5,0,98,moyen
7,2024-09-28 10:00:00,10,5,0,72,moyen
8,2024-09-28 10:00:00,10,5,0,12,moyen
9,2024-09-28 10:00:00,10,5,1,12,moyen
10,2024-09-28 10:00:00,10,5,1,11,moyen
11,2024-09-28 10:00:00,10,5,1,10,moyen
12,2024-09-28 10:00:00,10,5,1,7,moyen
13,2024-09-28 10:00:00,10,5,0,11,moyen
14,2024-09-28 10:00:00,10,5,0,18,moyen
15,2024-09-28 10:00:00,10,5,1,21,moyen
16,2024-09-28 10:00:00,10,5,1,19,moyen
17,2024-09-28 10:00:00,10,5,1,17,moyen
18,2024-09-28 10:00:00,10,5,1,19,moyen
19,2024-09-28 10:00:00,10,5,1,22,moyen
20,2024-09-28 10:00:00,10,5,1,18,moyen
21,2024-09-28 10:00:00,10,5,1,14,moyen
22,2024-09-28 10:00:00,10,5,0,14,moyen
23,2024-09-28 10:00:00,10,5,1,13,moyen
24,2024-09-28 10:00:00,10,5,1,18,moyen
25,2024-09-28 10:00:00,10,5,1,16,moyen
26,2024-09-28 10:00:00,10,5,1,13,moyen
27,2024-09-28 10:00:00,10,5,1,16,moyen
28,2024-09-28 10:00:00,10,5,1,17,moyen
29,2024-09-28 10:00:00,10,5,1,14,moyen
30,2024-09-28 10:00:00,10,5,1,11,moyen
31,2024-09-28 10:00:00,10,5,1,12,moyen
32,2024-09-28 10:00:00,10,5,1,9,moyen
33,2024-09-28 10:00:00,10,5,1,7,moyen
34,2024-09-28 10:00:00,10,5,1,8,moyen
35,2024-09-28 10:00:00,10,5,0,13,faible
36,2024-09-28 10:00:00,10,5,0,8,moyen
37,2024-09-28 10:00:00,10,5,1,8,moyen
38,2024-09-28 10:00:00,10,5,0,42,moyen
1,2024-09-28 11:00:00,11,5,1,10,moyen
2,2024-09-28 11:00:00,11,5,1,9,moyen
3,2024-09-28 11:00:00,11,5,1,6,moyen
4,2024-09-28 11:00:00,11,5,1,0,faible
5,2024-09-28 11:00:00,11,5,0,51,moyen
6,2024-09-28 11:00:00,11,5,0,102,moyen
7,2024-09-28 11:00:00,11,5,0,68,moyen
8,2024-09-28 11:00:00,11,5,0,10,moyen
9,2024-09-28 11:00:00,11,5,1,13,moyen
10,2024-09-28 11:00:00,11,5,0,9,moyen
11,2024-09-28 11:00:00,11,5,0,8,moyen
12,2024-09-28 11:00:00,11,5,1,8,moyen
13,2024-09-28 11:00:00,11,5,1,11,moyen
14,2024-09-28 11:00:00,11,5,1,23,moyen
15,2024-09-28 11:00:00,11,5,1,25,moyen
16,2024-09-28 11:00:00,11,5,1,17,moyen
17,2024-09-28 11:00:00,11,5,1,22,moyen
18,2024-09-28 11:00:00,11,5,1,15,moyen
19,2024-09-28 11:00:00,11,5,1,20,moyen
20,2024-09-28 11:00:00,11,5,1,15,moyen
21,2024-09-28 11:00:00,11,5,0,13,moyen
22,2024-09-28 11:00:00,11,5,1,16,moyen
23,2024-09-28 11:00:00,11,5,1,13,moyen
24,2024-09-28 11:00:00,11,5,0,17,moyen
25,2024-09-28 11:00:00,11,5,0,17,moyen
26,2024-09-28 11:00:00,11,5,1,14,moyen
27,2024-09-28 11:00:00,11,5,1,15,moyen
28,2024-09-28 11:00:00,11,5,1,20,moyen
29,2024-09-28 11:00:00,11,5,1,15,moyen
30,2024-09-28 11:00:00,11,5,0,11,moyen
31,2024-09-28 11:00:00,11,5,1,9,moyen
32,2024-09-28 11:00:00,11,5,1,12,moyen
33,2024-09-28 11:00:00,11,5,0,7,moyen
34,2024-09-28 11:00:00,11,5,1,10,moyen
35,2024-09-28 11:00:00,11,5,0,20,faible
36,2024-09-28 11:00:00,11,5,1,7,moyen
37,2024-09-28 11:00:00,11,5,1,8,moyen
38,2024-09-28 11:00:00,11,5,0,47,moyen
1,2024-09-28 12:00:00,12,5,1,10,moyen
2,2024-09-28 12:00:00,12,5,1,6,faible
3,2024-09-28 12:00:00,12,5,1,5,faible
4,2024-09-28 12:00:00,12,5,1,1,faible
5,2024-09-28 12:00:00,12,5,0,22,faible
6,2024-09-28 12:00:00,12,5,0,46,faible
7,2024-09-28 12:00:00,12,5,0,18,faible
8,2024-09-28 12:00:00,12,5,1,10,moyen
9,2024-09-28 12:00:00,12,5,0,12,moyen
10,2024-09-28 12:00:00,12,5,1,11,moyen
11,2024-09-28 12:00:00,12,5,0,11,moyen
12,2024-09-28 12:00:00,12,5,1,8,moyen
13,2024-09-28 12:00:00,12,5,0,10,moyen
14,2024-09-28 12:00:00,12,5,1,7,faible
15,2024-09-28 12:00:00,12,5,1,5,faible
16,2024-09-28 12:00:00,12,5,1,8,faible
17,2024-09-28 12:00:00,12,5,1,5,faible
18,2024-09-28 12:00:00,12,5,1,5,faible
19,2024-09-28 12:00:00,12,5,1,3,faible
20,2024-09-28 12:00:00,12,5,1,3,faible
21,2024-09-28 12:00:00,12,5,1,5,faible
22,2024-09-28 12:00:00,12,5,1,7,faible
23,2024-09-28 12:00:00,12,5,1,2,faible
24,2024-09-28 12:00:00,12,5,0,7,faible
25,2024-09-28 12:00:00,12,5,0,7,faible
26,2024-09-28 12:00:00,12,5,1,4,faible
27,2024-09-28 12:00:00,12,5,1,6,faible
28,2024-09-28 12:00:00,12,5,1,4,faible
29,2024-09-28 12:00:00,12,5,0,2,faible
30,2024-09-28 12:00:00,12,5,1,4,faible
31,2024-09-28 12:00:00,12,5,0,5,faible
32,2024-09-28 12:00:00,12,5,1,3,faible
33,2024-09-28 12:00:00,12,5,0,3,faible
34,2024-09-28 12:00:00,12,5,1,2,faible
35,2024-09-28 12:00:00,12,5,1,53,moyen
36,2024-09-28 12:00:00,12,5,1,7,moyen
37,2024-09-28 12:00:00,12,5,1,9,moyen
38,2024-09-28 12:00:00,12,5,0,22,faible
1,2024-09-28 13:00:00,13,5,1,7,faible
2,2024-09-28 13:00:00,13,5,1,7,faible
3,2024-09-28 13:00:00,13,5,1,5,faible
4,2024-09-28 13:00:00,13,5,1,0,faible
5,2024-09-28 13:00:00,13,5,0,17,faible
6,2024-09-28 13:00:00,13,5,0,48,faible
7,2024-09-28 13:00:00,13,5,0,24,faible
8,2024-09-28 13:00:00,13,5,1,3,faible
9,2024-09-28 13:00:00,13,5,1,5,faible
10,2024-09-28 13:00:00,13,5,1,2,faible
11,2024-09-28 13:00:00,13,5,0,3,faible
12,2024-09-28 13:00:00,13,5,1,2,faible
13,2024-09-28 13:00:00,13,5,0,3,faible
14,2024-09-28 13:00:00,13,5,1,3,faible
15,2024-09-28 13:00:00,13,5,0,10,faible
16,2024-09-28 13:00:00,13,5,1,3,faible
17,2024-09-28 13:00:00,13,5,1,8,faible
18,2024-09-28 13:00:00,13,5,0,8,faible
19,2024-09-28 13:00:00,13,5,1,4,faible
20,2024-09-28 13:00:00,13,5,1,6,faible
21,2024-09-28 13:00:00,13,5,1,2,faible
22,2024-09-28 13:00:00,13,5,0,2,faible
23,2024-09-28 13:00:00,13,5,1,4,faible
24,2024-09-28 13:00:00,13,5,1,5,faible
25,2024-09-28 13:00:00,13,5,1,5,faible
26,2024-09-28 13:00:00,13,5,0,6,faible
27,2024-09-28 13:00:00,13,5,0,2,faible
28,2024-09-28 13:00:00,13,5,0,9,faible
29,2024-09-28 13:00:00,13,5,1,6,faible
30,2024-09-28 13:00:00,13,5,1,2,faible
31,2024-09-28 13:00:00,13,5,0,1,faible
32,2024-09-28 13:00:00,13,5,1,3,faible
33,2024-09-28 13:00:00,13,5,0,3,faible
34,2024-09-28 13:00:00,13,5,1,1,faible
35,2024-09-28 13:00:00,13,5,1,45,moyen
36,2024-09-28 13:00:00,13,5,1,2,faible
37,2024-09-28 13:00:00,13,5,1,1,faible
38,2024-09-28 13:00:00,13,5,0,14,faible
1,2024-09-28 14:00:00,14,5,0,6,faible
2,2024-09-28 14:00:00,14,5,0,9,moyen
3,2024-09-28 14:00:00,14,5,0,4,faible
4,2024-09-28 14:00:00,14,5,0,1,faible
5,2024-09-28 14:00:00,14,5,0,23,faible
6,2024-09-28 14:00:00,14,5,0,52,faible
7,2024-09-28 14:00:00,14,5,0,36,faible
8,2024-09-28 14:00:00,14,5,0,10,moyen
9,2024-09-28 14:00:00,14,5,0,14,moyen
10,2024-09-28 14:00:00,14,5,0,11,moyen
11,2024-09-28 14:00:00,14,5,0,10,moyen
12,2024-09-28 14:00:00,14,5,0,9,moyen
13,2024-09-28 14:00:00,14,5,0,10,moyen
14,2024-09-28 14:00:00,14,5,0,20,moyen
15,2024-09-28 14:00:00,14,5,0,23,moyen
16,2024-09-28 14:00:00,14,5,0,18,moyen
17,2024-09-28 14:00:00,14,5,0,22,moyen
18,2024-09-28 14:00:00,14,5,0,21,moyen
19,2024-09-28 14:00:00,14,5,0,24,moyen
20,2024-09-28 14:00:00,14,5,0,16,moyen
21,2024-09-28 14:00:00,14,5,0,17,moyen
22,2024-09-28 14:00:00,14,5,0,14,moyen
23,2024-09-28 14:00:00,14,5,0,12,moyen
24,2024-09-28 14:00:00,14,5,0,19,moyen
25,2024-09-28 14:00:00,14,5,0,18,moyen
26,2024-09-28 14:00:00,14,5,0,17,moyen
27,2024-09-28 14:00:00,14,5,0,16,moyen
28,2024-09-28 14:00:00,14,5,0,15,moyen
29,2024-09-28 14:00:00,14,5,0,12,moyen
30,2024-09-28 14:00:00,14,5,0,13,moyen
31,2024-09-28 14:00:00,14,5,0,9,moyen
32,2024-09-28 14:00:00,14,5,0,12,moyen
33,2024-09-28 14:00:00,14,5,0,8,moyen
34,2024-09-28 14:00:00,14,5,0,8,moyen
35,2024-09-28 14:00:00,14,5,0,25,moyen
36,2024-09-28 14:00:00,14,5,0,8,moyen
37,2024-09-28 14:00:00,14,5,0,9,moyen
38,2024-09-28 14:00:00,14,5,0,13,faible
1,2024-09-28 15:00:00,15,5,0,10,moyen
2,2024-09-28 15:00:00,15,5,0,6,faible
3,2024-09-28 15:00:00,15,5,0,5,faible
4,2024-09-28 15:00:00,15,5,0,0,faible
5,2024-09-28 15:00:00,15,5,0,26,faible
6,2024-09-28 15:00:00,15,5,0,31,faible
7,2024-09-28 15:00:00,15,5,0,28,faible
8,2024-09-28 15:00:00,15,5,0,10,moyen
9,2024-09-28 15:00:00,15,5,0,14,moyen
10,2024-09-28 15:00:00,15,5,0,11,moyen
11,2024-09-28 15:00:00,15,5,0,10,moyen
12,2024-09-28 15:00:00,15,5,0,8,moyen
13,2024-09-28 15:00:00,15,5,0,10,moyen
14,2024-09-28 15:00:00,15,5,0,22,moyen
15,2024-09-28 15:00:00,15,5,0,24,moyen
16,2024-09-28 15:00:00,15,5,0,23,moyen
17,2024-09-28 15:00:00,15,5,0,22,moyen
18,2024-09-28 15:00:00,15,5,0,14,moyen
19,2024-09-28 15:00:00,15,5,0,22,moyen
20,2024-09-28 15:00:00,15,5,0,16,moyen
21,2024-09-28 15:00:00,15,5,0,17,moyen
22,2024-09-28 15:00:00,15,5,0,17,moyen
23,2024-09-28 15:00:00,15,5,0,13,moyen
24,2024-09-28 15:00:00,15,5,0,18,moyen
25,2024-09-28 15:00:00,15,5,0,15,moyen
26,2024-09-28 15:00:00,15,5,0,14,moyen
27,2024-09-28 15:00:00,15,5,0,14,moyen
28,2024-09-28 15:00:00,15,5,0,19,moyen
29,2024-09-28 15:00:00,15,5,0,13,moyen
30,2024-09-28 15:00:00,15,5,0,11,moyen
31,2024-09-28 15:00:00,15,5,0,10,moyen
32,2024-09-28 15:00:00,15,5,0,11,moyen
33,2024-09-28 15:00:00,15,5,0,9,moyen
34,2024-09-28 15:00:00,15,5,0,8,moyen
35,2024-09-28 15:00:00,15,5,0,24,moyen
36,2024-09-28 15:00:00,15,5,0,7,moyen
37,2024-09-28 15:00:00,15,5,0,8,moyen
38,2024-09-28 15:00:00,15,5,0,16,faible
1,2024-09-28 16:00:00,16,5,0,6,faible
2,2024-09-28 16:00:00,16,5,0,6,faible
3,2024-09-28 16:00:00,16,5,0,5,faible
4,2024-09-28 16:00:00,16,5,0,0,faible
5,2024-09-28 16:00:00,16,5,0,25,faible
6,2024-09-28 16:00:00,16,5,0,42,faible
7,2024-09-28 16:00:00,16,5,0,28,faible
8,2024-09-28 16:00:00,16,5,0,9,moyen
9,2024-09-28 16:00:00,16,5,0,13,moyen
10,2024-09-28 16:00:00,16,5,0,10,moyen
11,2024-09-28 16:00:00,16,5,0,8,moyen
12,2024-09-28 16:00:00,16,5,0,8,moyen
13,2024-09-28 16:00:00,16,5,0,11,moyen
14,2024-09-28 16:00:00,16,5,0,19,moyen
15,2024-09-28 16:00:00,16,5,0,19,moyen
16,2024-09-28 16:00:00,16,5,0,21,moyen
17,2024-09-28 16:00:00,16,5,0,17,moyen
18,2024-09-28 16:00:00,16,5,0,19,moyen
19,2024-09-28 16:00:00,16,5,0,21,moyen
20,2024-09-28 16:00:00,16,5,0,19,moyen
21,2024-09-28 16:00:00,16,5,0,13,moyen
22,2024-09-28 16:00:00,16,5,0,15,moyen
23,2024-09-28 16:00:00,16,5,0,13,moyen
24,2024-09-28 16:00:00,16,5,0,17,moyen
25,2024-09-28 16:00:00,16,5,0,18,moyen
26,2024-09-28 16:00:00,16,5,0,16,moyen
27,2024-09-28 16:00:00,16,5,0,18,moyen
28,2024-09-28 16:00:00,16,5,0,16,moyen
29,2024-09-28 16:00:00,16,5,0,12,moyen
30,2024-09-28 16:00:00,16,5,0,11,moyen
31,2024-09-28 16:00:00,16,5,0,10,moyen
32,2024-09-28 16:00:00,16,5,0,12,moyen
33,2024-09-28 16:00:00,16,5,0,8,moyen
34,2024-09-28 16:00:00,16,5,0,9,moyen
35,2024-09-28 16:00:00,16,5,0,16,faible
36,2024-09-28 16:00:00,16,5,0,9,moyen
37,2024-09-28 16:00:00,16,5,0,8,moyen
38,2024-09-28 16:00:00,16,5,0,23,faible
1,2024-09-28 17:00:00,17,5,0,9,moyen
2,2024-09-28 17:00:00,17,5,0,8,moyen
3,2024-09-28 17:00:00,17,5,0,7,moyen
4,2024-09-28 17:00:00,17,5,0,0,faible
5,2024-09-28 17:00:00,17,5,0,28,faible
6,2024-09-28 17:00:00,17,5,0,52,faible
7,2024-09-28 17:00:00,17,5,0,21,faible
8,2024-09-28 17:00:00,17,5,0,12,moyen
9,2024-09-28 17:00:00,17,5,0,12,moyen
10,2024-09-28 17:00:00,17,5,0,10,moyen
11,2024-09-28 17:00:00,17,5,0,11,moyen
12,2024-09-28 17:00:00,17,5,0,8,moyen
13,2024-09-28 17:00:00,17,5,0,12,moyen
14,2024-09-28 17:00:00,17,5,0,3,faible
15,2024-09-28 17:00:00,17,5,0,10,faible
16,2024-09-28 17:00:00,17,5,0,5,faible
17,2024-09-28 17:00:00,17,5,0,9,faible
18,2024-09-28 17:00:00,17,5,0,8,faible
19,2024-09-28 17:00:00,17,5,0,7,faible
20,2024-09-28 17:00:00,17,5,0,8,faible
21,2024-09-28 17:00:00,17,5,0,5,faible
22,2024-09-28 17:00:00,17,5,0,6,faible
23,2024-09-28 17:00:00,17,5,0,6,faible
24,2024-09-28 17:00:00,17,5,0,7,faible
25,2024-09-28 17:00:00,17,5,0,3,faible
26,2024-09-28 17:00:00,17,5,0,2,faible
27,2024-09-28 17:00:00,17,5,0,6,faible
28,2024-09-28 17:00:00,17,5,0,4,faible
29,2024-09-28 17:00:00,17,5,0,6,faible
30,2024-09-28 17:00:00,17,5,0,3,faible
31,2024-09-28 17:00:00,17,5,0,4,faible
32,2024-09-28 17:00:00,17,5,0,2,faible
33,2024-09-28 17:00:00,17,5,0,2,faible
34,2024-09-28 17:00:00,17,5,0,1,faible
35,2024-09-28 17:00:00,17,5,0,43,moyen
36,2024-09-28 17:00:00,17,5,0,7,moyen
37,2024-09-28 17:00:00,17,5,0,8,moyen
38,2024-09-28 17:00:00,17,5,0,13,faible
1,2024-09-28 18:00:00,18,5,0,2,faible
2,2024-09-28 18:00:00,18,5,0,2,faible
3,2024-09-28 18:00:00,18,5,0,1,faible
4,2024-09-28 18:00:00,18,5,0,1,faible
5,2024-09-28 18:00:00,18,5,0,31,faible
6,2024-09-28 18:00:00,18,5,0,26,faible
7,2024-09-28 18:00:00,18,5,0,28,faible
8,2024-09-28 18:00:00,18,5,0,2,faible
9,2024-09-28 18:00:00,18,5,0,3,faible
10,2024-09-28 18:00:00,18,5,0,3,faible
11,2024-09-28 18:00:00,18,5,0,3,faible
12,2024-09-28 18:00:00,18,5,0,1,faible
13,2024-09-28 18:00:00,18,5,0,1,faible
14,2024-09-28 18:00:00,18,5,0,10,faible
15,2024-09-28 18:00:00,18,5,0,4,faible
16,2024-09-28 18:00:00,18,5,0,6,faible
17,2024-09-28 18:00:00,18,5,0,9,faible
18,2024-09-28 18:00:00,18,5,0,5,faible
19,2024-09-28 18:00:00,18,5,0,10,faible
20,2024-09-28 18:00:00,18,5,0,6,faible
21,2024-09-28 18:00:00,18,5,0,5,faible
22,2024-09-28 18:00:00,18,5,0,5,faible
23,2024-09-28 18:00:00,18,5,0,4,faible
24,2024-09-28 18:00:00,18,5,0,5,faible
25,2024-09-28 18:00:00,18,5,0,5,faible
26,2024-09-28 18:00:00,18,5,0,4,faible
27,2024-09-28 18:00:00,18,5,0,4,faible
28,2024-09-28 18:00:00,18,5,0,4,faible
29,2024-09-28 18:00:00,18,5,0,4,faible
30,2024-09-28 18:00:00,18,5,0,3,faible
31,2024-09-28 18:00:00,18,5,0,2,faible
32,2024-09-28 18:00:00,18,5,0,2,faible
33,2024-09-28 18:00:00,18,5,0,1,faible
34,2024-09-28 18:00:00,18,5,0,3,faible
35,2024-09-28 18:00:00,18,5,0,54,moyen
36,2024-09-28 18:00:00,18,5,0,2,faible
37,2024-09-28 18:00:00,18,5,0,2,faible
38,2024-09-28 18:00:00,18,5,0,23,faible
1,2024-09-28 19:00:00,19,5,0,0,faible
2,2024-09-28 19:00:00,19,5,0,3,faible
3,2024-09-28 19:00:00,19,5,0,2,faible
4,2024-09-28 19:00:00,19,5,0,0,faible
5,2024-09-28 19:00:00,19,5,0,32,faible
6,2024-09-28 19:00:00,19,5,0,37,faible
7,2024-09-28 19:00:00,19,5,0,34,faible
8,2024-09-28 19:00:00,19,5,0,2,faible
9,2024-09-28 19:00:00,19,5,0,5,faible
10,2024-09-28 19:00:00,19,5,0,4,faible
11,2024-09-28 19:00:00,19,5,0,2,faible
12,2024-09-28 19:00:00,19,5,0,1,faible
13,2024-09-28 19:00:00,19,5,0,4,faible
14,2024-09-28 19:00:00,19,5,0,7,faible
15,2024-09-28 19:00:00,19,5,0,3,faible
16,2024-09-28 19:00:00,19,5,0,4,faible
17,2024-09-28 19:00:00,19,5,0,5,faible
18,2024-09-28 19:00:00,19,5,0,9,faible
19,2024-09-28 19:00:00,19,5,0,5,faible
20,2024-09-28 19:00:00,19,5,0,4,faible
21,2024-09-28 19:00:00,19,5,0,5,faible
22,2024-09-28 19:00:00,19,5,0,4,faible
23,2024-09-28 19:00:00,19,5,0,5,faible
24,2024-09-28 19:00:00,19,5,0,5,faible
25,2024-09-28 19:00:00,19,5,0,3,faible
26,2024-09-28 19:00:00,19,5,0,7,faible
27,2024-09-28 19:00:00,19,5,0,7,faible
28,2024-09-28 19:00:00,19,5,0,5,faible
29,2024-09-28 19:00:00,19,5,0,5,faible
30,2024-09-28 19:00:00,19,5,0,2,faible
31,2024-09-28 19:00:00,19,5,0,2,faible
32,2024-09-28 19:00:00,19,5,0,5,faible
33,2024-09-28 19:00:00,19,5,0,4,faible
34,2024-09-28 19:00:00,19,5,0,1,faible
35,2024-09-28 19:00:00,19,5,0,53,moyen
36,2024-09-28 19:00:00,19,5,0,2,faible
37,2024-09-28 19:00:00,19,5,0,2,faible
38,2024-09-28 19:00:00,19,5,0,17,faible
1,2024-09-28 20:00:00,20,5,0,0,faible
2,2024-09-28 20:00:00,20,5,0,0,faible
3,2024-09-28 20:00:00,20,5,0,0,faible
4,2024-09-28 20:00:00,20,5,0,0,faible
5,2024-09-28 20:00:00,20,5,0,21,faible
6,2024-09-28 20:00:00,20,5,0,28,faible
7,2024-09-28 20:00:00,20,5,0,21,faible
8,2024-09-28 20:00:00,20,5,0,3,faible
9,2024-09-28 20:00:00,20,5,0,2,faible
10,2024-09-28 20:00:00,20,5,0,2,faible
11,2024-09-28 20:00:00,20,5,0,1,faible
12,2024-09-28 20:00:00,20,5,0,2,faible
13,2024-09-28 20:00:00,20,5,0,3,faible
14,2024-09-28 20:00:00,20,5,0,9,faible
15,2024-09-28 20:00:00,20,5,0,10,faible
16,2024-09-28 20:00:00,20,5,0,8,faible
17,2024-09-28 20:00:00,20,5,0,9,faible
18,2024-09-28 20:00:00,20,5,0,3,faible
19,2024-09-28 20:00:00,20,5,0,6,faible
20,2024-09-28 20:00:00,20,5,0,6,faible
21,2024-09-28 20:00:00,20,5,0,4,faible
22,2024-09-28 20:00:00,20,5,0,5,faible
23,2024-09-28 20:00:00,20,5,0,6,faible
24,2024-09-28 20:00:00,20,5,0,5,faible
25,2024-09-28 20:00:00,20,5,0,8,faible
26,2024-09-28 20:00:00,20,5,0,6,faible
27,2024-09-28 20:00:00,20,5,0,3,faible
28,2024-09-28 20:00:00,20,5,0,6,faible
29,2024-09-28 20:00:00,20,5,0,3,faible
30,2024-09-28 20:00:00,20,5,0,5,faible
31,2024-09-28 20:00:00,20,5,0,3,faible
32,2024-09-28 20:00:00,20,5,0,5,faible
33,2024-09-28 20:00:00,20,5,0,3,faible
34,2024-09-28 20:00:00,20,5,0,2,faible
35,2024-09-28 20:00:00,20,5,0,51,moyen
36,2024-09-28 20:00:00,20,5,0,1,faible
37,2024-09-28 20:00:00,20,5,0,1,faible
38,2024-09-28 20:00:00,20,5,0,13,faible
1,2024-09-28 21:00:00,21,5,0,2,faible
2,2024-09-28 21:00:00,21,5,0,0,faible
3,2024-09-28 21:00:00,21,5,0,1,faible
4,2024-09-28 21:00:00,21,5,0,0,faible
5,2024-09-28 21:00:00,21,5,0,24,faible
6,2024-09-28 21:00:00,21,5,0,36,faible
7,2024-09-28 21:00:00,21,5,0,26,faible
8,2024-09-28 21:00:00,21,5,0,2,faible
9,2024-09-28 21:00:00,21,5,0,5,faible
10,2024-09-28 21:00:00,21,5,0,1,faible
11,2024-09-28 21:00:00,21,5,0,3,faible
12,2024-09-28 21:00:00,21,5,0,1,faible
13,2024-09-28 21:00:00,21,5,0,4,faible
14,2024-09-28 21:00:00,21,5,0,8,faible
15,2024-09-28 21:00:00,21,5,0,4,faible
16,2024-09-28 21:00:00,21,5,0,4,faible
17,2024-09-28 21:00:00,21,5,0,9,faible
18,2024-09-28 21:00:00,21,5,0,8,faible
19,2024-09-28 21:00:00,21,5,0,7,faible
20,2024-09-28 21:00:00,21,5,0,6,faible
21,2024-09-28 21:00:00,21,5,0,4,faible
22,2024-09-28 21:00:00,21,5,0,2,faible
23,2024-09-28 21:00:00,21,5,0,6,faible
24,2024-09-28 21:00:00,21,5,0,8,faible
25,2024-09-28 21:00:00,21,5,0,6,faible
26,2024-09-28 21:00:00,21,5,0,4,faible
27,2024-09-28 21:00:00,21,5,0,7,faible
28,2024-09-28 21:00:00,21,5,0,6,faible
29,2024-09-28 21:00:00,21,5,0,5,faible
30,2024-09-28 21:00:00,21,5,0,2,faible
31,2024-09-28 21:00:00,21,5,0,3,faible
32,2024-09-28 21:00:00,21,5,0,2,faible
33,2024-09-28 21:00:00,21,5,0,3,faible
34,2024-09-28 21:00:00,21,5,0,3,faible
35,2024-09-28 21:00:00,21,5,0,45,moyen
36,2024-09-28 21:00:00,21,5,0,3,faible
37,2024-09-28 21:00:00,21,5,0,1,faible
38,2024-09-28 21:00:00,21,5,0,12,faible
1,2024-09-30 07:00:00,7,0,0,0,faible
2,2024-09-30 07:00:00,7,0,0,0,faible
3,2024-09-30 07:00:00,7,0,0,1,faible
4,2024-09-30 07:00:00,7,0,0,0,faible
5,2024-09-30 07:00:00,7,0,0,24,faible
6,2024-09-30 07:00:00,7,0,0,51,faible
7,2024-09-30 07:00:00,7,0,0,29,faible
8,2024-09-30 07:00:00,7,0,0,3,faible
9,2024-09-30 07:00:00,7,0,0,4,faible
10,2024-09-30 07:00:00,7,0,0,1,faible
11,2024-09-30 07:00:00,7,0,0,3,faible
12,2024-09-30 07:00:00,7,0,0,3,faible
13,2024-09-30 07:00:00,7,0,0,2,faible
14,2024-09-30 07:00:00,7,0,0,6,faible
15,2024-09-30 07:00:00,7,0,0,6,faible
16,2024-09-30 07:00:00,7,0,0,6,faible
17,2024-09-30 07:00:00,7,0,0,5,faible
18,2024-09-30 07:00:00,7,0,0,7,faible
19,2024-09-30 07:00:00,7,0,0,10,faible
20,2024-09-30 07:00:00,7,0,0,7,faible
21,2024-09-30 07:00:00,7,0,0,5,faible
22,2024-09-30 07:00:00,7,0,0,3,faible
23,2024-09-30 07:00:00,7,0,0,6,faible
24,2024-09-30 07:00:00,7,0,0,7,faible
25,2024-09-30 07:00:00,7,0,0,7,faible
26,2024-09-30 07:00:00,7,0,0,3,faible
27,2024-09-30 07:00:00,7,0,0,3,faible
28,2024-09-30 07:00:00,7,0,0,5,faible
29,2024-09-30 07:00:00,7,0,0,3,faible
30,2024-09-30 07:00:00,7,0,0,2,faible
31,2024-09-30 07:00:00,7,0,0,2,faible
32,2024-09-30 07:00:00,7,0,0,1,faible
33,2024-09-30 07:00:00,7,0,0,4,faible
34,2024-09-30 07:00:00,7,0,0,2,faible
35,2024-09-30 07:00:00,7,0,0,20,faible
36,2024-09-30 07:00:00,7,0,0,3,faible
37,2024-09-30 07:00:00,7,0,0,2,faible
38,2024-09-30 07:00:00,7,0,0,13,faible
1,2024-09-30 08:00:00,8,0,1,10,moyen
2,2024-09-30 08:00:00,8,0,1,7,faible
3,2024-09-30 08:00:00,8,0,1,6,moyen
4,2024-09-30 08:00:00,8,0,1,0,faible
5,2024-09-30 08:00:00,8,0,1,54,moyen
6,2024-09-30 08:00:00,8,0,1,104,moyen
7,2024-09-30 08:00:00,8,0,1,71,moyen
8,2024-09-30 08:00:00,8,0,1,4,faible
9,2024-09-30 08:00:00,8,0,1,5,faible
10,2024-09-30 08:00:00,8,0,1,2,faible
11,2024-09-30 08:00:00,8,0,0,2,faible
12,2024-09-30 08:00:00,8,0,1,2,faible
13,2024-09-30 08:00:00,8,0,1,4,faible
14,2024-09-30 08:00:00,8,0,1,8,faible
15,2024-09-30 08:00:00,8,0,1,3,faible
16,2024-09-30 08:00:00,8,0,1,5,faible
17,2024-09-30 08:00:00,8,0,0,7,faible
18,2024-09-30 08:00:00,8,0,1,8,faible
19,2024-09-30 08:00:00,8,0,1,5,faible
20,2024-09-30 08:00:00,8,0,0,8,faible
21,2024-09-30 08:00:00,8,0,1,4,faible
22,2024-09-30 08:00:00,8,0,1,4,faible
23,2024-09-30 08:00:00,8,0,0,3,faible
24,2024-09-30 08:00:00,8,0,1,4,faible
25,2024-09-30 08:00:00,8,0,1,9,faible
26,2024-09-30 08:00:00,8,0,1,4,faible
27,2024-09-30 08:00:00,8,0,1,5,faible
28,2024-09-30 08:00:00,8,0,0,7,faible
29,2024-09-30 08:00:00,8,0,1,4,faible
30,2024-09-30 08:00:00,8,0,1,6,faible
31,2024-09-30 08:00:00,8,0,0,1,faible
32,2024-09-30 08:00:00,8,0,1,3,faible
33,2024-09-30 08:00:00,8,0,1,3,faible
34,2024-09-30 08:00:00,8,0,1,2,faible
35,2024-09-30 08:00:00,8,0,1,21,faible
36,2024-09-30 08:00:00,8,0,1,2,faible
37,2024-09-30 08:00:00,8,0,1,1,faible
38,2024-09-30 08:00:00,8,0,1,54,moyen
1,2024-09-30 09:00:00,9,0,1,10,moyen
2,2024-09-30 09:00:00,9,0,1,7,faible
3,2024-09-30 09:00:00,9,0,1,4,faible
4,2024-09-30 09:00:00,9,0,1,1,faible
5,2024-09-30 09:00:00,9,0,1,55,moyen
6,2024-09-30 09:00:00,9,0,1,105,moyen
7,2024-09-30 09:00:00,9,0,1,84,moyen
8,2024-09-30 09:00:00,9,0,1,17,eleve
9,2024-09-30 09:00:00,9,0,0,14,moyen
10,2024-09-30 09:00:00,9,0,1,11,moyen
11,2024-09-30 09:00:00,9,0,1,8,moyen
12,2024-09-30 09:00:00,9,0,1,7,moyen
13,2024-09-30 09:00:00,9,0,1,10,moyen
14,2024-09-30 09:00:00,9,0,0,24,moyen
15,2024-09-30 09:00:00,9,0,1,23,moyen
16,2024-09-30 09:00:00,9,0,1,17,moyen
17,2024-09-30 09:00:00,9,0,1,18,moyen
18,2024-09-30 09:00:00,9,0,1,20,moyen
19,2024-09-30 09:00:00,9,0,0,20,moyen
20,2024-09-30 09:00:00,9,0,1,16,moyen
21,2024-09-30 09:00:00,9,0,1,13,moyen
22,2024-09-30 09:00:00,9,0,0,14,moyen
23,2024-09-30 09:00:00,9,0,1,11,moyen
24,2024-09-30 09:00:00,9,0,1,16,moyen
25,2024-09-30 09:00:00,9,0,0,18,moyen
26,2024-09-30 09:00:00,9,0,1,13,moyen
27,2024-09-30 09:00:00,9,0,0,15,moyen
28,2024-09-30 09:00:00,9,0,0,19,moyen
29,2024-09-30 09:00:00,9,0,1,12,moyen
30,2024-09-30 09:00:00,9,0,0,13,moyen
31,2024-09-30 09:00:00,9,0,1,12,moyen
32,2024-09-30 09:00:00,9,0,0,13,moyen
33,2024-09-30 09:00:00,9,0,1,9,moyen
34,2024-09-30 09:00:00,9,0,0,8,moyen
35,2024-09-30 09:00:00,9,0,1,19,faible
36,2024-09-30 09:00:00,9,0,1,7,moyen
37,2024-09-30 09:00:00,9,0,1,7,moyen
38,2024-09-30 09:00:00,9,0,1,49,moyen
1,2024-09-30 10:00:00,10,0,1,7,faible
2,2024-09-30 10:00:00,10,0,1,8,moyen
3,2024-09-30 10:00:00,10,0,1,4,faible
4,2024-09-30 10:00:00,10,0,1,0,faible
5,2024-09-30 10:00:00,10,0,1,57,moyen
6,2024-09-30 10:00:00,10,0,1,103,moyen
7,2024-09-30 10:00:00,10,0,1,78,moyen
8,2024-09-30 10:00:00,10,0,1,10,moyen
9,2024-09-30 10:00:00,10,0,1,14,moyen
10,2024-09-30 10:00:00,10,0,1,10,moyen
11,2024-09-30 10:00:00,10,0,1,10,moyen
12,2024-09-30 10:00:00,10,0,1,7,moyen
13,2024-09-30 10:00:00,10,0,1,12,moyen
14,2024-09-30 10:00:00,10,0,1,23,moyen
15,2024-09-30 10:00:00,10,0,1,21,moyen
16,2024-09-30 10:00:00,10,0,1,21,moyen
17,2024-09-30 10:00:00,10,0,1,18,moyen
18,2024-09-30 10:00:00,10,0,1,20,moyen
19,2024-09-30 10:00:00,10,0,1,25,moyen
20,2024-09-30 10:00:00,10,0,1,18,moyen
21,2024-09-30 10:00:00,10,0,0,16,moyen
22,2024-09-30 10:00:00,10,0,1,17,moyen
23,2024-09-30 10:00:00,10,0,1,11,moyen
24,2024-09-30 10:00:00,10,0,1,20,moyen
25,2024-09-30 10:00:00,10,0,1,19,moyen
26,2024-09-30 10:00:00,10,0,1,15,moyen
27,2024-09-30 10:00:00,10,0,1,13,moyen
28,2024-09-30 10:00:00,10,0,0,15,moyen
29,2024-09-30 10:00:00,10,0,0,14,moyen
30,2024-09-30 10:00:00,10,0,1,12,moyen
31,2024-09-30 10:00:00,10,0,1,11,moyen
32,2024-09-30 10:00:00,10,0,0,10,moyen
33,2024-09-30 10:00:00,10,0,1,8,moyen
34,2024-09-30 10:00:00,10,0,1,9,moyen
35,2024-09-30 10:00:00,10,0,1,18,faible
36,2024-09-30 10:00:00,10,0,0,7,moyen
37,2024-09-30 10:00:00,10,0,1,8,moyen
38,2024-09-30 10:00:00,10,0,1,44,moyen
1,2024-09-30 11:00:00,11,0,1,11,moyen
2,2024-09-30 11:00:00,11,0,1,6,faible
3,2024-09-30 11:00:00,11,0,1,6,moyen
4,2024-09-30 11:00:00,11,0,1,0,faible
5,2024-09-30 11:00:00,11,0,1,55,moyen
6,2024-09-30 11:00:00,11,0,1,107,moyen
7,2024-09-30 11:00:00,11,0,1,65,moyen
8,2024-09-30 11:00:00,11,0,1,9,moyen
9,2024-09-30 11:00:00,11,0,0,15,moyen
10,2024-09-30 11:00:00,11,0,0,11,moyen
11,2024-09-30 11:00:00,11,0,1,9,moyen
12,2024-09-30 11:00:00,11,0,1,7,moyen
13,2024-09-30 11:00:00,11,0,0,11,moyen
14,2024-09-30 11:00:00,11,0,0,20,moyen
15,2024-09-30 11:00:00,11,0,1,24,moyen
16,2024-09-30 11:00:00,11,0,1,23,moyen
17,2024-09-30 11:00:00,11,0,0,22,moyen
18,2024-09-30 11:00:00,11,0,1,17,moyen
19,2024-09-30 11:00:00,11,0,1,23,moyen
20,2024-09-30 11:00:00,11,0,1,16,moyen
21,2024-09-30 11:00:00,11,0,0,16,moyen
22,2024-09-30 11:00:00,11,0,1,13,moyen
23,2024-09-30 11:00:00,11,0,0,12,moyen
24,2024-09-30 11:00:00,11,0,0,16,moyen
25,2024-09-30 11:00:00,11,0,1,18,moyen
26,2024-09-30 11:00:00,11,0,1,18,moyen
27,2024-09-30 11:00:00,11,0,1,14,moyen
28,2024-09-30 11:00:00,11,0,1,20,moyen
29,2024-09-30 11:00:00,11,0,1,12,moyen
30,2024-09-30 11:00:00,11,0,0,12,moyen
31,2024-09-30 11:00:00,11,0,1,10,moyen
32,2024-09-30 11:00:00,11,0,1,11,moyen
33,2024-09-30 11:00:00,11,0,1,10,moyen
34,2024-09-30 11:00:00,11,0,0,8,moyen
35,2024-09-30 11:00:00,11,0,1,16,faible
36,2024-09-30 11:00:00,11,0,0,7,moyen
37,2024-09-30 11:00:00,11,0,0,7,moyen
38,2024-09-30 11:00:00,11,0,1,43,moyen
1,2024-09-30 12:00:00,12,0,1,9,moyen
2,2024-09-30 12:00:00,12,0,1,6,faible
3,2024-09-30 12:00:00,12,0,1,4,faible
4,2024-09-30 12:00:00,12,0,1,0,faible
5,2024-09-30 12:00:00,12,0,1,16,faible
6,2024-09-30 12:00:00,12,0,1,42,faible
7,2024-09-30 12:00:00,12,0,1,25,faible
8,2024-09-30 12:00:00,12,0,1,9,moyen
9,2024-09-30 12:00:00,12,0,0,15,moyen
10,2024-09-30 12:00:00,12,0,1,11,moyen
11,2024-09-30 12:00:00,12,0,1,8,moyen
12,2024-09-30 12:00:00,12,0,1,8,moyen
13,2024-09-30 12:00:00,12,0,0,9,moyen
14,2024-09-30 12:00:00,12,0,1,8,faible
15,2024-09-30 12:00:00,12,0,0,10,faible
16,2024-09-30 12:00:00,12,0,1,4,faible
17,2024-09-30 12:00:00,12,0,1,4,faible
18,2024-09-30 12:00:00,12,0,1,6,faible
19,2024-09-30 12:00:00,12,0,1,5,faible
20,2024-09-30 12:00:00,12,0,1,3,faible
21,2024-09-30 12:00:00,12,0,1,7,faible
22,2024-09-30 12:00:00,12,0,1,5,faible
23,2024-09-30 12:00:00,12,0,1,6,faible
24,2024-09-30 12:00:00,12,0,0,7,faible
25,2024-09-30 12:00:00,12,0,0,5,faible
26,2024-09-30 12:00:00,12,0,1,6,faible
27,2024-09-30 12:00:00,12,0,0,7,faible
28,2024-09-30 12:00:00,12,0,1,3,faible
29,2024-09-30 12:00:00,12,0,0,5,faible
30,2024-09-30 12:00:00,12,0,1,3,faible
31,2024-09-30 12:00:00,12,0,1,2,faible
32,2024-09-30 12:00:00,12,0,0,4,faible
33,2024-09-30 12:00:00,12,0,0,4,faible
34,2024-09-30 12:00:00,12,0,0,4,faible
35,2024-09-30 12:00:00,12,0,0,46,moyen
36,2024-09-30 12:00:00,12,0,0,8,moyen
37,2024-09-30 12:00:00,12,0,1,8,moyen
38,2024-09-30 12:00:00,12,0,1,17,faible
1,2024-09-30 13:00:00,13,0,1,10,moyen
2,2024-09-30 13:00:00,13,0,1,7,faible
3,2024-09-30 13:00:00,13,0,1,5,faible
4,2024-09-30 13:00:00,13,0,1,0,faible
5,2024-09-30 13:00:00,13,0,0,21,faible
6,2024-09-30 13:00:00,13,0,0,51,faible
7,2024-09-30 13:00:00,13,0,0,29,faible
8,2024-09-30 13:00:00,13,0,1,2,faible
9,2024-09-30 13:00:00,13,0,0,4,faible
10,2024-09-30 13:00:00,13,0,1,2,faible
11,2024-09-30 13:00:00,13,0,1,3,faible
12,2024-09-30 13:00:00,13,0,0,2,faible
13,2024-09-30 13:00:00,13,0,1,3,faible
14,2024-09-30 13:00:00,13,0,1,9,faible
15,2024-09-30 13:00:00,13,0,1,6,faible
16,2024-09-30 13:00:00,13,0,1,8,faible
17,2024-09-30 13:00:00,13,0,1,10,faible
18,2024-09-30 13:00:00,13,0,1,7,faible
19,2024-09-30 13:00:00,13,0,1,6,faible
20,2024-09-30 13:00:00,13,0,1,3,faible
21,2024-09-30 13:00:00,13,0,0,5,faible
22,2024-09-30 13:00:00,13,0,0,5,faible
23,2024-09-30 13:00:00,13,0,1,6,faible
24,2024-09-30 13:00:00,13,0,1,8,faible
25,2024-09-30 13:00:00,13,0,1,6,faible
26,2024-09-30 13:00:00,13,0,1,3,faible
27,2024-09-30 13:00:00,13,0,1,3,faible
28,2024-09-30 13:00:00,13,0,0,2,faible
29,2024-09-30 13:00:00,13,0,1,5,faible
30,2024-09-30 13:00:00,13,0,0,2,faible
31,2024-09-30 13:00:00,13,0,1,3,faible
32,2024-09-30 13:00:00,13,0,0,2,faible
33,2024-09-30 13:00:00,13,0,0,2,faible
34,2024-09-30 13:00:00,13,0,0,2,faible
35,2024-09-30 13:00:00,13,0,1,41,moyen
36,2024-09-30 13:00:00,13,0,1,1,faible
37,2024-09-30 13:00:00,13,0,0,2,faible
38,2024-09-30 13:00:00,13,0,0,23,faible
1,2024-09-30 14:00:00,14,0,1,9,moyen
2,2024-09-30 14:00:00,14,0,1,7,faible
3,2024-09-30 14:00:00,14,0,1,6,moyen
4,2024-09-30 14:00:00,14,0,1,0,faible
5,2024-09-30 14:00:00,14,0,0,19,faible
6,2024-09-30 14:00:00,14,0,0,34,faible
7,2024-09-30 14:00:00,14,0,0,35,faible
8,2024-09-30 14:00:00,14,0,1,12,moyen
9,2024-09-30 14:00:00,14,0,1,12,moyen
10,2024-09-30 14:00:00,14,0,1,10,moyen
11,2024-09-30 14:00:00,14,0,1,10,moyen
12,2024-09-30 14:00:00,14,0,1,8,moyen
13,2024-09-30 14:00:00,14,0,1,10,moyen
14,2024-09-30 14:00:00,14,0,0,25,moyen
15,2024-09-30 14:00:00,14,0,1,24,moyen
16,2024-09-30 14:00:00,14,0,1,23,moyen
17,2024-09-30 14:00:00,14,0,1,23,moyen
18,2024-09-30 14:00:00,14,0,0,18,moyen
19,2024-09-30 14:00:00,14,0,1,24,moyen
20,2024-09-30 14:00:00,14,0,1,18,moyen
21,2024-09-30 14:00:00,14,0,1,16,moyen
22,2024-09-30 14:00:00,14,0,1,15,moyen
23,2024-09-30 14:00:00,14,0,0,14,moyen
24,2024-09-30 14:00:00,14,0,0,16,moyen
25,2024-09-30 14:00:00,14,0,0,16,moyen
26,2024-09-30 14:00:00,14,0,1,14,moyen
27,2024-09-30 14:00:00,14,0,1,14,moyen
28,2024-09-30 14:00:00,14,0,1,19,moyen
29,2024-09-30 14:00:00,14,0,1,14,moyen
30,2024-09-30 14:00:00,14,0,1,12,moyen
31,2024-09-30 14:00:00,14,0,0,11,moyen
32,2024-09-30 14:00:00,14,0,0,9,moyen
33,2024-09-30 14:00:00,14,0,1,8,moyen
34,2024-09-30 14:00:00,14,0,1,7,moyen
35,2024-09-30 14:00:00,14,0,0,18,faible
36,2024-09-30 14:00:00,14,0,1,7,moyen
37,2024-09-30 14:00:00,14,0,0,8,moyen
38,2024-09-30 14:00:00,14,0,0,24,faible
1,2024-09-30 15:00:00,15,0,1,7,faible
2,2024-09-30 15:00:00,15,0,1,5,faible
3,2024-09-30 15:00:00,15,0,1,5,faible
4,2024-09-30 15:00:00,15,0,1,0,faible
5,2024-09-30 15:00:00,15,0,0,27,faible
6,2024-09-30 15:00:00,15,0,0,46,faible
7,2024-09-30 15:00:00,15,0,0,34,faible
8,2024-09-30 15:00:00,15,0,0,12,moyen
9,2024-09-30 15:00:00,15,0,0,13,moyen
10,2024-09-30 15:00:00,15,0,1,10,moyen
11,2024-09-30 15:00:00,15,0,1,10,moyen
12,2024-09-30 15:00:00,15,0,1,7,moyen
13,2024-09-30 15:00:00,15,0,1,9,moyen
14,2024-09-30 15:00:00,15,0,1,18,moyen
15,2024-09-30 15:00:00,15,0,1,21,moyen
16,2024-09-30 15:00:00,15,0,1,19,moyen
17,2024-09-30 15:00:00,15,0,1,18,moyen
18,2024-09-30 15:00:00,15,0,0,18,moyen
19,2024-09-30 15:00:00,15,0,0,22,moyen
20,2024-09-30 15:00:00,15,0,1,20,moyen
21,2024-09-30 15:00:00,15,0,0,17,moyen
22,2024-09-30 15:00:00,15,0,1,15,moyen
23,2024-09-30 15:00:00,15,0,0,14,moyen
24,2024-09-30 15:00:00,15,0,1,20,moyen
25,2024-09-30 15:00:00,15,0,1,18,moyen
26,2024-09-30 15:00:00,15,0,1,18,moyen
27,2024-09-30 15:00:00,15,0,1,14,moyen
28,2024-09-30 15:00:00,15,0,0,17,moyen
29,2024-09-30 15:00:00,15,0,1,15,moyen
30,2024-09-30 15:00:00,15,0,1,11,moyen
31,2024-09-30 15:00:00,15,0,0,11,moyen
32,2024-09-30 15:00:00,15,0,0,11,moyen
33,2024-09-30 15:00:00,15,0,1,8,moyen
34,2024-09-30 15:00:00,15,0,1,9,moyen
35,2024-09-30 15:00:00,15,0,0,17,faible
36,2024-09-30 15:00:00,15,0,1,7,moyen
37,2024-09-30 15:00:00,15,0,1,9,moyen
38,2024-09-30 15:00:00,15,0,0,25,faible
1,2024-09-30 16:00:00,16,0,1,7,faible
2,2024-09-30 16:00:00,16,0,1,8,moyen
3,2024-09-30 16:00:00,16,0,1,5,faible
4,2024-09-30 16:00:00,16,0,1,0,faible
5,2024-09-30 16:00:00,16,0,0,29,faible
6,2024-09-30 16:00:00,16,0,0,25,faible
7,2024-09-30 16:00:00,16,0,0,31,faible
8,2024-09-30 16:00:00,16,0,1,12,moyen
9,2024-09-30 16:00:00,16,0,1,11,moyen
10,2024-09-30 16:00:00,16,0,0,10,moyen
11,2024-09-30 16:00:00,16,0,1,10,moyen
12,2024-09-30 16:00:00,16,0,1,8,moyen
13,2024-09-30 16:00:00,16,0,1,10,moyen
14,2024-09-30 16:00:00,16,0,1,19,moyen
15,2024-09-30 16:00:00,16,0,0,24,moyen
16,2024-09-30 16:00:00,16,0,1,23,moyen
17,2024-09-30 16:00:00,16,0,0,16,moyen
18,2024-09-30 16:00:00,16,0,0,18,moyen
19,2024-09-30 16:00:00,16,0,1,20,moyen
20,2024-09-30 16:00:00,16,0,1,20,moyen
21,2024-09-30 16:00:00,16,0,1,13,moyen
22,2024-09-30 16:00:00,16,0,1,13,moyen
23,2024-09-30 16:00:00,16,0,1,13,moyen
24,2024-09-30 16:00:00,16,0,1,18,moyen
25,2024-09-30 16:00:00,16,0,1,15,moyen
26,2024-09-30 16:00:00,16,0,1,16,moyen
27,2024-09-30 16:00:00,16,0,1,14,moyen
28,2024-09-30 16:00:00,16,0,1,17,moyen
29,2024-09-30 16:00:00,16,0,0,11,moyen
30,2024-09-30 16:00:00,16,0,1,14,moyen
31,2024-09-30 16:00:00,16,0,1,12,moyen
32,2024-09-30 16:00:00,16,0,1,10,moyen
33,2024-09-30 16:00:00,16,0,0,8,moyen
34,2024-09-30 16:00:00,16,0,0,7,moyen
35,2024-09-30 16:00:00,16,0,1,18,faible
36,2024-09-30 16:00:00,16,0,1,9,moyen
37,2024-09-30 16:00:00,16,0,0,8,moyen
38,2024-09-30 16:00:00,16,0,0,27,faible
1,2024-09-30 17:00:00,17,0,1,7,faible
2,2024-09-30 17:00:00,17,0,1,6,faible
3,2024-09-30 17:00:00,17,0,1,6,moyen
4,2024-09-30 17:00:00,17,0,1,0,faible
5,2024-09-30 17:00:00,17,0,0,27,faible
6,2024-09-30 17:00:00,17,0,0,34,faible
7,2024-09-30 17:00:00,17,0,0,22,faible
8,2024-09-30 17:00:00,17,0,0,10,moyen
9,2024-09-30 17:00:00,17,0,0,13,moyen
10,2024-09-30 17:00:00,17,0,0,10,moyen
11,2024-09-30 17:00:00,17,0,1,9,moyen
12,2024-09-30 17:00:00,17,0,1,8,moyen
13,2024-09-30 17:00:00,17,0,1,11,moyen
14,2024-09-30 17:00:00,17,0,0,3,faible
15,2024-09-30 17:00:00,17,0,1,3,faible
16,2024-09-30 17:00:00,17,0,0,9,faible
17,2024-09-30 17:00:00,17,0,0,8,faible
18,2024-09-30 17:00:00,17,0,1,6,faible
19,2024-09-30 17:00:00,17,0,1,11,faible
20,2024-09-30 17:00:00,17,0,1,4,faible
21,2024-09-30 17:00:00,17,0,1,7,faible
22,2024-09-30 17:00:00,17,0,1,7,faible
23,2024-09-30 17:00:00,17,0,1,3,faible
24,2024-09-30 17:00:00,17,0,0,8,faible
25,2024-09-30 17:00:00,17,0,1,7,faible
26,2024-09-30 17:00:00,17,0,0,7,faible
27,2024-09-30 17:00:00,17,0,1,6,faible
28,2024-09-30 17:00:00,17,0,1,7,faible
29,2024-09-30 17:00:00,17,0,0,6,faible
30,2024-09-30 17:00:00,17,0,0,3,faible
31,2024-09-30 17:00:00,17,0,1,3,faible
32,2024-09-30 17:00:00,17,0,1,3,faible
33,2024-09-30 17:00:00,17,0,1,2,faible
34,2024-09-30 17:00:00,17,0,0,1,faible
35,2024-09-30 17:00:00,17,0,1,53,moyen
36,2024-09-30 17:00:00,17,0,0,7,moyen
37,2024-09-30 17:00:00,17,0,1,8,moyen
38,2024-09-30 17:00:00,17,0,0,13,faible
1,2024-09-30 18:00:00,18,0,0,0,faible
2,2024-09-30 18:00:00,18,0,0,1,faible
3,2024-09-30 18:00:00,18,0,0,0,faible
4,2024-09-30 18:00:00,18,0,0,0,faible
5,2024-09-30 18:00:00,18,0,0,33,faible
6,2024-09-30 18:00:00,18,0,0,50,faible
7,2024-09-30 18:00:00,18,0,0,38,faible
8,2024-09-30 18:00:00,18,0,1,4,faible
9,2024-09-30 18:00:00,18,0,1,4,faible
10,2024-09-30 18:00:00,18,0,0,3,faible
11,2024-09-30 18:00:00,18,0,0,3,faible
12,2024-09-30 18:00:00,18,0,0,2,faible
13,2024-09-30 18:00:00,18,0,0,4,faible
14,2024-09-30 18:00:00,18,0,1,5,faible
15,2024-09-30 18:00:00,18,0,1,5,faible
16,2024-09-30 18:00:00,18,0,0,3,faible
17,2024-09-30 18:00:00,18,0,1,7,faible
18,2024-09-30 18:00:00,18,0,1,3,faible
19,2024-09-30 18:00:00,18,0,1,6,faible
20,2024-09-30 18:00:00,18,0,1,7,faible
21,2024-09-30 18:00:00,18,0,0,7,faible
22,2024-09-30 18:00:00,18,0,1,6,faible
23,2024-09-30 18:00:00,18,0,1,4,faible
24,2024-09-30 18:00:00,18,0,1,6,faible
25,2024-09-30 18:00:00,18,0,0,7,faible
26,2024-09-30 18:00:00,18,0,1,8,faible
27,2024-09-30 18:00:00,18,0,1,7,faible
28,2024-09-30 18:00:00,18,0,1,8,faible
29,2024-09-30 18:00:00,18,0,0,4,faible
30,2024-09-30 18:00:00,18,0,1,4,faible
31,2024-09-30 18:00:00,18,0,1,4,faible
32,2024-09-30 18:00:00,18,0,1,2,faible
33,2024-09-30 18:00:00,18,0,1,1,faible
34,2024-09-30 18:00:00,18,0,1,3,faible
35,2024-09-30 18:00:00,18,0,1,41,moyen
36,2024-09-30 18:00:00,18,0,1,2,faible
37,2024-09-30 18:00:00,18,0,1,2,faible
38,2024-09-30 18:00:00,18,0,0,21,faible
1,2024-09-30 19:00:00,19,0,0,2,faible
2,2024-09-30 19:00:00,19,0,0,0,faible
3,2024-09-30 19:00:00,19,0,0,0,faible
4,2024-09-30 19:00:00,19,0,0,0,faible
5,2024-09-30 19:00:00,19,0,0,21,faible
6,2024-09-30 19:00:00,19,0,0,47,faible
7,2024-09-30 19:00:00,19,0,0,22,faible
8,2024-09-30 19:00:00,19,0,0,4,faible
9,2024-09-30 19:00:00,19,0,0,5,faible
10,2024-09-30 19:00:00,19,0,0,3,faible
11,2024-09-30 19:00:00,19,0,0,2,faible
12,2024-09-30 19:00:00,19,0,0,1,faible
13,2024-09-30 19:00:00,19,0,0,2,faible
14,2024-09-30 19:00:00,19,0,0,9,faible
15,2024-09-30 19:00:00,19,0,0,8,faible
16,2024-09-30 19:00:00,19,0,0,4,faible
17,2024-09-30 19:00:00,19,0,0,3,faible
18,2024-09-30 19:00:00,19,0,0,7,faible
19,2024-09-30 19:00:00,19,0,0,10,faible
20,2024-09-30 19:00:00,19,0,0,4,faible
21,2024-09-30 19:00:00,19,0,0,8,faible
22,2024-09-30 19:00:00,19,0,0,5,faible
23,2024-09-30 19:00:00,19,0,0,6,faible
24,2024-09-30 19:00:00,19,0,0,7,faible
25,2024-09-30 19:00:00,19,0,0,8,faible
26,2024-09-30 19:00:00,19,0,0,2,faible
27,2024-09-30 19:00:00,19,0,0,2,faible
28,2024-09-30 19:00:00,19,0,0,4,faible
29,2024-09-30 19:00:00,19,0,0,4,faible
30,2024-09-30 19:00:00,19,0,0,2,faible
31,2024-09-30 19:00:00,19,0,0,4,faible
32,2024-09-30 19:00:00,19,0,0,4,faible
33,2024-09-30 19:00:00,19,0,0,2,faible
34,2024-09-30 19:00:00,19,0,0,3,faible
35,2024-09-30 19:00:00,19,0,0,51,moyen
36,2024-09-30 19:00:00,19,0,0,2,faible
37,2024-09-30 19:00:00,19,0,0,3,faible
38,2024-09-30 19:00:00,19,0,0,15,faible
1,2024-09-30 20:00:00,20,0,0,0,faible
2,2024-09-30 20:00:00,20,0,0,2,faible
3,2024-09-30 20:00:00,20,0,0,1,faible
4,2024-09-30 20:00:00,20,0,0,0,faible
5,2024-09-30 20:00:00,20,0,0,25,faible
6,2024-09-30 20:00:00,20,0,0,52,faible
7,2024-09-30 20:00:00,20,0,0,30,faible
8,2024-09-30 20:00:00,20,0,0,2,faible
9,2024-09-30 20:00:00,20,0,0,2,faible
10,2024-09-30 20:00:00,20,0,0,1,faible
11,2024-09-30 20:00:00,20,0,0,3,faible
12,2024-09-30 20:00:00,20,0,0,2,faible
13,2024-09-30 20:00:00,20,0,0,3,faible
14,2024-09-30 20:00:00,20,0,0,7,faible
15,2024-09-30 20:00:00,20,0,0,10,faible
16,2024-09-30 20:00:00,20,0,0,9,faible
17,2024-09-30 20:00:00,20,0,0,4,faible
18,2024-09-30 20:00:00,20,0,0,5,faible
19,2024-09-30 20:00:00,20,0,0,3,faible
20,2024-09-30 20:00:00,20,0,0,5,faible
21,2024-09-30 20:00:00,20,0,0,4,faible
22,2024-09-30 20:00:00,20,0,0,7,faible
23,2024-09-30 20:00:00,20,0,0,5,faible
24,2024-09-30 20:00:00,20,0,0,5,faible
25,2024-09-30 20:00:00,20,0,0,5,faible
26,2024-09-30 20:00:00,20,0,0,4,faible
27,2024-09-30 20:00:00,20,0,0,4,faible
28,2024-09-30 20:00:00,20,0,0,7,faible
29,2024-09-30 20:00:00,20,0,0,2,faible
30,2024-09-30 20:00:00,20,0,0,4,faible
31,2024-09-30 20:00:00,20,0,0,2,faible
32,2024-09-30 20:00:00,20,0,0,2,faible
33,2024-09-30 20:00:00,20,0,0,4,faible
34,2024-09-30 20:00:00,20,0,0,2,faible
35,2024-09-30 20:00:00,20,0,0,47,moyen
36,2024-09-30 20:00:00,20,0,0,1,faible
37,2024-09-30 20:00:00,20,0,0,3,faible
38,2024-09-30 20:00:00,20,0,0,24,faible
1,2024-09-30 21:00:00,21,0,0,0,faible
2,2024-09-30 21:00:00,21,0,0,0,faible
3,2024-09-30 21:00:00,21,0,0,0,faible
4,2024-09-30 21:00:00,21,0,0,0,faible
5,2024-09-30 21:00:00,21,0,0,17,faible
6,2024-09-30 21:00:00,21,0,0,55,faible
7,2024-09-30 21:00:00,21,0,0,27,faible
8,2024-09-30 21:00:00,21,0,0,4,faible
9,2024-09-30 21:00:00,21,0,0,2,faible
10,2024-09-30 21:00:00,21,0,0,2,faible
11,2024-09-30 21:00:00,21,0,0,3,faible
12,2024-09-30 21:00:00,21,0,0,1,faible
13,2024-09-30 21:00:00,21,0,0,4,faible
14,2024-09-30 21:00:00,21,0,0,5,faible
15,2024-09-30 21:00:00,21,0,0,4,faible
16,2024-09-30 21:00:00,21,0,0,9,faible
17,2024-09-30 21:00:00,21,0,0,10,faible
18,2024-09-30 21:00:00,21,0,0,4,faible
19,2024-09-30 21:00:00,21,0,0,3,faible
20,2024-09-30 21:00:00,21,0,0,8,faible
21,2024-09-30 21:00:00,21,0,0,6,faible
22,2024-09-30 21:00:00,21,0,0,8,faible
23,2024-09-30 21:00:00,21,0,0,4,faible
24,2024-09-30 21:00:00,21,0,0,7,faible
25,2024-09-30 21:00:00,21,0,0,4,faible
26,2024-09-30 21:00:00,21,0,0,6,faible
27,2024-09-30 21:00:00,21,0,0,6,faible
28,2024-09-30 21:00:00,21,0,0,4,faible
29,2024-09-30 21:00:00,21,0,0,2,faible
30,2024-09-30 21:00:00,21,0,0,4,faible
31,2024-09-30 21:00:00,21,0,0,2,faible
32,2024-09-30 21:00:00,21,0,0,2,faible
33,2024-09-30 21:00:00,21,0,0,2,faible
34,2024-09-30 21:00:00,21,0,0,3,faible
35,2024-09-30 21:00:00,21,0,0,46,moyen
36,2024-09-30 21:00:00,21,0,0,1,faible
37,2024-09-30 21:00:00,21,0,0,2,faible
38,2024-09-30 21:00:00,21,0,0,15,faible
1,2024-10-01 07:00:00,7,1,0,2,faible
2,2024-10-01 07:00:00,7,1,0,1,faible
3,2024-10-01 07:00:00,7,1,0,2,faible
4,2024-10-01 07:00:00,7,1,0,0,faible
5,2024-10-01 07:00:00,7,1,0,29,faible
6,2024-10-01 07:00:00,7,1,0,50,faible
7,2024-10-01 07:00:00,7,1,0,39,faible
8,2024-10-01 07:00:00,7,1,0,2,faible
9,2024-10-01 07:00:00,7,1,0,5,faible
10,2024-10-01 07:00:00,7,1,0,2,faible
11,2024-10-01 07:00:00,7,1,0,3,faible
12,2024-10-01 07:00:00,7,1,0,1,faible
13,2024-10-01 07:00:00,7,1,0,2,faible
14,2024-10-01 07:00:00,7,1,0,5,faible
15,2024-10-01 07:00:00,7,1,0,11,faible
16,2024-10-01 07:00:00,7,1,0,4,faible
17,2024-10-01 07:00:00,7,1,0,6,faible
18,2024-10-01 07:00:00,7,1,0,5,faible
19,2024-10-01 07:00:00,7,1,0,6,faible
20,2024-10-01 07:00:00,7,1,0,7,faible
21,2024-10-01 07:00:00,7,1,0,6,faible
22,2024-10-01 07:00:00,7,1,0,3,faible
23,2024-10-01 07:00:00,7,1,0,2,faible
24,2024-10-01 07:00:00,7,1,0,7,faible
25,2024-10-01 07:00:00,7,1,0,8,faible
26,2024-10-01 07:00:00,7,1,0,3,faible
27,2024-10-01 07:00:00,7,1,0,6,faible
28,2024-10-01 07:00:00,7,1,0,3,faible
29,2024-10-01 07:00:00,7,1,0,5,faible
30,2024-10-01 07:00:00,7,1,0,3,faible
31,2024-10-01 07:00:00,7,1,0,1,faible
32,2024-10-01 07:00:00,7,1,0,4,faible
33,2024-10-01 07:00:00,7,1,0,3,faible
34,2024-10-01 07:00:00,7,1,0,4,faible
35,2024-10-01 07:00:00,7,1,0,22,faible
36,2024-10-01 07:00:00,7,1,0,2,faible
37,2024-10-01 07:00:00,7,1,0,1,faible
38,2024-10-01 07:00:00,7,1,0,20,faible
1,2024-10-01 08:00:00,8,1,1,9,moyen
2,2024-10-01 08:00:00,8,1,1,6,faible
3,2024-10-01 08:00:00,8,1,1,5,faible
4,2024-10-01 08:00:00,8,1,1,1,faible
5,2024-10-01 08:00:00,8,1,0,51,moyen
6,2024-10-01 08:00:00,8,1,0,107,moyen
7,2024-10-01 08:00:00,8,1,0,63,moyen
8,2024-10-01 08:00:00,8,1,0,2,faible
9,2024-10-01 08:00:00,8,1,1,4,faible
10,2024-10-01 08:00:00,8,1,1,3,faible
11,2024-10-01 08:00:00,8,1,0,3,faible
12,2024-10-01 08:00:00,8,1,1,1,faible
13,2024-10-01 08:00:00,8,1,0,3,faible
14,2024-10-01 08:00:00,8,1,1,6,faible
15,2024-10-01 08:00:00,8,1,1,7,faible
16,2024-10-01 08:00:00,8,1,0,5,faible
17,2024-10-01 08:00:00,8,1,1,3,faible
18,2024-10-01 08:00:00,8,1,1,7,faible
19,2024-10-01 08:00:00,8,1,1,9,faible
20,2024-10-01 08:00:00,8,1,1,3,faible
21,2024-10-01 08:00:00,8,1,1,5,faible
22,2024-10-01 08:00:00,8,1,1,2,faible
23,2024-10-01 08:00:00,8,1,0,5,faible
24,2024-10-01 08:00:00,8,1,1,8,faible
25,2024-10-01 08:00:00,8,1,1,4,faible
26,2024-10-01 08:00:00,8,1,1,3,faible
27,2024-10-01 08:00:00,8,1,1,6,faible
28,2024-10-01 08:00:00,8,1,1,4,faible
29,2024-10-01 08:00:00,8,1,0,2,faible
30,2024-10-01 08:00:00,8,1,1,3,faible
31,2024-10-01 08:00:00,8,1,1,4,faible
32,2024-10-01 08:00:00,8,1,1,4,faible
33,2024-10-01 08:00:00,8,1,1,3,faible
34,2024-10-01 08:00:00,8,1,0,2,faible
35,2024-10-01 08:00:00,8,1,0,22,faible
36,2024-10-01 08:00:00,8,1,0,3,faible
37,2024-10-01 08:00:00,8,1,0,2,faible
38,2024-10-01 08:00:00,8,1,0,51,moyen
1,2024-10-01 09:00:00,9,1,1,9,moyen
2,2024-10-01 09:00:00,9,1,1,7,faible
3,2024-10-01 09:00:00,9,1,1,7,moyen
4,2024-10-01 09:00:00,9,1,1,0,faible
5,2024-10-01 09:00:00,9,1,0,60,moyen
6,2024-10-01 09:00:00,9,1,0,90,moyen
7,2024-10-01 09:00:00,9,1,0,68,moyen
8,2024-10-01 09:00:00,9,1,0,17,eleve
9,2024-10-01 09:00:00,9,1,1,12,moyen
10,2024-10-01 09:00:00,9,1,1,10,moyen
11,2024-10-01 09:00:00,9,1,1,10,moyen
12,2024-10-01 09:00:00,9,1,1,8,moyen
13,2024-10-01 09:00:00,9,1,1,11,moyen
14,2024-10-01 09:00:00,9,1,0,19,moyen
15,2024-10-01 09:00:00,9,1,1,21,moyen
16,2024-10-01 09:00:00,9,1,1,21,moyen
17,2024-10-01 09:00:00,9,1,1,21,moyen
18,2024-10-01 09:00:00,9,1,1,17,moyen
19,2024-10-01 09:00:00,9,1,1,26,moyen
20,2024-10-01 09:00:00,9,1,1,17,moyen
21,2024-10-01 09:00:00,9,1,1,17,moyen
22,2024-10-01 09:00:00,9,1,0,15,moyen
23,2024-10-01 09:00:00,9,1,1,13,moyen
24,2024-10-01 09:00:00,9,1,1,18,moyen
25,2024-10-01 09:00:00,9,1,1,14,moyen
26,2024-10-01 09:00:00,9,1,0,13,moyen
27,2024-10-01 09:00:00,9,1,0,15,moyen
28,2024-10-01 09:00:00,9,1,1,15,moyen
29,2024-10-01 09:00:00,9,1,0,14,moyen
30,2024-10-01 09:00:00,9,1,0,14,moyen
31,2024-10-01 09:00:00,9,1,1,11,moyen
32,2024-10-01 09:00:00,9,1,1,10,moyen
33,2024-10-01 09:00:00,9,1,1,9,moyen
34,2024-10-01 09:00:00,9,1,0,8,moyen
35,2024-10-01 09:00:00,9,1,1,20,faible
36,2024-10-01 09:00:00,9,1,1,8,moyen
37,2024-10-01 09:00:00,9,1,1,8,moyen
38,2024-10-01 09:00:00,9,1,0,47,moyen
1,2024-10-01 10:00:00,10,1,1,6,faible
2,2024-10-01 10:00:00,10,1,1,5,faible
3,2024-10-01 10:00:00,10,1,1,5,faible
4,2024-10-01 10:00:00,10,1,1,0,faible
5,2024-10-01 10:00:00,10,1,0,53,moyen
6,2024-10-01 10:00:00,10,1,0,111,moyen
7,2024-10-01 10:00:00,10,1,0,63,moyen
8,2024-10-01 10:00:00,10,1,1,9,moyen
9,2024-10-01 10:00:00,10,1,0,13,moyen
10,2024-10-01 10:00:00,10,1,0,11,moyen
11,2024-10-01 10:00:00,10,1,0,10,moyen
12,2024-10-01 10:00:00,10,1,1,8,moyen
13,2024-10-01 10:00:00,10,1,1,10,moyen
14,2024-10-01 10:00:00,10,1,0,25,moyen
15,2024-10-01 10:00:00,10,1,0,24,moyen
16,2024-10-01 10:00:00,10,1,0,20,moyen
17,2024-10-01 10:00:00,10,1,1,18,moyen
18,2024-10-01 10:00:00,10,1,1,17,moyen
19,2024-10-01 10:00:00,10,1,1,24,moyen
20,2024-10-01 10:00:00,10,1,0,15,moyen
21,2024-10-01 10:00:00,10,1,1,16,moyen
22,2024-10-01 10:00:00,10,1,1,16,moyen
23,2024-10-01 10:00:00,10,1,0,14,moyen
24,2024-10-01 10:00:00,10,1,0,20,moyen
25,2024-10-01 10:00:00,10,1,1,16,moyen
26,2024-10-01 10:00:00,10,1,1,15,moyen
27,2024-10-01 10:00:00,10,1,1,17,moyen
28,2024-10-01 10:00:00,10,1,1,16,moyen
29,2024-10-01 10:00:00,10,1,1,12,moyen
30,2024-10-01 10:00:00,10,1,0,15,moyen
31,2024-10-01 10:00:00,10,1,1,13,moyen
32,2024-10-01 10:00:00,10,1,1,12,moyen
33,2024-10-01 10:00:00,10,1,0,7,moyen
34,2024-10-01 10:00:00,10,1,1,7,moyen
35,2024-10-01 10:00:00,10,1,1,25,moyen
36,2024-10-01 10:00:00,10,1,1,8,moyen
37,2024-10-01 10:00:00,10,1,0,9,moyen
38,2024-10-01 10:00:00,10,1,0,46,moyen
1,2024-10-01 11:00:00,11,1,1,10,moyen
2,2024-10-01 11:00:00,11,1,1,8,moyen
3,2024-10-01 11:00:00,11,1,1,6,moyen
4,2024-10-01 11:00:00,11,1,1,0,faible
5,2024-10-01 11:00:00,11,1,0,68,moyen
6,2024-10-01 11:00:00,11,1,0,110,moyen
7,2024-10-01 11:00:00,11,1,0,69,moyen
8,2024-10-01 11:00:00,11,1,0,10,moyen
9,2024-10-01 11:00:00,11,1,0,15,moyen
10,2024-10-01 11:00:00,11,1,1,10,moyen
11,2024-10-01 11:00:00,11,1,1,8,moyen
12,2024-10-01 11:00:00,11,1,1,9,moyen
13,2024-10-01 11:00:00,11,1,1,9,moyen
14,2024-10-01 11:00:00,11,1,1,18,moyen
15,2024-10-01 11:00:00,11,1,1,21,moyen
16,2024-10-01 11:00:00,11,1,0,17,moyen
17,2024-10-01 11:00:00,11,1,1,20,moyen
18,2024-10-01 11:00:00,11,1,1,19,moyen
19,2024-10-01 11:00:00,11,1,1,23,moyen
20,2024-10-01 11:00:00,11,1,0,18,moyen
21,2024-10-01 11:00:00,11,1,0,15,moyen
22,2024-10-01 11:00:00,11,1,0,14,moyen
23,2024-10-01 11:00:00,11,1,1,15,moyen
24,2024-10-01 11:00:00,11,1,1,18,moyen
25,2024-10-01 11:00:00,11,1,1,17,moyen
26,2024-10-01 11:00:00,11,1,0,13,moyen
27,2024-10-01 11:00:00,11,1,1,15,moyen
28,2024-10-01 11:00:00,11,1,1,18,moyen
29,2024-10-01 11:00:00,11,1,1,12,moyen
30,2024-10-01 11:00:00,11,1,0,15,moyen
31,2024-10-01 11:00:00,11,1,0,12,moyen
32,2024-10-01 11:00:00,11,1,1,12,moyen
33,2024-10-01 11:00:00,11,1,1,9,moyen
34,2024-10-01 11:00:00,11,1,0,7,moyen
35,2024-10-01 11:00:00,11,1,1,24,moyen
36,2024-10-01 11:00:00,11,1,1,7,moyen
37,2024-10-01 11:00:00,11,1,0,8,moyen
38,2024-10-01 11:00:00,11,1,0,50,moyen
1,2024-10-01 12:00:00,12,1,1,6,faible
2,2024-10-01 12:00:00,12,1,1,6,faible
3,2024-10-01 12:00:00,12,1,1,5,faible
4,2024-10-01 12:00:00,12,1,1,0,faible
5,2024-10-01 12:00:00,12,1,0,21,faible
6,2024-10-01 12:00:00,12,1,0,24,faible
7,2024-10-01 12:00:00,12,1,0,25,faible
8,2024-10-01 12:00:00,12,1,0,11,moyen
9,2024-10-01 12:00:00,12,1,1,13,moyen
10,2024-10-01 12:00:00,12,1,1,10,moyen
11,2024-10-01 12:00:00,12,1,1,10,moyen
12,2024-10-01 12:00:00,12,1,1,9,moyen
13,2024-10-01 12:00:00,12,1,0,9,moyen
14,2024-10-01 12:00:00,12,1,1,6,faible
15,2024-10-01 12:00:00,12,1,1,5,faible
16,2024-10-01 12:00:00,12,1,1,8,faible
17,2024-10-01 12:00:00,12,1,1,10,faible
18,2024-10-01 12:00:00,12,1,1,5,faible
19,2024-10-01 12:00:00,12,1,0,10,faible
20,2024-10-01 12:00:00,12,1,1,6,faible
21,2024-10-01 12:00:00,12,1,1,2,faible
22,2024-10-01 12:00:00,12,1,1,3,faible
23,2024-10-01 12:00:00,12,1,0,3,faible
24,2024-10-01 12:00:00,12,1,1,3,faible
25,2024-10-01 12:00:00,12,1,1,7,faible
26,2024-10-01 12:00:00,12,1,1,2,faible
27,2024-10-01 12:00:00,12,1,1,5,faible
28,2024-10-01 12:00:00,12,1,1,2,faible
29,2024-10-01 12:00:00,12,1,1,2,faible
30,2024-10-01 12:00:00,12,1,0,6,faible
31,2024-10-01 12:00:00,12,1,0,3,faible
32,2024-10-01 12:00:00,12,1,0,5,faible
33,2024-10-01 12:00:00,12,1,0,1,faible
34,2024-10-01 12:00:00,12,1,1,2,faible
35,2024-10-01 12:00:00,12,1,0,53,moyen
36,2024-10-01 12:00:00,12,1,0,7,moyen
37,2024-10-01 12:00:00,12,1,1,8,moyen
38,2024-10-01 12:00:00,12,1,0,13,faible
1,2024-10-01 13:00:00,13,1,1,8,faible
2,2024-10-01 13:00:00,13,1,1,7,faible
3,2024-10-01 13:00:00,13,1,1,6,moyen
4,2024-10-01 13:00:00,13,1,1,0,faible
5,2024-10-01 13:00:00,13,1,0,22,faible
6,2024-10-01 13:00:00,13,1,0,49,faible
7,2024-10-01 13:00:00,13,1,0,26,faible
8,2024-10-01 13:00:00,13,1,1,4,faible
9,2024-10-01 13:00:00,13,1,1,4,faible
10,2024-10-01 13:00:00,13,1,1,3,faible
11,2024-10-01 13:00:00,13,1,1,3,faible
12,2024-10-01 13:00:00,13,1,0,2,faible
13,2024-10-01 13:00:00,13,1,1,2,faible
14,2024-10-01 13:00:00,13,1,0,4,faible
15,2024-10-01 13:00:00,13,1,1,3,faible
16,2024-10-01 13:00:00,13,1,1,9,faible
17,2024-10-01 13:00:00,13,1,0,4,faible
18,2024-10-01 13:00:00,13,1,1,8,faible
19,2024-10-01 13:00:00,13,1,1,7,faible
20,2024-10-01 13:00:00,13,1,1,7,faible
21,2024-10-01 13:00:00,13,1,1,4,faible
22,2024-10-01 13:00:00,13,1,0,7,faible
23,2024-10-01 13:00:00,13,1,0,4,faible
24,2024-10-01 13:00:00,13,1,0,6,faible
25,2024-10-01 13:00:00,13,1,1,3,faible
26,2024-10-01 13:00:00,13,1,1,4,faible
27,2024-10-01 13:00:00,13,1,0,7,faible
28,2024-10-01 13:00:00,13,1,1,8,faible
29,2024-10-01 13:00:00,13,1,0,5,faible
30,2024-10-01 13:00:00,13,1,1,2,faible
31,2024-10-01 13:00:00,13,1,1,2,faible
32,2024-10-01 13:00:00,13,1,1,2,faible
33,2024-10-01 13:00:00,13,1,1,2,faible
34,2024-10-01 13:00:00,13,1,0,2,faible
35,2024-10-01 13:00:00,13,1,1,47,moyen
36,2024-10-01 13:00:00,13,1,0,1,faible
37,2024-10-01 13:00:00,13,1,1,2,faible
38,2024-10-01 13:00:00,13,1,0,27,faible
1,2024-10-01 14:00:00,14,1,1,10,moyen
2,2024-10-01 14:00:00,14,1,1,8,moyen
3,2024-10-01 14:00:00,14,1,1,6,moyen
4,2024-10-01 14:00:00,14,1,1,0,faible
5,2024-10-01 14:00:00,14,1,0,26,faible
6,2024-10-01 14:00:00,14,1,0,53,faible
7,2024-10-01 14:00:00,14,1,0,41,faible
8,2024-10-01 14:00:00,14,1,1,11,moyen
9,2024-10-01 14:00:00,14,1,1,15,moyen
10,2024-10-01 14:00:00,14,1,0,10,moyen
11,2024-10-01 14:00:00,14,1,1,8,moyen
12,2024-10-01 14:00:00,14,1,1,7,moyen
13,2024-10-01 14:00:00,14,1,1,11,moyen
14,2024-10-01 14:00:00,14,1,0,23,moyen
15,2024-10-01 14:00:00,14,1,1,23,moyen
16,2024-10-01 14:00:00,14,1,1,18,moyen
17,2024-10-01 14:00:00,14,1,1,22,moyen
18,2024-10-01 14:00:00,14,1,0,16,moyen
19,2024-10-01 14:00:00,14,1,1,21,moyen
20,2024-10-01 14:00:00,14,1,1,18,moyen
21,2024-10-01 14:00:00,14,1,0,16,moyen
22,2024-10-01 14:00:00,14,1,0,15,moyen
23,2024-10-01 14:00:00,14,1,0,11,moyen
24,2024-10-01 14:00:00,14,1,1,19,moyen
25,2024-10-01 14:00:00,14,1,1,18,moyen
26,2024-10-01 14:00:00,14,1,1,16,moyen
27,2024-10-01 14:00:00,14,1,1,17,moyen
28,2024-10-01 14:00:00,14,1,1,20,moyen
29,2024-10-01 14:00:00,14,1,1,14,moyen
30,2024-10-01 14:00:00,14,1,1,13,moyen
31,2024-10-01 14:00:00,14,1,1,13,moyen
32,2024-10-01 14:00:00,14,1,0,10,moyen
33,2024-10-01 14:00:00,14,1,0,7,moyen
34,2024-10-01 14:00:00,14,1,1,8,moyen
35,2024-10-01 14:00:00,14,1,1,20,faible
36,2024-10-01 14:00:00,14,1,0,7,moyen
37,2024-10-01 14:00:00,14,1,1,8,moyen
38,2024-10-01 14:00:00,14,1,0,12,faible
1,2024-10-01 15:00:00,15,1,1,7,faible
2,2024-10-01 15:00:00,15,1,1,8,moyen
3,2024-10-01 15:00:00,15,1,1,5,faible
4,2024-10-01 15:00:00,15,1,1,0,faible
5,2024-10-01 15:00:00,15,1,0,24,faible
6,2024-10-01 15:00:00,15,1,0,26,faible
7,2024-10-01 15:00:00,15,1,0,32,faible
8,2024-10-01 15:00:00,15,1,0,12,moyen
9,2024-10-01 15:00:00,15,1,1,14,moyen
10,2024-10-01 15:00:00,15,1,1,10,moyen
11,2024-10-01 15:00:00,15,1,0,9,moyen
12,2024-10-01 15:00:00,15,1,0,9,moyen
13,2024-10-01 15:00:00,15,1,1,10,moyen
14,2024-10-01 15:00:00,15,1,1,24,moyen
15,2024-10-01 15:00:00,15,1,1,25,moyen
16,2024-10-01 15:00:00,15,1,1,16,moyen
17,2024-10-01 15:00:00,15,1,1,21,moyen
18,2024-10-01 15:00:00,15,1,1,16,moyen
19,2024-10-01 15:00:00,15,1,1,22,moyen
20,2024-10-01 15:00:00,15,1,1,18,moyen
21,2024-10-01 15:00:00,15,1,1,14,moyen
22,2024-10-01 15:00:00,15,1,0,15,moyen
23,2024-10-01 15:00:00,15,1,0,15,moyen
24,2024-10-01 15:00:00,15,1,1,15,moyen
25,2024-10-01 15:00:00,15,1,1,14,moyen
26,2024-10-01 15:00:00,15,1,1,15,moyen
27,2024-10-01 15:00:00,15,1,1,16,moyen
28,2024-10-01 15:00:00,15,1,1,15,moyen
29,2024-10-01 15:00:00,15,1,1,14,moyen
30,2024-10-01 15:00:00,15,1,1,12,moyen
31,2024-10-01 15:00:00,15,1,0,10,moyen
32,2024-10-01 15:00:00,15,1,1,11,moyen
33,2024-10-01 15:00:00,15,1,1,7,moyen
34,2024-10-01 15:00:00,15,1,0,10,moyen
35,2024-10-01 15:00:00,15,1,1,15,faible
36,2024-10-01 15:00:00,15,1,1,8,moyen
37,2024-10-01 15:00:00,15,1,1,7,moyen
38,2024-10-01 15:00:00,15,1,0,26,faible
1,2024-10-01 16:00:00,16,1,1,8,faible
2,2024-10-01 16:00:00,16,1,1,9,moyen
3,2024-10-01 16:00:00,16,1,1,4,faible
4,2024-10-01 16:00:00,16,1,1,0,faible
5,2024-10-01 16:00:00,16,1,0,27,faible
6,2024-10-01 16:00:00,16,1,0,28,faible
7,2024-10-01 16:00:00,16,1,0,37,faible
8,2024-10-01 16:00:00,16,1,0,12,moyen
9,2024-10-01 16:00:00,16,1,1,14,moyen
10,2024-10-01 16:00:00,16,1,1,11,moyen
11,2024-10-01 16:00:00,16,1,1,9,moyen
12,2024-10-01 16:00:00,16,1,1,7,moyen
13,2024-10-01 16:00:00,16,1,1,10,moyen
14,2024-10-01 16:00:00,16,1,1,25,moyen
15,2024-10-01 16:00:00,16,1,1,23,moyen
16,2024-10-01 16:00:00,16,1,1,19,moyen
17,2024-10-01 16:00:00,16,1,1,17,moyen
18,2024-10-01 16:00:00,16,1,1,15,moyen
19,2024-10-01 16:00:00,16,1,1,22,moyen
20,2024-10-01 16:00:00,16,1,0,15,moyen
21,2024-10-01 16:00:00,16,1,1,14,moyen
22,2024-10-01 16:00:00,16,1,0,18,moyen
23,2024-10-01 16:00:00,16,1,0,14,moyen
24,2024-10-01 16:00:00,16,1,0,15,moyen
25,2024-10-01 16:00:00,16,1,0,16,moyen
26,2024-10-01 16:00:00,16,1,1,17,moyen
27,2024-10-01 16:00:00,16,1,1,13,moyen
28,2024-10-01 16:00:00,16,1,1,19,moyen
29,2024-10-01 16:00:00,16,1,1,14,moyen
30,2024-10-01 16:00:00,16,1,1,15,moyen
31,2024-10-01 16:00:00,16,1,1,9,moyen
32,2024-10-01 16:00:00,16,1,1,9,moyen
33,2024-10-01 16:00:00,16,1,1,7,moyen
34,2024-10-01 16:00:00,16,1,0,9,moyen
35,2024-10-01 16:00:00,16,1,0,16,faible
36,2024-10-01 16:00:00,16,1,1,8,moyen
37,2024-10-01 16:00:00,16,1,1,7,moyen
38,2024-10-01 16:00:00,16,1,0,17,faible
1,2024-10-01 17:00:00,17,1,1,11,moyen
2,2024-10-01 17:00:00,17,1,1,7,faible
3,2024-10-01 17:00:00,17,1,1,5,faible
4,2024-10-01 17:00:00,17,1,1,0,faible
5,2024-10-01 17:00:00,17,1,0,17,faible
6,2024-10-01 17:00:00,17,1,0,47,faible
7,2024-10-01 17:00:00,17,1,0,35,faible
8,2024-10-01 17:00:00,17,1,0,9,moyen
9,2024-10-01 17:00:00,17,1,1,12,moyen
10,2024-10-01 17:00:00,17,1,0,10,moyen
11,2024-10-01 17:00:00,17,1,1,10,moyen
12,2024-10-01 17:00:00,17,1,0,8,moyen
13,2024-10-01 17:00:00,17,1,1,11,moyen
14,2024-10-01 17:00:00,17,1,0,5,faible
15,2024-10-01 17:00:00,17,1,1,10,faible
16,2024-10-01 17:00:00,17,1,0,6,faible
17,2024-10-01 17:00:00,17,1,1,8,faible
18,2024-10-01 17:00:00,17,1,1,4,faible
19,2024-10-01 17:00:00,17,1,1,7,faible
20,2024-10-01 17:00:00,17,1,1,6,faible
21,2024-10-01 17:00:00,17,1,1,6,faible
22,2024-10-01 17:00:00,17,1,0,6,faible
23,2024-10-01 17:00:00,17,1,1,2,faible
24,2024-10-01 17:00:00,17,1,0,3,faible
25,2024-10-01 17:00:00,17,1,1,5,faible
26,2024-10-01 17:00:00,17,1,1,7,faible
27,2024-10-01 17:00:00,17,1,1,5,faible
28,2024-10-01 17:00:00,17,1,1,6,faible
29,2024-10-01 17:00:00,17,1,1,5,faible
30,2024-10-01 17:00:00,17,1,1,2,faible
31,2024-10-01 17:00:00,17,1,1,5,faible
32,2024-10-01 17:00:00,17,1,1,3,faible
33,2024-10-01 17:00:00,17,1,1,3,faible
34,2024-10-01 17:00:00,17,1,1,2,faible
35,2024-10-01 17:00:00,17,1,1,48,moyen
36,2024-10-01 17:00:00,17,1,1,7,moyen
37,2024-10-01 17:00:00,17,1,0,7,moyen
38,2024-10-01 17:00:00,17,1,0,15,faible
1,2024-10-01 18:00:00,18,1,0,2,faible
2,2024-10-01 18:00:00,18,1,0,1,faible
3,2024-10-01 18:00:00,18,1,0,2,faible
4,2024-10-01 18:00:00,18,1,0,0,faible
5,2024-10-01 18:00:00,18,1,0,28,faible
6,2024-10-01 18:00:00,18,1,0,55,faible
7,2024-10-01 18:00:00,18,1,0,37,faible
8,2024-10-01 18:00:00,18,1,1,1,faible
9,2024-10-01 18:00:00,18,1,0,4,faible
10,2024-10-01 18:00:00,18,1,1,2,faible
11,2024-10-01 18:00:00,18,1,1,1,faible
12,2024-10-01 18:00:00,18,1,1,2,faible
13,2024-10-01 18:00:00,18,1,0,1,faible
14,2024-10-01 18:00:00,18,1,0,3,faible
15,2024-10-01 18:00:00,18,1,0,6,faible
16,2024-10-01 18:00:00,18,1,0,8,faible
17,2024-10-01 18:00:00,18,1,0,10,faible
18,2024-10-01 18:00:00,18,1,1,9,faible
19,2024-10-01 18:00:00,18,1,1,7,faible
20,2024-10-01 18:00:00,18,1,0,5,faible
21,2024-10-01 18:00:00,18,1,1,3,faible
22,2024-10-01 18:00:00,18,1,1,5,faible
23,2024-10-01 18:00:00,18,1,1,5,faible
24,2024-10-01 18:00:00,18,1,1,3,faible
25,2024-10-01 18:00:00,18,1,1,3,faible
26,2024-10-01 18:00:00,18,1,1,3,faible
27,2024-10-01 18:00:00,18,1,1,7,faible
28,2024-10-01 18:00:00,18,1,1,5,faible
29,2024-10-01 18:00:00,18,1,1,3,faible
30,2024-10-01 18:00:00,18,1,0,5,faible
31,2024-10-01 18:00:00,18,1,1,2,faible
32,2024-10-01 18:00:00,18,1,1,1,faible
33,2024-10-01 18:00:00,18,1,1,3,faible
34,2024-10-01 18:00:00,18,1,1,2,faible
35,2024-10-01 18:00:00,18,1,1,44,moyen
36,2024-10-01 18:00:00,18,1,1,1,faible
37,2024-10-01 18:00:00,18,1,1,1,faible
38,2024-10-01 18:00:00,18,1,0,17,faible
1,2024-10-01 19:00:00,19,1,0,1,faible
2,2024-10-01 19:00:00,19,1,0,2,faible
3,2024-10-01 19:00:00,19,1,0,0,faible
4,2024-10-01 19:00:00,19,1,0,0,faible
5,2024-10-01 19:00:00,19,1,0,27,faible
6,2024-10-01 19:00:00,19,1,0,33,faible
7,2024-10-01 19:00:00,19,1,0,40,faible
8,2024-10-01 19:00:00,19,1,0,2,faible
9,2024-10-01 19:00:00,19,1,0,4,faible
10,2024-10-01 19:00:00,19,1,0,3,faible
11,2024-10-01 19:00:00,19,1,0,2,faible
12,2024-10-01 19:00:00,19,1,0,2,faible
13,2024-10-01 19:00:00,19,1,0,3,faible
14,2024-10-01 19:00:00,19,1,0,6,faible
15,2024-10-01 19:00:00,19,1,0,5,faible
16,2024-10-01 19:00:00,19,1,0,4,faible
17,2024-10-01 19:00:00,19,1,0,5,faible
18,2024-10-01 19:00:00,19,1,0,6,faible
19,2024-10-01 19:00:00,19,1,0,7,faible
20,2024-10-01 19:00:00,19,1,0,6,faible
21,2024-10-01 19:00:00,19,1,0,7,faible
22,2024-10-01 19:00:00,19,1,0,5,faible
23,2024-10-01 19:00:00,19,1,0,2,faible
24,2024-10-01 19:00:00,19,1,0,7,faible
25,2024-10-01 19:00:00,19,1,0,7,faible
26,2024-10-01 19:00:00,19,1,0,6,faible
27,2024-10-01 19:00:00,19,1,0,4,faible
28,2024-10-01 19:00:00,19,1,0,4,faible
29,2024-10-01 19:00:00,19,1,0,4,faible
30,2024-10-01 19:00:00,19,1,0,4,faible
31,2024-10-01 19:00:00,19,1,0,4,faible
32,2024-10-01 19:00:00,19,1,0,3,faible
33,2024-10-01 19:00:00,19,1,0,2,faible
34,2024-10-01 19:00:00,19,1,0,3,faible
35,2024-10-01 19:00:00,19,1,0,46,moyen
36,2024-10-01 19:00:00,19,1,0,1,faible
37,2024-10-01 19:00:00,19,1,0,2,faible
38,2024-10-01 19:00:00,19,1,0,20,faible
1,2024-10-01 20:00:00,20,1,0,3,faible
2,2024-10-01 20:00:00,20,1,0,1,faible
3,2024-10-01 20:00:00,20,1,0,0,faible
4,2024-10-01 20:00:00,20,1,0,1,faible
5,2024-10-01 20:00:00,20,1,0,33,faible
6,2024-10-01 20:00:00,20,1,0,49,faible
7,2024-10-01 20:00:00,20,1,0,21,faible
8,2024-10-01 20:00:00,20,1,0,2,faible
9,2024-10-01 20:00:00,20,1,0,4,faible
10,2024-10-01 20:00:00,20,1,0,2,faible
11,2024-10-01 20:00:00,20,1,0,1,faible
12,2024-10-01 20:00:00,20,1,0,2,faible
13,2024-10-01 20:00:00,20,1,0,4,faible
14,2024-10-01 20:00:00,20,1,0,5,faible
15,2024-10-01 20:00:00,20,1,0,4,faible
16,2024-10-01 20:00:00,20,1,0,9,faible
17,2024-10-01 20:00:00,20,1,0,7,faible
18,2024-10-01 20:00:00,20,1,0,3,faible
19,2024-10-01 20:00:00,20,1,0,10,faible
20,2024-10-01 20:00:00,20,1,0,4,faible
21,2024-10-01 20:00:00,20,1,0,3,faible
22,2024-10-01 20:00:00,20,1,0,3,faible
23,2024-10-01 20:00:00,20,1,0,6,faible
24,2024-10-01 20:00:00,20,1,0,4,faible
25,2024-10-01 20:00:00,20,1,0,6,faible
26,2024-10-01 20:00:00,20,1,0,7,faible
27,2024-10-01 20:00:00,20,1,0,4,faible
28,2024-10-01 20:00:00,20,1,0,4,faible
29,2024-10-01 20:00:00,20,1,0,3,faible
30,2024-10-01 20:00:00,20,1,0,2,faible
31,2024-10-01 20:00:00,20,1,0,2,faible
32,2024-10-01 20:00:00,20,1,0,5,faible
33,2024-10-01 20:00:00,20,1,0,3,faible
34,2024-10-01 20:00:00,20,1,0,4,faible
35,2024-10-01 20:00:00,20,1,0,44,moyen
36,2024-10-01 20:00:00,20,1,0,2,faible
37,2024-10-01 20:00:00,20,1,0,2,faible
38,2024-10-01 20:00:00,20,1,0,19,faible
1,2024-10-01 21:00:00,21,1,0,2,faible
2,2024-10-01 21:00:00,21,1,0,1,faible
3,2024-10-01 21:00:00,21,1,0,0,faible
4,2024-10-01 21:00:00,21,1,0,0,faible
5,2024-10-01 21:00:00,21,1,0,22,faible
6,2024-10-01 21:00:00,21,1,0,37,faible
7,2024-10-01 21:00:00,21,1,0,41,faible
8,2024-10-01 21:00:00,21,1,0,3,faible
9,2024-10-01 21:00:00,21,1,0,3,faible
10,2024-10-01 21:00:00,21,1,0,1,faible
11,2024-10-01 21:00:00,21,1,0,4,faible
12,2024-10-01 21:00:00,21,1,0,1,faible
13,2024-10-01 21:00:00,21,1,0,3,faible
14,2024-10-01 21:00:00,21,1,0,4,faible
15,2024-10-01 21:00:00,21,1,0,11,faible
16,2024-10-01 21:00:00,21,1,0,9,faible
17,2024-10-01 21:00:00,21,1,0,4,faible
18,2024-10-01 21:00:00,21,1,0,8,faible
19,2024-10-01 21:00:00,21,1,0,9,faible
20,2024-10-01 21:00:00,21,1,0,6,faible
21,2024-10-01 21:00:00,21,1,0,3,faible
22,2024-10-01 21:00:00,21,1,0,5,faible
23,2024-10-01 21:00:00,21,1,0,6,faible
24,2024-10-01 21:00:00,21,1,0,8,faible
25,2024-10-01 21:00:00,21,1,0,6,faible
26,2024-10-01 21:00:00,21,1,0,7,faible
27,2024-10-01 21:00:00,21,1,0,5,faible
28,2024-10-01 21:00:00,21,1,0,5,faible
29,2024-10-01 21:00:00,21,1,0,5,faible
30,2024-10-01 21:00:00,21,1,0,5,faible
31,2024-10-01 21:00:00,21,1,0,2,faible
32,2024-10-01 21:00:00,21,1,0,2,faible
33,2024-10-01 21:00:00,21,1,0,3,faible
34,2024-10-01 21:00:00,21,1,0,3,faible
35,2024-10-01 21:00:00,21,1,0,44,moyen
36,2024-10-01 21:00:00,21,1,0,1,faible
37,2024-10-01 21:00:00,21,1,0,1,faible
38,2024-10-01 21:00:00,21,1,0,24,faible
1,2024-10-02 07:00:00,7,2,0,2,faible
2,2024-10-02 07:00:00,7,2,0,3,faible
3,2024-10-02 07:00:00,7,2,0,0,faible
4,2024-10-02 07:00:00,7,2,0,0,faible
5,2024-10-02 07:00:00,7,2,0,29,faible
6,2024-10-02 07:00:00,7,2,0,52,faible
7,2024-10-02 07:00:00,7,2,0,27,faible
8,2024-10-02 07:00:00,7,2,0,4,faible
9,2024-10-02 07:00:00,7,2,0,1,faible
10,2024-10-02 07:00:00,7,2,0,2,faible
11,2024-10-02 07:00:00,7,2,0,2,faible
12,2024-10-02 07:00:00,7,2,0,1,faible
13,2024-10-02 07:00:00,7,2,0,1,faible
14,2024-10-02 07:00:00,7,2,0,5,faible
15,2024-10-02 07:00:00,7,2,0,10,faible
16,2024-10-02 07:00:00,7,2,0,4,faible
17,2024-10-02 07:00:00,7,2,0,5,faible
18,2024-10-02 07:00:00,7,2,0,7,faible
19,2024-10-02 07:00:00,7,2,0,5,faible
20,2024-10-02 07:00:00,7,2,0,8,faible
21,2024-10-02 07:00:00,7,2,0,5,faible
22,2024-10-02 07:00:00,7,2,0,3,faible
23,2024-10-02 07:00:00,7,2,0,4,faible
24,2024-10-02 07:00:00,7,2,0,4,faible
25,2024-10-02 07:00:00,7,2,0,8,faible
26,2024-10-02 07:00:00,7,2,0,4,faible
27,2024-10-02 07:00:00,7,2,0,2,faible
28,2024-10-02 07:00:00,7,2,0,8,faible
29,2024-10-02 07:00:00,7,2,0,2,faible
30,2024-10-02 07:00:00,7,2,0,2,faible
31,2024-10-02 07:00:00,7,2,0,3,faible
32,2024-10-02 07:00:00,7,2,0,2,faible
33,2024-10-02 07:00:00,7,2,0,3,faible
34,2024-10-02 07:00:00,7,2,0,1,faible
35,2024-10-02 07:00:00,7,2,0,23,faible
36,2024-10-02 07:00:00,7,2,0,1,faible
37,2024-10-02 07:00:00,7,2,0,2,faible
38,2024-10-02 07:00:00,7,2,0,23,faible
1,2024-10-02 08:00:00,8,2,1,7,faible
2,2024-10-02 08:00:00,8,2,1,7,faible
3,2024-10-02 08:00:00,8,2,1,6,moyen
4,2024-10-02 08:00:00,8,2,1,0,faible
5,2024-10-02 08:00:00,8,2,1,51,moyen
6,2024-10-02 08:00:00,8,2,1,97,moyen
7,2024-10-02 08:00:00,8,2,1,71,moyen
8,2024-10-02 08:00:00,8,2,1,2,faible
9,2024-10-02 08:00:00,8,2,1,5,faible
10,2024-10-02 08:00:00,8,2,1,3,faible
11,2024-10-02 08:00:00,8,2,0,3,faible
12,2024-10-02 08:00:00,8,2,1,2,faible
13,2024-10-02 08:00:00,8,2,1,3,faible
14,2024-10-02 08:00:00,8,2,1,5,faible
15,2024-10-02 08:00:00,8,2,1,5,faible
16,2024-10-02 08:00:00,8,2,1,5,faible
17,2024-10-02 08:00:00,8,2,1,6,faible
18,2024-10-02 08:00:00,8,2,1,6,faible
19,2024-10-02 08:00:00,8,2,0,6,faible
20,2024-10-02 08:00:00,8,2,1,7,faible
21,2024-10-02 08:00:00,8,2,1,3,faible
22,2024-10-02 08:00:00,8,2,0,2,faible
23,2024-10-02 08:00:00,8,2,1,4,faible
24,2024-10-02 08:00:00,8,2,1,4,faible
25,2024-10-02 08:00:00,8,2,1,6,faible
26,2024-10-02 08:00:00,8,2,1,6,faible
27,2024-10-02 08:00:00,8,2,1,3,faible
28,2024-10-02 08:00:00,8,2,0,8,faible
29,2024-10-02 08:00:00,8,2,0,5,faible
30,2024-10-02 08:00:00,8,2,1,5,faible
31,2024-10-02 08:00:00,8,2,1,2,faible
32,2024-10-02 08:00:00,8,2,0,1,faible
33,2024-10-02 08:00:00,8,2,0,2,faible
34,2024-10-02 08:00:00,8,2,1,2,faible
35,2024-10-02 08:00:00,8,2,0,17,faible
36,2024-10-02 08:00:00,8,2,1,1,faible
37,2024-10-02 08:00:00,8,2,0,2,faible
38,2024-10-02 08:00:00,8,2,1,43,moyen
1,2024-10-02 09:00:00,9,2,1,11,moyen
2,2024-10-02 09:00:00,9,2,1,7,faible
3,2024-10-02 09:00:00,9,2,1,4,faible
4,2024-10-02 09:00:00,9,2,1,1,faible
5,2024-10-02 09:00:00,9,2,1,60,moyen
6,2024-10-02 09:00:00,9,2,1,96,moyen
7,2024-10-02 09:00:00,9,2,1,82,moyen
8,2024-10-02 09:00:00,9,2,1,16,eleve
9,2024-10-02 09:00:00,9,2,1,15,moyen
10,2024-10-02 09:00:00,9,2,0,11,moyen
11,2024-10-02 09:00:00,9,2,1,10,moyen
12,2024-10-02 09:00:00,9,2,1,8,moyen
13,2024-10-02 09:00:00,9,2,1,9,moyen
14,2024-10-02 09:00:00,9,2,1,22,moyen
15,2024-10-02 09:00:00,9,2,1,25,moyen
16,2024-10-02 09:00:00,9,2,1,21,moyen
17,2024-10-02 09:00:00,9,2,0,19,moyen
18,2024-10-02 09:00:00,9,2,1,17,moyen
19,2024-10-02 09:00:00,9,2,1,23,moyen
20,2024-10-02 09:00:00,9,2,0,15,moyen
21,2024-10-02 09:00:00,9,2,0,14,moyen
22,2024-10-02 09:00:00,9,2,1,14,moyen
23,2024-10-02 09:00:00,9,2,1,11,moyen
24,2024-10-02 09:00:00,9,2,1,17,moyen
25,2024-10-02 09:00:00,9,2,1,21,moyen
26,2024-10-02 09:00:00,9,2,1,18,moyen
27,2024-10-02 09:00:00,9,2,1,15,moyen
28,2024-10-02 09:00:00,9,2,1,19,moyen
29,2024-10-02 09:00:00,9,2,1,15,moyen
30,2024-10-02 09:00:00,9,2,1,12,moyen
31,2024-10-02 09:00:00,9,2,0,11,moyen
32,2024-10-02 09:00:00,9,2,1,9,moyen
33,2024-10-02 09:00:00,9,2,0,9,moyen
34,2024-10-02 09:00:00,9,2,1,10,moyen
35,2024-10-02 09:00:00,9,2,1,16,faible
36,2024-10-02 09:00:00,9,2,1,8,moyen
37,2024-10-02 09:00:00,9,2,1,7,moyen
38,2024-10-02 09:00:00,9,2,1,48,moyen
1,2024-10-02 10:00:00,10,2,1,8,faible
2,2024-10-02 10:00:00,10,2,1,7,faible
3,2024-10-02 10:00:00,10,2,1,6,moyen
4,2024-10-02 10:00:00,10,2,1,1,faible
5,2024-10-02 10:00:00,10,2,1,63,moyen
6,2024-10-02 10:00:00,10,2,1,97,moyen
7,2024-10-02 10:00:00,10,2,1,64,moyen
8,2024-10-02 10:00:00,10,2,1,12,moyen
9,2024-10-02 10:00:00,10,2,1,14,moyen
10,2024-10-02 10:00:00,10,2,1,12,moyen
11,2024-10-02 10:00:00,10,2,1,11,moyen
12,2024-10-02 10:00:00,10,2,1,9,moyen
13,2024-10-02 10:00:00,10,2,1,11,moyen
14,2024-10-02 10:00:00,10,2,1,26,moyen
15,2024-10-02 10:00:00,10,2,1,26,moyen
16,2024-10-02 10:00:00,10,2,1,18,moyen
17,2024-10-02 10:00:00,10,2,0,17,moyen
18,2024-10-02 10:00:00,10,2,1,17,moyen
19,2024-10-02 10:00:00,10,2,1,23,moyen
20,2024-10-02 10:00:00,10,2,1,19,moyen
21,2024-10-02 10:00:00,10,2,1,15,moyen
22,2024-10-02 10:00:00,10,2,1,14,moyen
23,2024-10-02 10:00:00,10,2,1,13,moyen
24,2024-10-02 10:00:00,10,2,0,17,moyen
25,2024-10-02 10:00:00,10,2,0,18,moyen
26,2024-10-02 10:00:00,10,2,0,15,moyen
27,2024-10-02 10:00:00,10,2,1,14,moyen
28,2024-10-02 10:00:00,10,2,0,19,moyen
29,2024-10-02 10:00:00,10,2,0,13,moyen
30,2024-10-02 10:00:00,10,2,0,12,moyen
31,2024-10-02 10:00:00,10,2,0,11,moyen
32,2024-10-02 10:00:00,10,2,0,12,moyen
33,2024-10-02 10:00:00,10,2,1,8,moyen
34,2024-10-02 10:00:00,10,2,1,7,moyen
35,2024-10-02 10:00:00,10,2,1,22,faible
36,2024-10-02 10:00:00,10,2,1,8,moyen
37,2024-10-02 10:00:00,10,2,1,7,moyen
38,2024-10-02 10:00:00,10,2,1,47,moyen
1,2024-10-02 11:00:00,11,2,1,6,faible
2,2024-10-02 11:00:00,11,2,1,7,faible
3,2024-10-02 11:00:00,11,2,1,7,moyen
4,2024-10-02 11:00:00,11,2,1,0,faible
5,2024-10-02 11:00:00,11,2,1,67,moyen
6,2024-10-02 11:00:00,11,2,1,85,moyen
7,2024-10-02 11:00:00,11,2,1,86,moyen
8,2024-10-02 11:00:00,11,2,1,11,moyen
9,2024-10-02 11:00:00,11,2,0,13,moyen
10,2024-10-02 11:00:00,11,2,1,11,moyen
11,2024-10-02 11:00:00,11,2,0,10,moyen
12,2024-10-02 11:00:00,11,2,0,8,moyen
13,2024-10-02 11:00:00,11,2,1,11,moyen
14,2024-10-02 11:00:00,11,2,0,24,moyen
15,2024-10-02 11:00:00,11,2,1,25,moyen
16,2024-10-02 11:00:00,11,2,0,16,moyen
17,2024-10-02 11:00:00,11,2,1,18,moyen
18,2024-10-02 11:00:00,11,2,0,20,moyen
19,2024-10-02 11:00:00,11,2,1,18,moyen
20,2024-10-02 11:00:00,11,2,1,16,moyen
21,2024-10-02 11:00:00,11,2,1,16,moyen
22,2024-10-02 11:00:00,11,2,0,14,moyen
23,2024-10-02 11:00:00,11,2,0,14,moyen
24,2024-10-02 11:00:00,11,2,0,17,moyen
25,2024-10-02 11:00:00,11,2,1,18,moyen
26,2024-10-02 11:00:00,11,2,0,15,moyen
27,2024-10-02 11:00:00,11,2,1,14,moyen
28,2024-10-02 11:00:00,11,2,1,16,moyen
29,2024-10-02 11:00:00,11,2,1,14,moyen
30,2024-10-02 11:00:00,11,2,1,15,moyen
31,2024-10-02 11:00:00,11,2,0,10,moyen
32,2024-10-02 11:00:00,11,2,1,10,moyen
33,2024-10-02 11:00:00,11,2,1,7,moyen
34,2024-10-02 11:00:00,11,2,1,10,moyen
35,2024-10-02 11:00:00,11,2,0,19,faible
36,2024-10-02 11:00:00,11,2,1,8,moyen
37,2024-10-02 11:00:00,11,2,1,8,moyen
38,2024-10-02 11:00:00,11,2,1,46,moyen
1,2024-10-02 12:00:00,12,2,1,10,moyen
2,2024-10-02 12:00:00,12,2,1,5,faible
3,2024-10-02 12:00:00,12,2,1,4,faible
4,2024-10-02 12:00:00,12,2,1,0,faible
5,2024-10-02 12:00:00,12,2,1,23,faible
6,2024-10-02 12:00:00,12,2,1,25,faible
7,2024-10-02 12:00:00,12,2,1,37,faible
8,2024-10-02 12:00:00,12,2,1,9,moyen
9,2024-10-02 12:00:00,12,2,1,13,moyen
10,2024-10-02 12:00:00,12,2,0,12,moyen
11,2024-10-02 12:00:00,12,2,1,10,moyen
12,2024-10-02 12:00:00,12,2,0,8,moyen
13,2024-10-02 12:00:00,12,2,0,10,moyen
14,2024-10-02 12:00:00,12,2,1,10,faible
15,2024-10-02 12:00:00,12,2,0,5,faible
16,2024-10-02 12:00:00,12,2,1,5,faible
17,2024-10-02 12:00:00,12,2,1,5,faible
18,2024-10-02 12:00:00,12,2,1,5,faible
19,2024-10-02 12:00:00,12,2,0,10,faible
20,2024-10-02 12:00:00,12,2,1,7,faible
21,2024-10-02 12:00:00,12,2,1,6,faible
22,2024-10-02 12:00:00,12,2,0,3,faible
23,2024-10-02 12:00:00,12,2,0,5,faible
24,2024-10-02 12:00:00,12,2,1,5,faible
25,2024-10-02 12:00:00,12,2,1,4,faible
26,2024-10-02 12:00:00,12,2,0,2,faible
27,2024-10-02 12:00:00,12,2,1,7,faible
28,2024-10-02 12:00:00,12,2,0,7,faible
29,2024-10-02 12:00:00,12,2,0,2,faible
30,2024-10-02 12:00:00,12,2,1,6,faible
31,2024-10-02 12:00:00,12,2,0,2,faible
32,2024-10-02 12:00:00,12,2,0,2,faible
33,2024-10-02 12:00:00,12,2,1,2,faible
34,2024-10-02 12:00:00,12,2,1,3,faible
35,2024-10-02 12:00:00,12,2,1,45,moyen
36,2024-10-02 12:00:00,12,2,1,8,moyen
37,2024-10-02 12:00:00,12,2,0,9,moyen
38,2024-10-02 12:00:00,12,2,1,18,faible
1,2024-10-02 13:00:00,13,2,1,9,moyen
2,2024-10-02 13:00:00,13,2,1,5,faible
3,2024-10-02 13:00:00,13,2,1,7,moyen
4,2024-10-02 13:00:00,13,2,1,0,faible
5,2024-10-02 13:00:00,13,2,0,33,faible
6,2024-10-02 13:00:00,13,2,0,39,faible
7,2024-10-02 13:00:00,13,2,0,19,faible
8,2024-10-02 13:00:00,13,2,1,1,faible
9,2024-10-02 13:00:00,13,2,1,3,faible
10,2024-10-02 13:00:00,13,2,0,1,faible
11,2024-10-02 13:00:00,13,2,0,2,faible
12,2024-10-02 13:00:00,13,2,1,1,faible
13,2024-10-02 13:00:00,13,2,1,2,faible
14,2024-10-02 13:00:00,13,2,1,8,faible
15,2024-10-02 13:00:00,13,2,1,9,faible
16,2024-10-02 13:00:00,13,2,0,4,faible
17,2024-10-02 13:00:00,13,2,1,4,faible
18,2024-10-02 13:00:00,13,2,0,5,faible
19,2024-10-02 13:00:00,13,2,1,10,faible
20,2024-10-02 13:00:00,13,2,1,4,faible
21,2024-10-02 13:00:00,13,2,1,7,faible
22,2024-10-02 13:00:00,13,2,1,5,faible
23,2024-10-02 13:00:00,13,2,1,4,faible
24,2024-10-02 13:00:00,13,2,1,4,faible
25,2024-10-02 13:00:00,13,2,1,6,faible
26,2024-10-02 13:00:00,13,2,1,3,faible
27,2024-10-02 13:00:00,13,2,1,4,faible
28,2024-10-02 13:00:00,13,2,1,4,faible
29,2024-10-02 13:00:00,13,2,1,4,faible
30,2024-10-02 13:00:00,13,2,1,3,faible
31,2024-10-02 13:00:00,13,2,1,5,faible
32,2024-10-02 13:00:00,13,2,1,5,faible
33,2024-10-02 13:00:00,13,2,1,3,faible
34,2024-10-02 13:00:00,13,2,1,4,faible
35,2024-10-02 13:00:00,13,2,0,49,moyen
36,2024-10-02 13:00:00,13,2,1,3,faible
37,2024-10-02 13:00:00,13,2,1,1,faible
38,2024-10-02 13:00:00,13,2,0,17,faible
1,2024-10-02 14:00:00,14,2,1,6,faible
2,2024-10-02 14:00:00,14,2,1,8,moyen
3,2024-10-02 14:00:00,14,2,1,5,faible
4,2024-10-02 14:00:00,14,2,1,0,faible
5,2024-10-02 14:00:00,14,2,0,26,faible
6,2024-10-02 14:00:00,14,2,0,25,faible
7,2024-10-02 14:00:00,14,2,0,35,faible
8,2024-10-02 14:00:00,14,2,1,9,moyen
9,2024-10-02 14:00:00,14,2,1,14,moyen
10,2024-10-02 14:00:00,14,2,1,11,moyen
11,2024-10-02 14:00:00,14,2,1,10,moyen
12,2024-10-02 14:00:00,14,2,1,7,moyen
13,2024-10-02 14:00:00,14,2,0,12,moyen
14,2024-10-02 14:00:00,14,2,1,20,moyen
15,2024-10-02 14:00:00,14,2,0,21,moyen
16,2024-10-02 14:00:00,14,2,0,16,moyen
17,2024-10-02 14:00:00,14,2,1,19,moyen
18,2024-10-02 14:00:00,14,2,1,15,moyen
19,2024-10-02 14:00:00,14,2,1,24,moyen
20,2024-10-02 14:00:00,14,2,1,19,moyen
21,2024-10-02 14:00:00,14,2,0,14,moyen
22,2024-10-02 14:00:00,14,2,1,13,moyen
23,2024-10-02 14:00:00,14,2,1,14,moyen
24,2024-10-02 14:00:00,14,2,1,15,moyen
25,2024-10-02 14:00:00,14,2,0,16,moyen
26,2024-10-02 14:00:00,14,2,0,13,moyen
27,2024-10-02 14:00:00,14,2,0,18,moyen
28,2024-10-02 14:00:00,14,2,1,15,moyen
29,2024-10-02 14:00:00,14,2,1,15,moyen
30,2024-10-02 14:00:00,14,2,1,11,moyen
31,2024-10-02 14:00:00,14,2,1,10,moyen
32,2024-10-02 14:00:00,14,2,0,12,moyen
33,2024-10-02 14:00:00,14,2,1,8,moyen
34,2024-10-02 14:00:00,14,2,1,10,moyen
35,2024-10-02 14:00:00,14,2,1,20,faible
36,2024-10-02 14:00:00,14,2,1,7,moyen
37,2024-10-02 14:00:00,14,2,1,8,moyen
38,2024-10-02 14:00:00,14,2,0,21,faible
1,2024-10-02 15:00:00,15,2,1,10,moyen
2,2024-10-02 15:00:00,15,2,1,7,faible
3,2024-10-02 15:00:00,15,2,1,6,moyen
4,2024-10-02 15:00:00,15,2,1,0,faible
5,2024-10-02 15:00:00,15,2,0,19,faible
6,2024-10-02 15:00:00,15,2,0,46,faible
7,2024-10-02 15:00:00,15,2,0,33,faible
8,2024-10-02 15:00:00,15,2,1,10,moyen
9,2024-10-02 15:00:00,15,2,1,12,moyen
10,2024-10-02 15:00:00,15,2,1,11,moyen
11,2024-10-02 15:00:00,15,2,0,10,moyen
12,2024-10-02 15:00:00,15,2,0,8,moyen
13,2024-10-02 15:00:00,15,2,1,12,moyen
14,2024-10-02 15:00:00,15,2,1,23,moyen
15,2024-10-02 15:00:00,15,2,1,19,moyen
16,2024-10-02 15:00:00,15,2,1,22,moyen
17,2024-10-02 15:00:00,15,2,1,20,moyen
18,2024-10-02 15:00:00,15,2,1,18,moyen
19,2024-10-02 15:00:00,15,2,1,24,moyen
20,2024-10-02 15:00:00,15,2,0,16,moyen
21,2024-10-02 15:00:00,15,2,1,13,moyen
22,2024-10-02 15:00:00,15,2,1,16,moyen
23,2024-10-02 15:00:00,15,2,1,15,moyen
24,2024-10-02 15:00:00,15,2,0,20,moyen
25,2024-10-02 15:00:00,15,2,1,18,moyen
26,2024-10-02 15:00:00,15,2,1,16,moyen
27,2024-10-02 15:00:00,15,2,1,17,moyen
28,2024-10-02 15:00:00,15,2,0,18,moyen
29,2024-10-02 15:00:00,15,2,1,14,moyen
30,2024-10-02 15:00:00,15,2,1,15,moyen
31,2024-10-02 15:00:00,15,2,0,11,moyen
32,2024-10-02 15:00:00,15,2,1,10,moyen
33,2024-10-02 15:00:00,15,2,0,8,moyen
34,2024-10-02 15:00:00,15,2,1,8,moyen
35,2024-10-02 15:00:00,15,2,1,24,moyen
36,2024-10-02 15:00:00,15,2,1,7,moyen
37,2024-10-02 15:00:00,15,2,1,8,moyen
38,2024-10-02 15:00:00,15,2,0,26,faible
1,2024-10-02 16:00:00,16,2,1,8,faible
2,2024-10-02 16:00:00,16,2,1,6,faible
3,2024-10-02 16:00:00,16,2,1,6,moyen
4,2024-10-02 16:00:00,16,2,1,1,faible
5,2024-10-02 16:00:00,16,2,0,24,faible
6,2024-10-02 16:00:00,16,2,0,46,faible
7,2024-10-02 16:00:00,16,2,0,33,faible
8,2024-10-02 16:00:00,16,2,1,10,moyen
9,2024-10-02 16:00:00,16,2,1,12,moyen
10,2024-10-02 16:00:00,16,2,1,10,moyen
11,2024-10-02 16:00:00,16,2,1,9,moyen
12,2024-10-02 16:00:00,16,2,1,9,moyen
13,2024-10-02 16:00:00,16,2,0,12,moyen
14,2024-10-02 16:00:00,16,2,1,20,moyen
15,2024-10-02 16:00:00,16,2,1,25,moyen
16,2024-10-02 16:00:00,16,2,0,22,moyen
17,2024-10-02 16:00:00,16,2,1,20,moyen
18,2024-10-02 16:00:00,16,2,0,14,moyen
19,2024-10-02 16:00:00,16,2,1,20,moyen
20,2024-10-02 16:00:00,16,2,1,17,moyen
21,2024-10-02 16:00:00,16,2,1,16,moyen
22,2024-10-02 16:00:00,16,2,1,16,moyen
23,2024-10-02 16:00:00,16,2,1,15,moyen
24,2024-10-02 16:00:00,16,2,0,20,moyen
25,2024-10-02 16:00:00,16,2,0,17,moyen
26,2024-10-02 16:00:00,16,2,1,16,moyen
27,2024-10-02 16:00:00,16,2,1,16,moyen
28,2024-10-02 16:00:00,16,2,1,15,moyen
29,2024-10-02 16:00:00,16,2,1,12,moyen
30,2024-10-02 16:00:00,16,2,1,15,moyen
31,2024-10-02 16:00:00,16,2,0,10,moyen
32,2024-10-02 16:00:00,16,2,0,12,moyen
33,2024-10-02 16:00:00,16,2,1,8,moyen
34,2024-10-02 16:00:00,16,2,1,10,moyen
35,2024-10-02 16:00:00,16,2,1,19,faible
36,2024-10-02 16:00:00,16,2,0,8,moyen
37,2024-10-02 16:00:00,16,2,0,7,moyen
38,2024-10-02 16:00:00,16,2,0,17,faible
1,2024-10-02 17:00:00,17,2,1,7,faible
2,2024-10-02 17:00:00,17,2,1,8,moyen
3,2024-10-02 17:00:00,17,2,1,5,faible
4,2024-10-02 17:00:00,17,2,1,0,faible
5,2024-10-02 17:00:00,17,2,0,32,faible
6,2024-10-02 17:00:00,17,2,0,50,faible
7,2024-10-02 17:00:00,17,2,0,19,faible
8,2024-10-02 17:00:00,17,2,1,10,moyen
9,2024-10-02 17:00:00,17,2,1,13,moyen
10,2024-10-02 17:00:00,17,2,1,10,moyen
11,2024-10-02 17:00:00,17,2,1,9,moyen
12,2024-10-02 17:00:00,17,2,1,9,moyen
13,2024-10-02 17:00:00,17,2,1,12,moyen
14,2024-10-02 17:00:00,17,2,1,7,faible
15,2024-10-02 17:00:00,17,2,1,5,faible
16,2024-10-02 17:00:00,17,2,1,10,faible
17,2024-10-02 17:00:00,17,2,1,8,faible
18,2024-10-02 17:00:00,17,2,1,5,faible
19,2024-10-02 17:00:00,17,2,1,7,faible
20,2024-10-02 17:00:00,17,2,0,5,faible
21,2024-10-02 17:00:00,17,2,1,7,faible
22,2024-10-02 17:00:00,17,2,1,2,faible
23,2024-10-02 17:00:00,17,2,0,5,faible
24,2024-10-02 17:00:00,17,2,1,4,faible
25,2024-10-02 17:00:00,17,2,1,5,faible
26,2024-10-02 17:00:00,17,2,1,5,faible
27,2024-10-02 17:00:00,17,2,1,3,faible
28,2024-10-02 17:00:00,17,2,1,6,faible
29,2024-10-02 17:00:00,17,2,1,3,faible
30,2024-10-02 17:00:00,17,2,1,6,faible
31,2024-10-02 17:00:00,17,2,1,4,faible
32,2024-10-02 17:00:00,17,2,1,5,faible
33,2024-10-02 17:00:00,17,2,1,2,faible
34,2024-10-02 17:00:00,17,2,1,4,faible
35,2024-10-02 17:00:00,17,2,1,54,moyen
36,2024-10-02 17:00:00,17,2,0,8,moyen
37,2024-10-02 17:00:00,17,2,1,7,moyen
38,2024-10-02 17:00:00,17,2,0,24,faible
1,2024-10-02 18:00:00,18,2,0,1,faible
2,2024-10-02 18:00:00,18,2,0,1,faible
3,2024-10-02 18:00:00,18,2,0,0,faible
4,2024-10-02 18:00:00,18,2,0,0,faible
5,2024-10-02 18:00:00,18,2,0,18,faible
6,2024-10-02 18:00:00,18,2,0,25,faible
7,2024-10-02 18:00:00,18,2,0,27,faible
8,2024-10-02 18:00:00,18,2,1,1,faible
9,2024-10-02 18:00:00,18,2,1,2,faible
10,2024-10-02 18:00:00,18,2,0,2,faible
11,2024-10-02 18:00:00,18,2,0,2,faible
12,2024-10-02 18:00:00,18,2,0,2,faible
13,2024-10-02 18:00:00,18,2,1,1,faible
14,2024-10-02 18:00:00,18,2,1,5,faible
15,2024-10-02 18:00:00,18,2,0,7,faible
16,2024-10-02 18:00:00,18,2,1,7,faible
17,2024-10-02 18:00:00,18,2,1,7,faible
18,2024-10-02 18:00:00,18,2,0,6,faible
19,2024-10-02 18:00:00,18,2,1,11,faible
20,2024-10-02 18:00:00,18,2,1,7,faible
21,2024-10-02 18:00:00,18,2,1,4,faible
22,2024-10-02 18:00:00,18,2,0,6,faible
23,2024-10-02 18:00:00,18,2,0,6,faible
24,2024-10-02 18:00:00,18,2,0,2,faible
25,2024-10-02 18:00:00,18,2,0,6,faible
26,2024-10-02 18:00:00,18,2,1,4,faible
27,2024-10-02 18:00:00,18,2,0,4,faible
28,2024-10-02 18:00:00,18,2,1,4,faible
29,2024-10-02 18:00:00,18,2,0,4,faible
30,2024-10-02 18:00:00,18,2,1,2,faible
31,2024-10-02 18:00:00,18,2,1,3,faible
32,2024-10-02 18:00:00,18,2,1,4,faible
33,2024-10-02 18:00:00,18,2,1,3,faible
34,2024-10-02 18:00:00,18,2,1,2,faible
35,2024-10-02 18:00:00,18,2,1,49,moyen
36,2024-10-02 18:00:00,18,2,1,2,faible
37,2024-10-02 18:00:00,18,2,1,2,faible
38,2024-10-02 18:00:00,18,2,0,16,faible
1,2024-10-02 19:00:00,19,2,0,1,faible
2,2024-10-02 19:00:00,19,2,0,0,faible
3,2024-10-02 19:00:00,19,2,0,1,faible
4,2024-10-02 19:00:00,19,2,0,0,faible
5,2024-10-02 19:00:00,19,2,0,20,faible
6,2024-10-02 19:00:00,19,2,0,54,faible
7,2024-10-02 19:00:00,19,2,0,27,faible
8,2024-10-02 19:00:00,19,2,0,3,faible
9,2024-10-02 19:00:00,19,2,0,5,faible
10,2024-10-02 19:00:00,19,2,0,3,faible
11,2024-10-02 19:00:00,19,2,0,3,faible
12,2024-10-02 19:00:00,19,2,0,1,faible
13,2024-10-02 19:00:00,19,2,0,3,faible
14,2024-10-02 19:00:00,19,2,0,6,faible
15,2024-10-02 19:00:00,19,2,0,6,faible
16,2024-10-02 19:00:00,19,2,0,5,faible
17,2024-10-02 19:00:00,19,2,0,4,faible
18,2024-10-02 19:00:00,19,2,0,6,faible
19,2024-10-02 19:00:00,19,2,0,3,faible
20,2024-10-02 19:00:00,19,2,0,3,faible
21,2024-10-02 19:00:00,19,2,0,4,faible
22,2024-10-02 19:00:00,19,2,0,6,faible
23,2024-10-02 19:00:00,19,2,0,5,faible
24,2024-10-02 19:00:00,19,2,0,8,faible
25,2024-10-02 19:00:00,19,2,0,8,faible
26,2024-10-02 19:00:00,19,2,0,6,faible
27,2024-10-02 19:00:00,19,2,0,3,faible
28,2024-10-02 19:00:00,19,2,0,8,faible
29,2024-10-02 19:00:00,19,2,0,3,faible
30,2024-10-02 19:00:00,19,2,0,4,faible
31,2024-10-02 19:00:00,19,2,0,5,faible
32,2024-10-02 19:00:00,19,2,0,3,faible
33,2024-10-02 19:00:00,19,2,0,4,faible
34,2024-10-02 19:00:00,19,2,0,1,faible
35,2024-10-02 19:00:00,19,2,0,54,moyen
36,2024-10-02 19:00:00,19,2,0,1,faible
37,2024-10-02 19:00:00,19,2,0,1,faible
38,2024-10-02 19:00:00,19,2,0,24,faible
1,2024-10-02 20:00:00,20,2,0,0,faible
2,2024-10-02 20:00:00,20,2,0,1,faible
3,2024-10-02 20:00:00,20,2,0,1,faible
4,2024-10-02 20:00:00,20,2,0,1,faible
5,2024-10-02 20:00:00,20,2,0,26,faible
6,2024-10-02 20:00:00,20,2,0,32,faible
7,2024-10-02 20:00:00,20,2,0,31,faible
8,2024-10-02 20:00:00,20,2,0,1,faible
9,2024-10-02 20:00:00,20,2,0,5,faible
10,2024-10-02 20:00:00,20,2,0,2,faible
11,2024-10-02 20:00:00,20,2,0,1,faible
12,2024-10-02 20:00:00,20,2,0,2,faible
13,2024-10-02 20:00:00,20,2,0,3,faible
14,2024-10-02 20:00:00,20,2,0,5,faible
15,2024-10-02 20:00:00,20,2,0,11,faible
16,2024-10-02 20:00:00,20,2,0,8,faible
17,2024-10-02 20:00:00,20,2,0,3,faible
18,2024-10-02 20:00:00,20,2,0,6,faible
19,2024-10-02 20:00:00,20,2,0,7,faible
20,2024-10-02 20:00:00,20,2,0,4,faible
21,2024-10-02 20:00:00,20,2,0,7,faible
22,2024-10-02 20:00:00,20,2,0,5,faible
23,2024-10-02 20:00:00,20,2,0,3,faible
24,2024-10-02 20:00:00,20,2,0,6,faible
25,2024-10-02 20:00:00,20,2,0,3,faible
26,2024-10-02 20:00:00,20,2,0,3,faible
27,2024-10-02 20:00:00,20,2,0,4,faible
28,2024-10-02 20:00:00,20,2,0,6,faible
29,2024-10-02 20:00:00,20,2,0,5,faible
30,2024-10-02 20:00:00,20,2,0,6,faible
31,2024-10-02 20:00:00,20,2,0,3,faible
32,2024-10-02 20:00:00,20,2,0,4,faible
33,2024-10-02 20:00:00,20,2,0,3,faible
34,2024-10-02 20:00:00,20,2,0,3,faible
35,2024-10-02 20:00:00,20,2,0,50,moyen
36,2024-10-02 20:00:00,20,2,0,2,faible
37,2024-10-02 20:00:00,20,2,0,1,faible
38,2024-10-02 20:00:00,20,2,0,24,faible
1,2024-10-02 21:00:00,21,2,0,1,faible
2,2024-10-02 21:00:00,21,2,0,1,faible
3,2024-10-02 21:00:00,21,2,0,0,faible
4,2024-10-02 21:00:00,21,2,0,1,faible
5,2024-10-02 21:00:00,21,2,0,20,faible
6,2024-10-02 21:00:00,21,2,0,51,faible
7,2024-10-02 21:00:00,21,2,0,21,faible
8,2024-10-02 21:00:00,21,2,0,2,faible
9,2024-10-02 21:00:00,21,2,0,4,faible
10,2024-10-02 21:00:00,21,2,0,3,faible
11,2024-10-02 21:00:00,21,2,0,2,faible
12,2024-10-02 21:00:00,21,2,0,1,faible
13,2024-10-02 21:00:00,21,2,0,3,faible
14,2024-10-02 21:00:00,21,2,0,5,faible
15,2024-10-02 21:00:00,21,2,0,6,faible
16,2024-10-02 21:00:00,21,2,0,4,faible
17,2024-10-02 21:00:00,21,2,0,6,faible
18,2024-10-02 21:00:00,21,2,0,5,faible
19,2024-10-02 21:00:00,21,2,0,4,faible
20,2024-10-02 21:00:00,21,2,0,8,faible
21,2024-10-02 21:00:00,21,2,0,4,faible
22,2024-10-02 21:00:00,21,2,0,7,faible
23,2024-10-02 21:00:00,21,2,0,5,faible
24,2024-10-02 21:00:00,21,2,0,3,faible
25,2024-10-02 21:00:00,21,2,0,3,faible
26,2024-10-02 21:00:00,21,2,0,3,faible
27,2024-10-02 21:00:00,21,2,0,7,faible
28,2024-10-02 21:00:00,21,2,0,6,faible
29,2024-10-02 21:00:00,21,2,0,4,faible
30,2024-10-02 21:00:00,21,2,0,4,faible
31,2024-10-02 21:00:00,21,2,0,2,faible
32,2024-10-02 21:00:00,21,2,0,3,faible
33,2024-10-02 21:00:00,21,2,0,1,faible
34,2024-10-02 21:00:00,21,2,0,2,faible
35,2024-10-02 21:00:00,21,2,0,49,moyen
36,2024-10-02 21:00:00,21,2,0,1,faible
37,2024-10-02 21:00:00,21,2,0,3,faible
38,2024-10-02 21:00:00,21,2,0,17,faible
1,2024-10-03 07:00:00,7,3,0,3,faible
2,2024-10-03 07:00:00,7,3,0,0,faible
3,2024-10-03 07:00:00,7,3,0,0,faible
4,2024-10-03 07:00:00,7,3,0,0,faible
5,2024-10-03 07:00:00,7,3,0,16,faible
6,2024-10-03 07:00:00,7,3,0,31,faible
7,2024-10-03 07:00:00,7,3,0,39,faible
8,2024-10-03 07:00:00,7,3,0,3,faible
9,2024-10-03 07:00:00,7,3,0,1,faible
10,2024-10-03 07:00:00,7,3,0,1,faible
11,2024-10-03 07:00:00,7,3,0,2,faible
12,2024-10-03 07:00:00,7,3,0,1,faible
13,2024-10-03 07:00:00,7,3,0,1,faible
14,2024-10-03 07:00:00,7,3,0,4,faible
15,2024-10-03 07:00:00,7,3,0,8,faible
16,2024-10-03 07:00:00,7,3,0,9,faible
17,2024-10-03 07:00:00,7,3,0,6,faible
18,2024-10-03 07:00:00,7,3,0,5,faible
19,2024-10-03 07:00:00,7,3,0,9,faible
20,2024-10-03 07:00:00,7,3,0,4,faible
21,2024-10-03 07:00:00,7,3,0,7,faible
22,2024-10-03 07:00:00,7,3,0,6,faible
23,2024-10-03 07:00:00,7,3,0,5,faible
24,2024-10-03 07:00:00,7,3,0,3,faible
25,2024-10-03 07:00:00,7,3,0,4,faible
26,2024-10-03 07:00:00,7,3,0,3,faible
27,2024-10-03 07:00:00,7,3,0,5,faible
28,2024-10-03 07:00:00,7,3,0,2,faible
29,2024-10-03 07:00:00,7,3,0,2,faible
30,2024-10-03 07:00:00,7,3,0,6,faible
31,2024-10-03 07:00:00,7,3,0,4,faible
32,2024-10-03 07:00:00,7,3,0,4,faible
33,2024-10-03 07:00:00,7,3,0,1,faible
34,2024-10-03 07:00:00,7,3,0,4,faible
35,2024-10-03 07:00:00,7,3,0,14,faible
36,2024-10-03 07:00:00,7,3,0,1,faible
37,2024-10-03 07:00:00,7,3,0,1,faible
38,2024-10-03 07:00:00,7,3,0,13,faible
1,2024-10-03 08:00:00,8,3,1,7,faible
2,2024-10-03 08:00:00,8,3,1,7,faible
3,2024-10-03 08:00:00,8,3,1,7,moyen
4,2024-10-03 08:00:00,8,3,1,0,faible
5,2024-10-03 08:00:00,8,3,0,68,moyen
6,2024-10-03 08:00:00,8,3,0,102,moyen
7,2024-10-03 08:00:00,8,3,0,81,moyen
8,2024-10-03 08:00:00,8,3,1,2,faible
9,2024-10-03 08:00:00,8,3,0,3,faible
10,2024-10-03 08:00:00,8,3,0,1,faible
11,2024-10-03 08:00:00,8,3,1,3,faible
12,2024-10-03 08:00:00,8,3,1,3,faible
13,2024-10-03 08:00:00,8,3,1,2,faible
14,2024-10-03 08:00:00,8,3,0,7,faible
15,2024-10-03 08:00:00,8,3,1,5,faible
16,2024-10-03 08:00:00,8,3,1,7,faible
17,2024-10-03 08:00:00,8,3,1,9,faible
18,2024-10-03 08:00:00,8,3,0,3,faible
19,2024-10-03 08:00:00,8,3,1,4,faible
20,2024-10-03 08:00:00,8,3,1,3,faible
21,2024-10-03 08:00:00,8,3,1,3,faible
22,2024-10-03 08:00:00,8,3,0,5,faible
23,2024-10-03 08:00:00,8,3,0,5,faible
24,2024-10-03 08:00:00,8,3,0,5,faible
25,2024-10-03 08:00:00,8,3,1,5,faible
26,2024-10-03 08:00:00,8,3,0,3,faible
27,2024-10-03 08:00:00,8,3,0,2,faible
28,2024-10-03 08:00:00,8,3,1,4,faible
29,2024-10-03 08:00:00,8,3,1,2,faible
30,2024-10-03 08:00:00,8,3,1,3,faible
31,2024-10-03 08:00:00,8,3,0,2,faible
32,2024-10-03 08:00:00,8,3,1,2,faible
33,2024-10-03 08:00:00,8,3,1,2,faible
34,2024-10-03 08:00:00,8,3,0,2,faible
35,2024-10-03 08:00:00,8,3,1,19,faible
36,2024-10-03 08:00:00,8,3,1,1,faible
37,2024-10-03 08:00:00,8,3,0,1,faible
38,2024-10-03 08:00:00,8,3,0,45,moyen
1,2024-10-03 09:00:00,9,3,1,9,moyen
2,2024-10-03 09:00:00,9,3,1,7,faible
3,2024-10-03 09:00:00,9,3,1,4,faible
4,2024-10-03 09:00:00,9,3,1,0,faible
5,2024-10-03 09:00:00,9,3,0,56,moyen
6,2024-10-03 09:00:00,9,3,0,84,moyen
7,2024-10-03 09:00:00,9,3,0,84,moyen
8,2024-10-03 09:00:00,9,3,1,16,eleve
9,2024-10-03 09:00:00,9,3,1,15,moyen
10,2024-10-03 09:00:00,9,3,1,10,moyen
11,2024-10-03 09:00:00,9,3,0,9,moyen
12,2024-10-03 09:00:00,9,3,0,8,moyen
13,2024-10-03 09:00:00,9,3,0,9,moyen
14,2024-10-03 09:00:00,9,3,0,24,moyen
15,2024-10-03 09:00:00,9,3,1,21,moyen
16,2024-10-03 09:00:00,9,3,1,20,moyen
17,2024-10-03 09:00:00,9,3,1,23,moyen
18,2024-10-03 09:00:00,9,3,1,19,moyen
19,2024-10-03 09:00:00,9,3,1,20,moyen
20,2024-10-03 09:00:00,9,3,1,16,moyen
21,2024-10-03 09:00:00,9,3,1,15,moyen
22,2024-10-03 09:00:00,9,3,1,17,moyen
23,2024-10-03 09:00:00,9,3,1,15,moyen
24,2024-10-03 09:00:00,9,3,1,17,moyen
25,2024-10-03 09:00:00,9,3,1,15,moyen
26,2024-10-03 09:00:00,9,3,0,14,moyen
27,2024-10-03 09:00:00,9,3,1,13,moyen
28,2024-10-03 09:00:00,9,3,0,15,moyen
29,2024-10-03 09:00:00,9,3,0,13,moyen
30,2024-10-03 09:00:00,9,3,1,14,moyen
31,2024-10-03 09:00:00,9,3,1,11,moyen
32,2024-10-03 09:00:00,9,3,1,12,moyen
33,2024-10-03 09:00:00,9,3,0,7,moyen
34,2024-10-03 09:00:00,9,3,1,7,moyen
35,2024-10-03 09:00:00,9,3,1,25,moyen
36,2024-10-03 09:00:00,9,3,1,7,moyen
37,2024-10-03 09:00:00,9,3,0,8,moyen
38,2024-10-03 09:00:00,9,3,0,51,moyen
1,2024-10-03 10:00:00,10,3,1,7,faible
2,2024-10-03 10:00:00,10,3,1,7,faible
3,2024-10-03 10:00:00,10,3,1,5,faible
4,2024-10-03 10:00:00,10,3,1,0,faible
5,2024-10-03 10:00:00,10,3,0,69,moyen
6,2024-10-03 10:00:00,10,3,0,90,moyen
7,2024-10-03 10:00:00,10,3,0,68,moyen
8,2024-10-03 10:00:00,10,3,1,10,moyen
9,2024-10-03 10:00:00,10,3,1,13,moyen
10,2024-10-03 10:00:00,10,3,1,10,moyen
11,2024-10-03 10:00:00,10,3,1,8,moyen
12,2024-10-03 10:00:00,10,3,0,9,moyen
13,2024-10-03 10:00:00,10,3,0,11,moyen
14,2024-10-03 10:00:00,10,3,1,22,moyen
15,2024-10-03 10:00:00,10,3,0,23,moyen
16,2024-10-03 10:00:00,10,3,0,22,moyen
17,2024-10-03 10:00:00,10,3,0,23,moyen
18,2024-10-03 10:00:00,10,3,1,15,moyen
19,2024-10-03 10:00:00,10,3,1,21,moyen
20,2024-10-03 10:00:00,10,3,1,18,moyen
21,2024-10-03 10:00:00,10,3,1,16,moyen
22,2024-10-03 10:00:00,10,3,1,17,moyen
23,2024-10-03 10:00:00,10,3,1,14,moyen
24,2024-10-03 10:00:00,10,3,1,17,moyen
25,2024-10-03 10:00:00,10,3,1,20,moyen
26,2024-10-03 10:00:00,10,3,0,15,moyen
27,2024-10-03 10:00:00,10,3,1,15,moyen
28,2024-10-03 10:00:00,10,3,1,15,moyen
29,2024-10-03 10:00:00,10,3,1,13,moyen
30,2024-10-03 10:00:00,10,3,1,15,moyen
31,2024-10-03 10:00:00,10,3,1,10,moyen
32,2024-10-03 10:00:00,10,3,0,9,moyen
33,2024-10-03 10:00:00,10,3,1,8,moyen
34,2024-10-03 10:00:00,10,3,0,10,moyen
35,2024-10-03 10:00:00,10,3,1,18,faible
36,2024-10-03 10:00:00,10,3,1,7,moyen
37,2024-10-03 10:00:00,10,3,1,7,moyen
38,2024-10-03 10:00:00,10,3,0,57,moyen
1,2024-10-03 11:00:00,11,3,1,8,faible
2,2024-10-03 11:00:00,11,3,1,8,moyen
3,2024-10-03 11:00:00,11,3,1,4,faible
4,2024-10-03 11:00:00,11,3,1,0,faible
5,2024-10-03 11:00:00,11,3,0,66,moyen
6,2024-10-03 11:00:00,11,3,0,107,moyen
7,2024-10-03 11:00:00,11,3,0,64,moyen
8,2024-10-03 11:00:00,11,3,1,10,moyen
9,2024-10-03 11:00:00,11,3,1,14,moyen
10,2024-10-03 11:00:00,11,3,1,12,moyen
11,2024-10-03 11:00:00,11,3,1,11,moyen
12,2024-10-03 11:00:00,11,3,1,7,moyen
13,2024-10-03 11:00:00,11,3,1,10,moyen
14,2024-10-03 11:00:00,11,3,1,25,moyen
15,2024-10-03 11:00:00,11,3,0,25,moyen
16,2024-10-03 11:00:00,11,3,0,18,moyen
17,2024-10-03 11:00:00,11,3,1,16,moyen
18,2024-10-03 11:00:00,11,3,1,18,moyen
19,2024-10-03 11:00:00,11,3,1,23,moyen
20,2024-10-03 11:00:00,11,3,1,17,moyen
21,2024-10-03 11:00:00,11,3,1,17,moyen
22,2024-10-03 11:00:00,11,3,1,17,moyen
23,2024-10-03 11:00:00,11,3,1,15,moyen
24,2024-10-03 11:00:00,11,3,1,19,moyen
25,2024-10-03 11:00:00,11,3,1,15,moyen
26,2024-10-03 11:00:00,11,3,1,15,moyen
27,2024-10-03 11:00:00,11,3,0,17,moyen
28,2024-10-03 11:00:00,11,3,1,18,moyen
29,2024-10-03 11:00:00,11,3,1,12,moyen
30,2024-10-03 11:00:00,11,3,0,13,moyen
31,2024-10-03 11:00:00,11,3,1,10,moyen
32,2024-10-03 11:00:00,11,3,0,12,moyen
33,2024-10-03 11:00:00,11,3,0,8,moyen
34,2024-10-03 11:00:00,11,3,0,8,moyen
35,2024-10-03 11:00:00,11,3,1,22,faible
36,2024-10-03 11:00:00,11,3,1,8,moyen
37,2024-10-03 11:00:00,11,3,1,9,moyen
38,2024-10-03 11:00:00,11,3,0,53,moyen
1,2024-10-03 12:00:00,12,3,1,8,faible
2,2024-10-03 12:00:00,12,3,1,8,moyen
3,2024-10-03 12:00:00,12,3,1,7,moyen
4,2024-10-03 12:00:00,12,3,1,0,faible
5,2024-10-03 12:00:00,12,3,0,16,faible
6,2024-10-03 12:00:00,12,3,0,45,faible
7,2024-10-03 12:00:00,12,3,0,29,faible
8,2024-10-03 12:00:00,12,3,1,11,moyen
9,2024-10-03 12:00:00,12,3,0,15,moyen
10,2024-10-03 12:00:00,12,3,1,11,moyen
11,2024-10-03 12:00:00,12,3,1,10,moyen
12,2024-10-03 12:00:00,12,3,1,9,moyen
13,2024-10-03 12:00:00,12,3,1,9,moyen
14,2024-10-03 12:00:00,12,3,1,5,faible
15,2024-10-03 12:00:00,12,3,1,8,faible
16,2024-10-03 12:00:00,12,3,1,8,faible
17,2024-10-03 12:00:00,12,3,1,10,faible
18,2024-10-03 12:00:00,12,3,1,3,faible
19,2024-10-03 12:00:00,12,3,1,10,faible
20,2024-10-03 12:00:00,12,3,1,9,faible
21,2024-10-03 12:00:00,12,3,1,3,faible
22,2024-10-03 12:00:00,12,3,1,7,faible
23,2024-10-03 12:00:00,12,3,1,5,faible
24,2024-10-03 12:00:00,12,3,1,7,faible
25,2024-10-03 12:00:00,12,3,1,6,faible
26,2024-10-03 12:00:00,12,3,1,2,faible
27,2024-10-03 12:00:00,12,3,1,4,faible
28,2024-10-03 12:00:00,12,3,1,8,faible
29,2024-10-03 12:00:00,12,3,1,4,faible
30,2024-10-03 12:00:00,12,3,0,3,faible
31,2024-10-03 12:00:00,12,3,0,2,faible
32,2024-10-03 12:00:00,12,3,0,4,faible
33,2024-10-03 12:00:00,12,3,1,2,faible
34,2024-10-03 12:00:00,12,3,1,2,faible
35,2024-10-03 12:00:00,12,3,1,46,moyen
36,2024-10-03 12:00:00,12,3,1,9,moyen
37,2024-10-03 12:00:00,12,3,1,9,moyen
38,2024-10-03 12:00:00,12,3,0,16,faible
1,2024-10-03 13:00:00,13,3,1,9,moyen
2,2024-10-03 13:00:00,13,3,1,6,faible
3,2024-10-03 13:00:00,13,3,1,6,moyen
4,2024-10-03 13:00:00,13,3,1,0,faible
5,2024-10-03 13:00:00,13,3,0,28,faible
6,2024-10-03 13:00:00,13,3,0,29,faible
7,2024-10-03 13:00:00,13,3,0,21,faible
8,2024-10-03 13:00:00,13,3,0,1,faible
9,2024-10-03 13:00:00,13,3,1,2,faible
10,2024-10-03 13:00:00,13,3,1,4,faible
11,2024-10-03 13:00:00,13,3,0,2,faible
12,2024-10-03 13:00:00,13,3,0,2,faible
13,2024-10-03 13:00:00,13,3,1,1,faible
14,2024-10-03 13:00:00,13,3,0,8,faible
15,2024-10-03 13:00:00,13,3,1,6,faible
16,2024-10-03 13:00:00,13,3,0,4,faible
17,2024-10-03 13:00:00,13,3,1,8,faible
18,2024-10-03 13:00:00,13,3,1,4,faible
19,2024-10-03 13:00:00,13,3,0,6,faible
20,2024-10-03 13:00:00,13,3,1,7,faible
21,2024-10-03 13:00:00,13,3,0,5,faible
22,2024-10-03 13:00:00,13,3,1,4,faible
23,2024-10-03 13:00:00,13,3,0,4,faible
24,2024-10-03 13:00:00,13,3,1,3,faible
25,2024-10-03 13:00:00,13,3,1,7,faible
26,2024-10-03 13:00:00,13,3,1,3,faible
27,2024-10-03 13:00:00,13,3,1,3,faible
28,2024-10-03 13:00:00,13,3,1,5,faible
29,2024-10-03 13:00:00,13,3,0,4,faible
30,2024-10-03 13:00:00,13,3,1,3,faible
31,2024-10-03 13:00:00,13,3,0,4,faible
32,2024-10-03 13:00:00,13,3,1,2,faible
33,2024-10-03 13:00:00,13,3,1,1,faible
34,2024-10-03 13:00:00,13,3,1,3,faible
35,2024-10-03 13:00:00,13,3,1,53,moyen
36,2024-10-03 13:00:00,13,3,0,2,faible
37,2024-10-03 13:00:00,13,3,1,2,faible
38,2024-10-03 13:00:00,13,3,0,17,faible
1,2024-10-03 14:00:00,14,3,1,10,moyen
2,2024-10-03 14:00:00,14,3,1,8,moyen
3,2024-10-03 14:00:00,14,3,1,5,faible
4,2024-10-03 14:00:00,14,3,1,1,faible
5,2024-10-03 14:00:00,14,3,0,27,faible
6,2024-10-03 14:00:00,14,3,0,39,faible
7,2024-10-03 14:00:00,14,3,0,29,faible
8,2024-10-03 14:00:00,14,3,0,12,moyen
9,2024-10-03 14:00:00,14,3,0,12,moyen
10,2024-10-03 14:00:00,14,3,1,9,moyen
11,2024-10-03 14:00:00,14,3,1,9,moyen
12,2024-10-03 14:00:00,14,3,1,7,moyen
13,2024-10-03 14:00:00,14,3,0,11,moyen
14,2024-10-03 14:00:00,14,3,1,21,moyen
15,2024-10-03 14:00:00,14,3,0,25,moyen
16,2024-10-03 14:00:00,14,3,0,23,moyen
17,2024-10-03 14:00:00,14,3,1,21,moyen
18,2024-10-03 14:00:00,14,3,0,19,moyen
19,2024-10-03 14:00:00,14,3,1,23,moyen
20,2024-10-03 14:00:00,14,3,1,17,moyen
21,2024-10-03 14:00:00,14,3,1,15,moyen
22,2024-10-03 14:00:00,14,3,0,14,moyen
23,2024-10-03 14:00:00,14,3,1,11,moyen
24,2024-10-03 14:00:00,14,3,1,20,moyen
25,2024-10-03 14:00:00,14,3,1,21,moyen
26,2024-10-03 14:00:00,14,3,1,15,moyen
27,2024-10-03 14:00:00,14,3,1,15,moyen
28,2024-10-03 14:00:00,14,3,1,16,moyen
29,2024-10-03 14:00:00,14,3,0,14,moyen
30,2024-10-03 14:00:00,14,3,0,14,moyen
31,2024-10-03 14:00:00,14,3,0,12,moyen
32,2024-10-03 14:00:00,14,3,1,9,moyen
33,2024-10-03 14:00:00,14,3,1,9,moyen
34,2024-10-03 14:00:00,14,3,1,9,moyen
35,2024-10-03 14:00:00,14,3,0,24,moyen
36,2024-10-03 14:00:00,14,3,0,9,moyen
37,2024-10-03 14:00:00,14,3,1,9,moyen
38,2024-10-03 14:00:00,14,3,0,20,faible
1,2024-10-03 15:00:00,15,3,1,10,moyen
2,2024-10-03 15:00:00,15,3,1,7,faible
3,2024-10-03 15:00:00,15,3,1,6,moyen
4,2024-10-03 15:00:00,15,3,1,1,faible
5,2024-10-03 15:00:00,15,3,0,26,faible
6,2024-10-03 15:00:00,15,3,0,30,faible
7,2024-10-03 15:00:00,15,3,0,21,faible
8,2024-10-03 15:00:00,15,3,1,12,moyen
9,2024-10-03 15:00:00,15,3,1,12,moyen
10,2024-10-03 15:00:00,15,3,0,12,moyen
11,2024-10-03 15:00:00,15,3,1,9,moyen
12,2024-10-03 15:00:00,15,3,0,8,moyen
13,2024-10-03 15:00:00,15,3,1,10,moyen
14,2024-10-03 15:00:00,15,3,0,25,moyen
15,2024-10-03 15:00:00,15,3,0,21,moyen
16,2024-10-03 15:00:00,15,3,1,17,moyen
17,2024-10-03 15:00:00,15,3,1,19,moyen
18,2024-10-03 15:00:00,15,3,0,20,moyen
19,2024-10-03 15:00:00,15,3,1,19,moyen
20,2024-10-03 15:00:00,15,3,1,16,moyen
21,2024-10-03 15:00:00,15,3,0,15,moyen
22,2024-10-03 15:00:00,15,3,1,18,moyen
23,2024-10-03 15:00:00,15,3,1,15,moyen
24,2024-10-03 15:00:00,15,3,1,16,moyen
25,2024-10-03 15:00:00,15,3,0,19,moyen
26,2024-10-03 15:00:00,15,3,1,16,moyen
27,2024-10-03 15:00:00,15,3,1,12,moyen
28,2024-10-03 15:00:00,15,3,1,15,moyen
29,2024-10-03 15:00:00,15,3,0,14,moyen
30,2024-10-03 15:00:00,15,3,1,12,moyen
31,2024-10-03 15:00:00,15,3,1,12,moyen
32,2024-10-03 15:00:00,15,3,1,12,moyen
33,2024-10-03 15:00:00,15,3,1,8,moyen
34,2024-10-03 15:00:00,15,3,0,9,moyen
35,2024-10-03 15:00:00,15,3,1,14,faible
36,2024-10-03 15:00:00,15,3,1,9,moyen
37,2024-10-03 15:00:00,15,3,0,9,moyen
38,2024-10-03 15:00:00,15,3,0,21,faible
1,2024-10-03 16:00:00,16,3,1,10,moyen
2,2024-10-03 16:00:00,16,3,1,5,faible
3,2024-10-03 16:00:00,16,3,1,5,faible
4,2024-10-03 16:00:00,16,3,1,0,faible
5,2024-10-03 16:00:00,16,3,0,19,faible
6,2024-10-03 16:00:00,16,3,0,48,faible
7,2024-10-03 16:00:00,16,3,0,20,faible
8,2024-10-03 16:00:00,16,3,1,9,moyen
9,2024-10-03 16:00:00,16,3,1,12,moyen
10,2024-10-03 16:00:00,16,3,1,10,moyen
11,2024-10-03 16:00:00,16,3,0,9,moyen
12,2024-10-03 16:00:00,16,3,1,8,moyen
13,2024-10-03 16:00:00,16,3,0,11,moyen
14,2024-10-03 16:00:00,16,3,1,24,moyen
15,2024-10-03 16:00:00,16,3,0,20,moyen
16,2024-10-03 16:00:00,16,3,1,21,moyen
17,2024-10-03 16:00:00,16,3,1,19,moyen
18,2024-10-03 16:00:00,16,3,1,15,moyen
19,2024-10-03 16:00:00,16,3,1,26,moyen
20,2024-10-03 16:00:00,16,3,1,15,moyen
21,2024-10-03 16:00:00,16,3,1,16,moyen
22,2024-10-03 16:00:00,16,3,1,16,moyen
23,2024-10-03 16:00:00,16,3,1,14,moyen
24,2024-10-03 16:00:00,16,3,1,19,moyen
25,2024-10-03 16:00:00,16,3,1,18,moyen
26,2024-10-03 16:00:00,16,3,1,13,moyen
27,2024-10-03 16:00:00,16,3,0,16,moyen
28,2024-10-03 16:00:00,16,3,1,20,moyen
29,2024-10-03 16:00:00,16,3,0,14,moyen
30,2024-10-03 16:00:00,16,3,1,12,moyen
31,2024-10-03 16:00:00,16,3,0,12,moyen
32,2024-10-03 16:00:00,16,3,0,9,moyen
33,2024-10-03 16:00:00,16,3,0,7,moyen
34,2024-10-03 16:00:00,16,3,1,10,moyen
35,2024-10-03 16:00:00,16,3,1,22,faible
36,2024-10-03 16:00:00,16,3,0,8,moyen
37,2024-10-03 16:00:00,16,3,1,7,moyen
38,2024-10-03 16:00:00,16,3,0,18,faible
1,2024-10-03 17:00:00,17,3,1,7,faible
2,2024-10-03 17:00:00,17,3,1,9,moyen
3,2024-10-03 17:00:00,17,3,1,7,moyen
4,2024-10-03 17:00:00,17,3,1,1,faible
5,2024-10-03 17:00:00,17,3,0,14,faible
6,2024-10-03 17:00:00,17,3,0,38,faible
7,2024-10-03 17:00:00,17,3,0,39,faible
8,2024-10-03 17:00:00,17,3,1,9,moyen
9,2024-10-03 17:00:00,17,3,1,13,moyen
10,2024-10-03 17:00:00,17,3,1,10,moyen
11,2024-10-03 17:00:00,17,3,1,9,moyen
12,2024-10-03 17:00:00,17,3,1,7,moyen
13,2024-10-03 17:00:00,17,3,0,10,moyen
14,2024-10-03 17:00:00,17,3,1,7,faible
15,2024-10-03 17:00:00,17,3,1,11,faible
16,2024-10-03 17:00:00,17,3,1,4,faible
17,2024-10-03 17:00:00,17,3,1,9,faible
18,2024-10-03 17:00:00,17,3,0,6,faible
19,2024-10-03 17:00:00,17,3,1,6,faible
20,2024-10-03 17:00:00,17,3,1,7,faible
21,2024-10-03 17:00:00,17,3,1,8,faible
22,2024-10-03 17:00:00,17,3,0,3,faible
23,2024-10-03 17:00:00,17,3,1,2,faible
24,2024-10-03 17:00:00,17,3,0,8,faible
25,2024-10-03 17:00:00,17,3,1,3,faible
26,2024-10-03 17:00:00,17,3,0,3,faible
27,2024-10-03 17:00:00,17,3,1,4,faible
28,2024-10-03 17:00:00,17,3,1,7,faible
29,2024-10-03 17:00:00,17,3,0,3,faible
30,2024-10-03 17:00:00,17,3,1,3,faible
31,2024-10-03 17:00:00,17,3,0,1,faible
32,2024-10-03 17:00:00,17,3,1,5,faible
33,2024-10-03 17:00:00,17,3,1,4,faible
34,2024-10-03 17:00:00,17,3,1,4,faible
35,2024-10-03 17:00:00,17,3,0,42,moyen
36,2024-10-03 17:00:00,17,3,0,8,moyen
37,2024-10-03 17:00:00,17,3,0,7,moyen
38,2024-10-03 17:00:00,17,3,0,25,faible
1,2024-10-03 18:00:00,18,3,0,2,faible
2,2024-10-03 18:00:00,18,3,0,0,faible
3,2024-10-03 18:00:00,18,3,0,0,faible
4,2024-10-03 18:00:00,18,3,0,0,faible
5,2024-10-03 18:00:00,18,3,0,29,faible
6,2024-10-03 18:00:00,18,3,0,50,faible
7,2024-10-03 18:00:00,18,3,0,29,faible
8,2024-10-03 18:00:00,18,3,1,1,faible
9,2024-10-03 18:00:00,18,3,1,4,faible
10,2024-10-03 18:00:00,18,3,1,3,faible
11,2024-10-03 18:00:00,18,3,1,3,faible
12,2024-10-03 18:00:00,18,3,1,2,faible
13,2024-10-03 18:00:00,18,3,1,4,faible
14,2024-10-03 18:00:00,18,3,1,6,faible
15,2024-10-03 18:00:00,18,3,1,3,faible
16,2024-10-03 18:00:00,18,3,1,9,faible
17,2024-10-03 18:00:00,18,3,0,6,faible
18,2024-10-03 18:00:00,18,3,1,3,faible
19,2024-10-03 18:00:00,18,3,0,4,faible
20,2024-10-03 18:00:00,18,3,0,7,faible
21,2024-10-03 18:00:00,18,3,1,7,faible
22,2024-10-03 18:00:00,18,3,1,7,faible
23,2024-10-03 18:00:00,18,3,1,2,faible
24,2024-10-03 18:00:00,18,3,1,8,faible
25,2024-10-03 18:00:00,18,3,1,7,faible
26,2024-10-03 18:00:00,18,3,0,7,faible
27,2024-10-03 18:00:00,18,3,1,5,faible
28,2024-10-03 18:00:00,18,3,0,5,faible
29,2024-10-03 18:00:00,18,3,1,3,faible
30,2024-10-03 18:00:00,18,3,1,4,faible
31,2024-10-03 18:00:00,18,3,1,5,faible
32,2024-10-03 18:00:00,18,3,0,2,faible
33,2024-10-03 18:00:00,18,3,1,4,faible
34,2024-10-03 18:00:00,18,3,1,3,faible
35,2024-10-03 18:00:00,18,3,1,50,moyen
36,2024-10-03 18:00:00,18,3,0,1,faible
37,2024-10-03 18:00:00,18,3,0,2,faible
38,2024-10-03 18:00:00,18,3,0,20,faible
1,2024-10-03 19:00:00,19,3,0,2,faible
2,2024-10-03 19:00:00,19,3,0,1,faible
3,2024-10-03 19:00:00,19,3,0,0,faible
4,2024-10-03 19:00:00,19,3,0,0,faible
5,2024-10-03 19:00:00,19,3,0,18,faible
6,2024-10-03 19:00:00,19,3,0,45,faible
7,2024-10-03 19:00:00,19,3,0,21,faible
8,2024-10-03 19:00:00,19,3,0,4,faible
9,2024-10-03 19:00:00,19,3,0,3,faible
10,2024-10-03 19:00:00,19,3,0,2,faible
11,2024-10-03 19:00:00,19,3,0,1,faible
12,2024-10-03 19:00:00,19,3,0,3,faible
13,2024-10-03 19:00:00,19,3,0,3,faible
14,2024-10-03 19:00:00,19,3,0,3,faible
15,2024-10-03 19:00:00,19,3,0,4,faible
16,2024-10-03 19:00:00,19,3,0,9,faible
17,2024-10-03 19:00:00,19,3,0,5,faible
18,2024-10-03 19:00:00,19,3,0,8,faible
19,2024-10-03 19:00:00,19,3,0,9,faible
20,2024-10-03 19:00:00,19,3,0,4,faible
21,2024-10-03 19:00:00,19,3,0,5,faible
22,2024-10-03 19:00:00,19,3,0,5,faible
23,2024-10-03 19:00:00,19,3,0,4,faible
24,2024-10-03 19:00:00,19,3,0,3,faible
25,2024-10-03 19:00:00,19,3,0,3,faible
26,2024-10-03 19:00:00,19,3,0,4,faible
27,2024-10-03 19:00:00,19,3,0,5,faible
28,2024-10-03 19:00:00,19,3,0,3,faible
29,2024-10-03 19:00:00,19,3,0,2,faible
30,2024-10-03 19:00:00,19,3,0,3,faible
31,2024-10-03 19:00:00,19,3,0,2,faible
32,2024-10-03 19:00:00,19,3,0,4,faible
33,2024-10-03 19:00:00,19,3,0,3,faible
34,2024-10-03 19:00:00,19,3,0,2,faible
35,2024-10-03 19:00:00,19,3,0,52,moyen
36,2024-10-03 19:00:00,19,3,0,3,faible
37,2024-10-03 19:00:00,19,3,0,3,faible
38,2024-10-03 19:00:00,19,3,0,12,faible
1,2024-10-03 20:00:00,20,3,0,1,faible
2,2024-10-03 20:00:00,20,3,0,0,faible
3,2024-10-03 20:00:00,20,3,0,1,faible
4,2024-10-03 20:00:00,20,3,0,1,faible
5,2024-10-03 20:00:00,20,3,0,31,faible
6,2024-10-03 20:00:00,20,3,0,42,faible
7,2024-10-03 20:00:00,20,3,0,33,faible
8,2024-10-03 20:00:00,20,3,0,3,faible
9,2024-10-03 20:00:00,20,3,0,4,faible
10,2024-10-03 20:00:00,20,3,0,2,faible
11,2024-10-03 20:00:00,20,3,0,3,faible
12,2024-10-03 20:00:00,20,3,0,2,faible
13,2024-10-03 20:00:00,20,3,0,3,faible
14,2024-10-03 20:00:00,20,3,0,9,faible
15,2024-10-03 20:00:00,20,3,0,6,faible
16,2024-10-03 20:00:00,20,3,0,8,faible
17,2024-10-03 20:00:00,20,3,0,4,faible
18,2024-10-03 20:00:00,20,3,0,8,faible
19,2024-10-03 20:00:00,20,3,0,9,faible
20,2024-10-03 20:00:00,20,3,0,8,faible
21,2024-10-03 20:00:00,20,3,0,4,faible
22,2024-10-03 20:00:00,20,3,0,5,faible
23,2024-10-03 20:00:00,20,3,0,6,faible
24,2024-10-03 20:00:00,20,3,0,6,faible
25,2024-10-03 20:00:00,20,3,0,7,faible
26,2024-10-03 20:00:00,20,3,0,4,faible
27,2024-10-03 20:00:00,20,3,0,3,faible
28,2024-10-03 20:00:00,20,3,0,8,faible
29,2024-10-03 20:00:00,20,3,0,4,faible
30,2024-10-03 20:00:00,20,3,0,3,faible
31,2024-10-03 20:00:00,20,3,0,2,faible
32,2024-10-03 20:00:00,20,3,0,5,faible
33,2024-10-03 20:00:00,20,3,0,2,faible
34,2024-10-03 20:00:00,20,3,0,1,faible
35,2024-10-03 20:00:00,20,3,0,45,moyen
36,2024-10-03 20:00:00,20,3,0,1,faible
37,2024-10-03 20:00:00,20,3,0,1,faible
38,2024-10-03 20:00:00,20,3,0,21,faible
1,2024-10-03 21:00:00,21,3,0,0,faible
2,2024-10-03 21:00:00,21,3,0,2,faible
3,2024-10-03 21:00:00,21,3,0,0,faible
4,2024-10-03 21:00:00,21,3,0,0,faible
5,2024-10-03 21:00:00,21,3,0,32,faible
6,2024-10-03 21:00:00,21,3,0,27,faible
7,2024-10-03 21:00:00,21,3,0,32,faible
8,2024-10-03 21:00:00,21,3,0,2,faible
9,2024-10-03 21:00:00,21,3,0,3,faible
10,2024-10-03 21:00:00,21,3,0,3,faible
11,2024-10-03 21:00:00,21,3,0,4,faible
12,2024-10-03 21:00:00,21,3,0,2,faible
13,2024-10-03 21:00:00,21,3,0,2,faible
14,2024-10-03 21:00:00,21,3,0,6,faible
15,2024-10-03 21:00:00,21,3,0,6,faible
16,2024-10-03 21:00:00,21,3,0,7,faible
17,2024-10-03 21:00:00,21,3,0,9,faible
18,2024-10-03 21:00:00,21,3,0,4,faible
19,2024-10-03 21:00:00,21,3,0,3,faible
20,2024-10-03 21:00:00,21,3,0,3,faible
21,2024-10-03 21:00:00,21,3,0,3,faible
22,2024-10-03 21:00:00,21,3,0,7,faible
23,2024-10-03 21:00:00,21,3,0,6,faible
24,2024-10-03 21:00:00,21,3,0,3,faible
25,2024-10-03 21:00:00,21,3,0,4,faible
26,2024-10-03 21:00:00,21,3,0,4,faible
27,2024-10-03 21:00:00,21,3,0,6,faible
28,2024-10-03 21:00:00,21,3,0,8,faible
29,2024-10-03 21:00:00,21,3,0,5,faible
30,2024-10-03 21:00:00,21,3,0,4,faible
31,2024-10-03 21:00:00,21,3,0,5,faible
32,2024-10-03 21:00:00,21,3,0,1,faible
33,2024-10-03 21:00:00,21,3,0,3,faible
34,2024-10-03 21:00:00,21,3,0,4,faible
35,2024-10-03 21:00:00,21,3,0,52,moyen
36,2024-10-03 21:00:00,21,3,0,1,faible
37,2024-10-03 21:00:00,21,3,0,2,faible
38,2024-10-03 21:00:00,21,3,0,20,faible
1,2024-10-04 07:00:00,7,4,0,0,faible
2,2024-10-04 07:00:00,7,4,0,0,faible
3,2024-10-04 07:00:00,7,4,0,0,faible
4,2024-10-04 07:00:00,7,4,0,0,faible
5,2024-10-04 07:00:00,7,4,0,24,faible
6,2024-10-04 07:00:00,7,4,0,43,faible
7,2024-10-04 07:00:00,7,4,0,35,faible
8,2024-10-04 07:00:00,7,4,0,3,faible
9,2024-10-04 07:00:00,7,4,0,3,faible
10,2024-10-04 07:00:00,7,4,0,4,faible
11,2024-10-04 07:00:00,7,4,0,3,faible
12,2024-10-04 07:00:00,7,4,0,2,faible
13,2024-10-04 07:00:00,7,4,0,4,faible
14,2024-10-04 07:00:00,7,4,0,6,faible
15,2024-10-04 07:00:00,7,4,0,4,faible
16,2024-10-04 07:00:00,7,4,0,9,faible
17,2024-10-04 07:00:00,7,4,0,3,faible
18,2024-10-04 07:00:00,7,4,0,3,faible
19,2024-10-04 07:00:00,7,4,0,9,faible
20,2024-10-04 07:00:00,7,4,0,8,faible
21,2024-10-04 07:00:00,7,4,0,4,faible
22,2024-10-04 07:00:00,7,4,0,6,faible
23,2024-10-04 07:00:00,7,4,0,4,faible
24,2024-10-04 07:00:00,7,4,0,8,faible
25,2024-10-04 07:00:00,7,4,0,3,faible
26,2024-10-04 07:00:00,7,4,0,4,faible
27,2024-10-04 07:00:00,7,4,0,7,faible
28,2024-10-04 07:00:00,7,4,0,4,faible
29,2024-10-04 07:00:00,7,4,0,6,faible
30,2024-10-04 07:00:00,7,4,0,2,faible
31,2024-10-04 07:00:00,7,4,0,1,faible
32,2024-10-04 07:00:00,7,4,0,3,faible
33,2024-10-04 07:00:00,7,4,0,2,faible
34,2024-10-04 07:00:00,7,4,0,4,faible
35,2024-10-04 07:00:00,7,4,0,14,faible
36,2024-10-04 07:00:00,7,4,0,2,faible
37,2024-10-04 07:00:00,7,4,0,2,faible
38,2024-10-04 07:00:00,7,4,0,24,faible
1,2024-10-04 08:00:00,8,4,1,9,moyen
2,2024-10-04 08:00:00,8,4,1,6,faible
3,2024-10-04 08:00:00,8,4,1,7,moyen
4,2024-10-04 08:00:00,8,4,1,0,faible
5,2024-10-04 08:00:00,8,4,1,66,moyen
6,2024-10-04 08:00:00,8,4,1,101,moyen
7,2024-10-04 08:00:00,8,4,1,75,moyen
8,2024-10-04 08:00:00,8,4,1,1,faible
9,2024-10-04 08:00:00,8,4,1,2,faible
10,2024-10-04 08:00:00,8,4,1,3,faible
11,2024-10-04 08:00:00,8,4,0,3,faible
12,2024-10-04 08:00:00,8,4,1,2,faible
13,2024-10-04 08:00:00,8,4,0,3,faible
14,2024-10-04 08:00:00,8,4,0,4,faible
15,2024-10-04 08:00:00,8,4,1,7,faible
16,2024-10-04 08:00:00,8,4,1,3,faible
17,2024-10-04 08:00:00,8,4,1,6,faible
18,2024-10-04 08:00:00,8,4,0,7,faible
19,2024-10-04 08:00:00,8,4,0,9,faible
20,2024-10-04 08:00:00,8,4,1,6,faible
21,2024-10-04 08:00:00,8,4,0,7,faible
22,2024-10-04 08:00:00,8,4,1,6,faible
23,2024-10-04 08:00:00,8,4,1,3,faible
24,2024-10-04 08:00:00,8,4,0,7,faible
25,2024-10-04 08:00:00,8,4,1,7,faible
26,2024-10-04 08:00:00,8,4,0,3,faible
27,2024-10-04 08:00:00,8,4,1,4,faible
28,2024-10-04 08:00:00,8,4,0,7,faible
29,2024-10-04 08:00:00,8,4,0,3,faible
30,2024-10-04 08:00:00,8,4,0,5,faible
31,2024-10-04 08:00:00,8,4,1,2,faible
32,2024-10-04 08:00:00,8,4,1,3,faible
33,2024-10-04 08:00:00,8,4,0,3,faible
34,2024-10-04 08:00:00,8,4,1,3,faible
35,2024-10-04 08:00:00,8,4,1,26,moyen
36,2024-10-04 08:00:00,8,4,0,1,faible
37,2024-10-04 08:00:00,8,4,1,3,faible
38,2024-10-04 08:00:00,8,4,1,55,moyen
1,2024-10-04 09:00:00,9,4,1,9,moyen
2,2024-10-04 09:00:00,9,4,1,6,faible
3,2024-10-04 09:00:00,9,4,1,4,faible
4,2024-10-04 09:00:00,9,4,1,0,faible
5,2024-10-04 09:00:00,9,4,1,65,moyen
6,2024-10-04 09:00:00,9,4,1,106,moyen
7,2024-10-04 09:00:00,9,4,1,82,moyen
8,2024-10-04 09:00:00,9,4,1,17,eleve
9,2024-10-04 09:00:00,9,4,1,15,moyen
10,2024-10-04 09:00:00,9,4,1,11,moyen
11,2024-10-04 09:00:00,9,4,1,10,moyen
12,2024-10-04 09:00:00,9,4,1,8,moyen
13,2024-10-04 09:00:00,9,4,0,10,moyen
14,2024-10-04 09:00:00,9,4,1,22,moyen
15,2024-10-04 09:00:00,9,4,1,19,moyen
16,2024-10-04 09:00:00,9,4,0,21,moyen
17,2024-10-04 09:00:00,9,4,0,23,moyen
18,2024-10-04 09:00:00,9,4,1,17,moyen
19,2024-10-04 09:00:00,9,4,0,19,moyen
20,2024-10-04 09:00:00,9,4,0,17,moyen
21,2024-10-04 09:00:00,9,4,1,14,moyen
22,2024-10-04 09:00:00,9,4,1,14,moyen
23,2024-10-04 09:00:00,9,4,1,13,moyen
24,2024-10-04 09:00:00,9,4,1,20,moyen
25,2024-10-04 09:00:00,9,4,1,19,moyen
26,2024-10-04 09:00:00,9,4,0,14,moyen
27,2024-10-04 09:00:00,9,4,1,16,moyen
28,2024-10-04 09:00:00,9,4,1,17,moyen
29,2024-10-04 09:00:00,9,4,1,14,moyen
30,2024-10-04 09:00:00,9,4,0,14,moyen
31,2024-10-04 09:00:00,9,4,1,11,moyen
32,2024-10-04 09:00:00,9,4,1,10,moyen
33,2024-10-04 09:00:00,9,4,1,8,moyen
34,2024-10-04 09:00:00,9,4,1,8,moyen
35,2024-10-04 09:00:00,9,4,1,23,faible
36,2024-10-04 09:00:00,9,4,1,7,moyen
37,2024-10-04 09:00:00,9,4,0,8,moyen
38,2024-10-04 09:00:00,9,4,1,56,moyen
1,2024-10-04 10:00:00,10,4,1,10,moyen
2,2024-10-04 10:00:00,10,4,1,7,faible
3,2024-10-04 10:00:00,10,4,1,6,moyen
4,2024-10-04 10:00:00,10,4,1,0,faible
5,2024-10-04 10:00:00,10,4,1,59,moyen
6,2024-10-04 10:00:00,10,4,1,105,moyen
7,2024-10-04 10:00:00,10,4,1,70,moyen
8,2024-10-04 10:00:00,10,4,1,9,moyen
9,2024-10-04 10:00:00,10,4,1,13,moyen
10,2024-10-04 10:00:00,10,4,0,12,moyen
11,2024-10-04 10:00:00,10,4,1,11,moyen
12,2024-10-04 10:00:00,10,4,0,9,moyen
13,2024-10-04 10:00:00,10,4,1,10,moyen
14,2024-10-04 10:00:00,10,4,0,23,moyen
15,2024-10-04 10:00:00,10,4,1,23,moyen
16,2024-10-04 10:00:00,10,4,1,21,moyen
17,2024-10-04 10:00:00,10,4,0,19,moyen
18,2024-10-04 10:00:00,10,4,0,16,moyen
19,2024-10-04 10:00:00,10,4,0,24,moyen
20,2024-10-04 10:00:00,10,4,1,19,moyen
21,2024-10-04 10:00:00,10,4,1,16,moyen
22,2024-10-04 10:00:00,10,4,1,15,moyen
23,2024-10-04 10:00:00,10,4,1,13,moyen
24,2024-10-04 10:00:00,10,4,1,21,moyen
25,2024-10-04 10:00:00,10,4,1,20,moyen
26,2024-10-04 10:00:00,10,4,0,17,moyen
27,2024-10-04 10:00:00,10,4,0,18,moyen
28,2024-10-04 10:00:00,10,4,1,20,moyen
29,2024-10-04 10:00:00,10,4,0,13,moyen
30,2024-10-04 10:00:00,10,4,1,14,moyen
31,2024-10-04 10:00:00,10,4,1,9,moyen
32,2024-10-04 10:00:00,10,4,1,10,moyen
33,2024-10-04 10:00:00,10,4,0,7,moyen
34,2024-10-04 10:00:00,10,4,1,7,moyen
35,2024-10-04 10:00:00,10,4,1,22,faible
36,2024-10-04 10:00:00,10,4,1,8,moyen
37,2024-10-04 10:00:00,10,4,0,9,moyen
38,2024-10-04 10:00:00,10,4,1,57,moyen
1,2024-10-04 11:00:00,11,4,1,6,faible
2,2024-10-04 11:00:00,11,4,1,8,moyen
3,2024-10-04 11:00:00,11,4,1,5,faible
4,2024-10-04 11:00:00,11,4,1,0,faible
5,2024-10-04 11:00:00,11,4,1,59,moyen
6,2024-10-04 11:00:00,11,4,1,100,moyen
7,2024-10-04 11:00:00,11,4,1,69,moyen
8,2024-10-04 11:00:00,11,4,1,10,moyen
9,2024-10-04 11:00:00,11,4,0,12,moyen
10,2024-10-04 11:00:00,11,4,1,12,moyen
11,2024-10-04 11:00:00,11,4,0,8,moyen
12,2024-10-04 11:00:00,11,4,1,8,moyen
13,2024-10-04 11:00:00,11,4,0,9,moyen
14,2024-10-04 11:00:00,11,4,1,19,moyen
15,2024-10-04 11:00:00,11,4,0,24,moyen
16,2024-10-04 11:00:00,11,4,1,17,moyen
17,2024-10-04 11:00:00,11,4,0,16,moyen
18,2024-10-04 11:00:00,11,4,1,16,moyen
19,2024-10-04 11:00:00,11,4,0,18,moyen
20,2024-10-04 11:00:00,11,4,1,16,moyen
21,2024-10-04 11:00:00,11,4,1,15,moyen
22,2024-10-04 11:00:00,11,4,1,18,moyen
23,2024-10-04 11:00:00,11,4,0,14,moyen
24,2024-10-04 11:00:00,11,4,1,19,moyen
25,2024-10-04 11:00:00,11,4,1,19,moyen
26,2024-10-04 11:00:00,11,4,1,13,moyen
27,2024-10-04 11:00:00,11,4,1,14,moyen
28,2024-10-04 11:00:00,11,4,1,19,moyen
29,2024-10-04 11:00:00,11,4,1,13,moyen
30,2024-10-04 11:00:00,11,4,1,15,moyen
31,2024-10-04 11:00:00,11,4,1,10,moyen
32,2024-10-04 11:00:00,11,4,1,9,moyen
33,2024-10-04 11:00:00,11,4,1,8,moyen
34,2024-10-04 11:00:00,11,4,1,7,moyen
35,2024-10-04 11:00:00,11,4,0,16,faible
36,2024-10-04 11:00:00,11,4,1,8,moyen
37,2024-10-04 11:00:00,11,4,0,7,moyen
38,2024-10-04 11:00:00,11,4,1,55,moyen
1,2024-10-04 12:00:00,12,4,1,11,moyen
2,2024-10-04 12:00:00,12,4,1,8,moyen
3,2024-10-04 12:00:00,12,4,1,7,moyen
4,2024-10-04 12:00:00,12,4,1,0,faible
5,2024-10-04 12:00:00,12,4,1,29,faible
6,2024-10-04 12:00:00,12,4,1,29,faible
7,2024-10-04 12:00:00,12,4,1,26,faible
8,2024-10-04 12:00:00,12,4,1,9,moyen
9,2024-10-04 12:00:00,12,4,0,11,moyen
10,2024-10-04 12:00:00,12,4,1,10,moyen
11,2024-10-04 12:00:00,12,4,1,9,moyen
12,2024-10-04 12:00:00,12,4,1,7,moyen
13,2024-10-04 12:00:00,12,4,1,11,moyen
14,2024-10-04 12:00:00,12,4,1,3,faible
15,2024-10-04 12:00:00,12,4,1,11,faible
16,2024-10-04 12:00:00,12,4,0,4,faible
17,2024-10-04 12:00:00,12,4,1,3,faible
18,2024-10-04 12:00:00,12,4,0,3,faible
19,2024-10-04 12:00:00,12,4,0,10,faible
20,2024-10-04 12:00:00,12,4,0,6,faible
21,2024-10-04 12:00:00,12,4,1,7,faible
22,2024-10-04 12:00:00,12,4,0,6,faible
23,2024-10-04 12:00:00,12,4,0,2,faible
24,2024-10-04 12:00:00,12,4,1,7,faible
25,2024-10-04 12:00:00,12,4,1,4,faible
26,2024-10-04 12:00:00,12,4,0,4,faible
27,2024-10-04 12:00:00,12,4,1,2,faible
28,2024-10-04 12:00:00,12,4,1,4,faible
29,2024-10-04 12:00:00,12,4,1,4,faible
30,2024-10-04 12:00:00,12,4,1,5,faible
31,2024-10-04 12:00:00,12,4,1,4,faible
32,2024-10-04 12:00:00,12,4,0,2,faible
33,2024-10-04 12:00:00,12,4,1,1,faible
34,2024-10-04 12:00:00,12,4,1,1,faible
35,2024-10-04 12:00:00,12,4,1,42,moyen
36,2024-10-04 12:00:00,12,4,1,8,moyen
37,2024-10-04 12:00:00,12,4,1,8,moyen
38,2024-10-04 12:00:00,12,4,1,23,faible
1,2024-10-04 13:00:00,13,4,1,8,faible
2,2024-10-04 13:00:00,13,4,1,8,moyen
3,2024-10-04 13:00:00,13,4,1,6,moyen
4,2024-10-04 13:00:00,13,4,1,1,faible
5,2024-10-04 13:00:00,13,4,0,20,faible
6,2024-10-04 13:00:00,13,4,0,30,faible
7,2024-10-04 13:00:00,13,4,0,36,faible
8,2024-10-04 13:00:00,13,4,1,4,faible
9,2024-10-04 13:00:00,13,4,1,5,faible
10,2024-10-04 13:00:00,13,4,1,1,faible
11,2024-10-04 13:00:00,13,4,1,2,faible
12,2024-10-04 13:00:00,13,4,1,1,faible
13,2024-10-04 13:00:00,13,4,1,4,faible
14,2024-10-04 13:00:00,13,4,0,11,faible
15,2024-10-04 13:00:00,13,4,0,5,faible
16,2024-10-04 13:00:00,13,4,1,7,faible
17,2024-10-04 13:00:00,13,4,1,9,faible
18,2024-10-04 13:00:00,13,4,1,7,faible
19,2024-10-04 13:00:00,13,4,1,9,faible
20,2024-10-04 13:00:00,13,4,0,8,faible
21,2024-10-04 13:00:00,13,4,1,5,faible
22,2024-10-04 13:00:00,13,4,1,7,faible
23,2024-10-04 13:00:00,13,4,1,2,faible
24,2024-10-04 13:00:00,13,4,0,7,faible
25,2024-10-04 13:00:00,13,4,1,7,faible
26,2024-10-04 13:00:00,13,4,1,7,faible
27,2024-10-04 13:00:00,13,4,1,4,faible
28,2024-10-04 13:00:00,13,4,1,8,faible
29,2024-10-04 13:00:00,13,4,0,3,faible
30,2024-10-04 13:00:00,13,4,1,5,faible
31,2024-10-04 13:00:00,13,4,0,3,faible
32,2024-10-04 13:00:00,13,4,1,5,faible
33,2024-10-04 13:00:00,13,4,1,2,faible
34,2024-10-04 13:00:00,13,4,1,1,faible
35,2024-10-04 13:00:00,13,4,0,51,moyen
36,2024-10-04 13:00:00,13,4,1,1,faible
37,2024-10-04 13:00:00,13,4,1,3,faible
38,2024-10-04 13:00:00,13,4,0,18,faible
1,2024-10-04 14:00:00,14,4,1,9,moyen
2,2024-10-04 14:00:00,14,4,1,6,faible
3,2024-10-04 14:00:00,14,4,1,6,moyen
4,2024-10-04 14:00:00,14,4,1,0,faible
5,2024-10-04 14:00:00,14,4,0,29,faible
6,2024-10-04 14:00:00,14,4,0,49,faible
7,2024-10-04 14:00:00,14,4,0,29,faible
8,2024-10-04 14:00:00,14,4,1,11,moyen
9,2024-10-04 14:00:00,14,4,1,15,moyen
10,2024-10-04 14:00:00,14,4,1,12,moyen
11,2024-10-04 14:00:00,14,4,1,10,moyen
12,2024-10-04 14:00:00,14,4,0,8,moyen
13,2024-10-04 14:00:00,14,4,1,9,moyen
14,2024-10-04 14:00:00,14,4,0,18,moyen
15,2024-10-04 14:00:00,14,4,1,21,moyen
16,2024-10-04 14:00:00,14,4,0,19,moyen
17,2024-10-04 14:00:00,14,4,0,19,moyen
18,2024-10-04 14:00:00,14,4,1,17,moyen
19,2024-10-04 14:00:00,14,4,1,26,moyen
20,2024-10-04 14:00:00,14,4,0,20,moyen
21,2024-10-04 14:00:00,14,4,0,16,moyen
22,2024-10-04 14:00:00,14,4,1,13,moyen
23,2024-10-04 14:00:00,14,4,0,13,moyen
24,2024-10-04 14:00:00,14,4,1,19,moyen
25,2024-10-04 14:00:00,14,4,1,15,moyen
26,2024-10-04 14:00:00,14,4,1,14,moyen
27,2024-10-04 14:00:00,14,4,0,17,moyen
28,2024-10-04 14:00:00,14,4,1,17,moyen
29,2024-10-04 14:00:00,14,4,1,12,moyen
30,2024-10-04 14:00:00,14,4,1,14,moyen
31,2024-10-04 14:00:00,14,4,1,10,moyen
32,2024-10-04 14:00:00,14,4,1,11,moyen
33,2024-10-04 14:00:00,14,4,1,10,moyen
34,2024-10-04 14:00:00,14,4,1,8,moyen
35,2024-10-04 14:00:00,14,4,1,15,faible
36,2024-10-04 14:00:00,14,4,1,8,moyen
37,2024-10-04 14:00:00,14,4,1,8,moyen
38,2024-10-04 14:00:00,14,4,0,21,faible
1,2024-10-04 15:00:00,15,4,1,10,moyen
2,2024-10-04 15:00:00,15,4,1,6,faible
3,2024-10-04 15:00:00,15,4,1,6,moyen
4,2024-10-04 15:00:00,15,4,1,0,faible
5,2024-10-04 15:00:00,15,4,0,28,faible
6,2024-10-04 15:00:00,15,4,0,35,faible
7,2024-10-04 15:00:00,15,4,0,32,faible
8,2024-10-04 15:00:00,15,4,1,12,moyen
9,2024-10-04 15:00:00,15,4,0,15,moyen
10,2024-10-04 15:00:00,15,4,1,11,moyen
11,2024-10-04 15:00:00,15,4,1,9,moyen
12,2024-10-04 15:00:00,15,4,1,8,moyen
13,2024-10-04 15:00:00,15,4,1,11,moyen
14,2024-10-04 15:00:00,15,4,0,19,moyen
15,2024-10-04 15:00:00,15,4,1,25,moyen
16,2024-10-04 15:00:00,15,4,0,18,moyen
17,2024-10-04 15:00:00,15,4,1,18,moyen
18,2024-10-04 15:00:00,15,4,1,17,moyen
19,2024-10-04 15:00:00,15,4,1,19,moyen
20,2024-10-04 15:00:00,15,4,1,17,moyen
21,2024-10-04 15:00:00,15,4,0,14,moyen
22,2024-10-04 15:00:00,15,4,1,16,moyen
23,2024-10-04 15:00:00,15,4,1,12,moyen
24,2024-10-04 15:00:00,15,4,1,16,moyen
25,2024-10-04 15:00:00,15,4,1,15,moyen
26,2024-10-04 15:00:00,15,4,0,14,moyen
27,2024-10-04 15:00:00,15,4,0,13,moyen
28,2024-10-04 15:00:00,15,4,0,14,moyen
29,2024-10-04 15:00:00,15,4,0,15,moyen
30,2024-10-04 15:00:00,15,4,0,14,moyen
31,2024-10-04 15:00:00,15,4,1,11,moyen
32,2024-10-04 15:00:00,15,4,1,11,moyen
33,2024-10-04 15:00:00,15,4,1,8,moyen
34,2024-10-04 15:00:00,15,4,1,10,moyen
35,2024-10-04 15:00:00,15,4,1,25,moyen
36,2024-10-04 15:00:00,15,4,1,9,moyen
37,2024-10-04 15:00:00,15,4,0,8,moyen
38,2024-10-04 15:00:00,15,4,0,15,faible
1,2024-10-04 16:00:00,16,4,1,7,faible
2,2024-10-04 16:00:00,16,4,1,8,moyen
3,2024-10-04 16:00:00,16,4,1,5,faible
4,2024-10-04 16:00:00,16,4,1,0,faible
5,2024-10-04 16:00:00,16,4,0,30,faible
6,2024-10-04 16:00:00,16,4,0,55,faible
7,2024-10-04 16:00:00,16,4,0,28,faible
8,2024-10-04 16:00:00,16,4,0,11,moyen
9,2024-10-04 16:00:00,16,4,1,13,moyen
10,2024-10-04 16:00:00,16,4,1,11,moyen
11,2024-10-04 16:00:00,16,4,0,10,moyen
12,2024-10-04 16:00:00,16,4,0,9,moyen
13,2024-10-04 16:00:00,16,4,1,9,moyen
14,2024-10-04 16:00:00,16,4,1,22,moyen
15,2024-10-04 16:00:00,16,4,0,19,moyen
16,2024-10-04 16:00:00,16,4,0,21,moyen
17,2024-10-04 16:00:00,16,4,1,23,moyen
18,2024-10-04 16:00:00,16,4,1,20,moyen
19,2024-10-04 16:00:00,16,4,1,24,moyen
20,2024-10-04 16:00:00,16,4,1,20,moyen
21,2024-10-04 16:00:00,16,4,0,17,moyen
22,2024-10-04 16:00:00,16,4,1,18,moyen
23,2024-10-04 16:00:00,16,4,0,11,moyen
24,2024-10-04 16:00:00,16,4,1,15,moyen
25,2024-10-04 16:00:00,16,4,0,18,moyen
26,2024-10-04 16:00:00,16,4,0,15,moyen
27,2024-10-04 16:00:00,16,4,1,17,moyen
28,2024-10-04 16:00:00,16,4,1,15,moyen
29,2024-10-04 16:00:00,16,4,1,15,moyen
30,2024-10-04 16:00:00,16,4,1,15,moyen
31,2024-10-04 16:00:00,16,4,0,9,moyen
32,2024-10-04 16:00:00,16,4,0,11,moyen
33,2024-10-04 16:00:00,16,4,1,10,moyen
34,2024-10-04 16:00:00,16,4,1,9,moyen
35,2024-10-04 16:00:00,16,4,1,14,faible
36,2024-10-04 16:00:00,16,4,1,7,moyen
37,2024-10-04 16:00:00,16,4,1,8,moyen
38,2024-10-04 16:00:00,16,4,0,21,faible
1,2024-10-04 17:00:00,17,4,1,10,moyen
2,2024-10-04 17:00:00,17,4,1,8,moyen
3,2024-10-04 17:00:00,17,4,1,6,moyen
4,2024-10-04 17:00:00,17,4,1,0,faible
5,2024-10-04 17:00:00,17,4,0,28,faible
6,2024-10-04 17:00:00,17,4,0,24,faible
7,2024-10-04 17:00:00,17,4,0,19,faible
8,2024-10-04 17:00:00,17,4,0,9,moyen
9,2024-10-04 17:00:00,17,4,1,14,moyen
10,2024-10-04 17:00:00,17,4,1,12,moyen
11,2024-10-04 17:00:00,17,4,1,8,moyen
12,2024-10-04 17:00:00,17,4,0,8,moyen
13,2024-10-04 17:00:00,17,4,1,9,moyen
14,2024-10-04 17:00:00,17,4,1,8,faible
15,2024-10-04 17:00:00,17,4,0,6,faible
16,2024-10-04 17:00:00,17,4,0,4,faible
17,2024-10-04 17:00:00,17,4,1,5,faible
18,2024-10-04 17:00:00,17,4,1,7,faible
19,2024-10-04 17:00:00,17,4,1,9,faible
20,2024-10-04 17:00:00,17,4,1,3,faible
21,2024-10-04 17:00:00,17,4,0,6,faible
22,2024-10-04 17:00:00,17,4,0,3,faible
23,2024-10-04 17:00:00,17,4,1,6,faible
24,2024-10-04 17:00:00,17,4,1,3,faible
25,2024-10-04 17:00:00,17,4,1,2,faible
26,2024-10-04 17:00:00,17,4,1,7,faible
27,2024-10-04 17:00:00,17,4,1,2,faible
28,2024-10-04 17:00:00,17,4,0,7,faible
29,2024-10-04 17:00:00,17,4,0,3,faible
30,2024-10-04 17:00:00,17,4,1,4,faible
31,2024-10-04 17:00:00,17,4,1,3,faible
32,2024-10-04 17:00:00,17,4,1,3,faible
33,2024-10-04 17:00:00,17,4,1,2,faible
34,2024-10-04 17:00:00,17,4,1,2,faible
35,2024-10-04 17:00:00,17,4,1,49,moyen
36,2024-10-04 17:00:00,17,4,1,7,moyen
37,2024-10-04 17:00:00,17,4,1,7,moyen
38,2024-10-04 17:00:00,17,4,0,19,faible
1,2024-10-04 18:00:00,18,4,0,3,faible
2,2024-10-04 18:00:00,18,4,0,0,faible
3,2024-10-04 18:00:00,18,4,0,1,faible
4,2024-10-04 18:00:00,18,4,0,0,faible
5,2024-10-04 18:00:00,18,4,0,16,faible
6,2024-10-04 18:00:00,18,4,0,29,faible
7,2024-10-04 18:00:00,18,4,0,28,faible
8,2024-10-04 18:00:00,18,4,1,2,faible
9,2024-10-04 18:00:00,18,4,1,2,faible
10,2024-10-04 18:00:00,18,4,1,1,faible
11,2024-10-04 18:00:00,18,4,0,4,faible
12,2024-10-04 18:00:00,18,4,1,2,faible
13,2024-10-04 18:00:00,18,4,0,2,faible
14,2024-10-04 18:00:00,18,4,0,11,faible
15,2024-10-04 18:00:00,18,4,0,6,faible
16,2024-10-04 18:00:00,18,4,0,9,faible
17,2024-10-04 18:00:00,18,4,0,4,faible
18,2024-10-04 18:00:00,18,4,1,8,faible
19,2024-10-04 18:00:00,18,4,0,10,faible
20,2024-10-04 18:00:00,18,4,1,7,faible
21,2024-10-04 18:00:00,18,4,1,6,faible
22,2024-10-04 18:00:00,18,4,1,4,faible
23,2024-10-04 18:00:00,18,4,1,4,faible
24,2024-10-04 18:00:00,18,4,1,6,faible
25,2024-10-04 18:00:00,18,4,1,5,faible
26,2024-10-04 18:00:00,18,4,1,7,faible
27,2024-10-04 18:00:00,18,4,1,7,faible
28,2024-10-04 18:00:00,18,4,1,6,faible
29,2024-10-04 18:00:00,18,4,1,5,faible
30,2024-10-04 18:00:00,18,4,1,2,faible
31,2024-10-04 18:00:00,18,4,1,4,faible
32,2024-10-04 18:00:00,18,4,1,4,faible
33,2024-10-04 18:00:00,18,4,0,2,faible
34,2024-10-04 18:00:00,18,4,0,2,faible
35,2024-10-04 18:00:00,18,4,1,49,moyen
36,2024-10-04 18:00:00,18,4,0,3,faible
37,2024-10-04 18:00:00,18,4,0,2,faible
38,2024-10-04 18:00:00,18,4,0,14,faible
1,2024-10-04 19:00:00,19,4,0,1,faible
2,2024-10-04 19:00:00,19,4,0,2,faible
3,2024-10-04 19:00:00,19,4,0,0,faible
4,2024-10-04 19:00:00,19,4,0,0,faible
5,2024-10-04 19:00:00,19,4,0,21,faible
6,2024-10-04 19:00:00,19,4,0,45,faible
7,2024-10-04 19:00:00,19,4,0,30,faible
8,2024-10-04 19:00:00,19,4,0,1,faible
9,2024-10-04 19:00:00,19,4,0,5,faible
10,2024-10-04 19:00:00,19,4,0,4,faible
11,2024-10-04 19:00:00,19,4,0,4,faible
12,2024-10-04 19:00:00,19,4,0,2,faible
13,2024-10-04 19:00:00,19,4,0,1,faible
14,2024-10-04 19:00:00,19,4,0,7,faible
15,2024-10-04 19:00:00,19,4,0,5,faible
16,2024-10-04 19:00:00,19,4,0,6,faible
17,2024-10-04 19:00:00,19,4,0,7,faible
18,2024-10-04 19:00:00,19,4,0,5,faible
19,2024-10-04 19:00:00,19,4,0,4,faible
20,2024-10-04 19:00:00,19,4,0,6,faible
21,2024-10-04 19:00:00,19,4,0,4,faible
22,2024-10-04 19:00:00,19,4,0,4,faible
23,2024-10-04 19:00:00,19,4,0,4,faible
24,2024-10-04 19:00:00,19,4,0,9,faible
25,2024-10-04 19:00:00,19,4,0,8,faible
26,2024-10-04 19:00:00,19,4,0,7,faible
27,2024-10-04 19:00:00,19,4,0,3,faible
28,2024-10-04 19:00:00,19,4,0,3,faible
29,2024-10-04 19:00:00,19,4,0,6,faible
30,2024-10-04 19:00:00,19,4,0,5,faible
31,2024-10-04 19:00:00,19,4,0,5,faible
32,2024-10-04 19:00:00,19,4,0,4,faible
33,2024-10-04 19:00:00,19,4,0,4,faible
34,2024-10-04 19:00:00,19,4,0,1,faible
35,2024-10-04 19:00:00,19,4,0,53,moyen
36,2024-10-04 19:00:00,19,4,0,3,faible
37,2024-10-04 19:00:00,19,4,0,2,faible
38,2024-10-04 19:00:00,19,4,0,13,faible
1,2024-10-04 20:00:00,20,4,0,0,faible
2,2024-10-04 20:00:00,20,4,0,2,faible
3,2024-10-04 20:00:00,20,4,0,2,faible
4,2024-10-04 20:00:00,20,4,0,1,faible
5,2024-10-04 20:00:00,20,4,0,17,faible
6,2024-10-04 20:00:00,20,4,0,31,faible
7,2024-10-04 20:00:00,20,4,0,18,faible
8,2024-10-04 20:00:00,20,4,0,3,faible
9,2024-10-04 20:00:00,20,4,0,3,faible
10,2024-10-04 20:00:00,20,4,0,3,faible
11,2024-10-04 20:00:00,20,4,0,2,faible
12,2024-10-04 20:00:00,20,4,0,2,faible
13,2024-10-04 20:00:00,20,4,0,1,faible
14,2024-10-04 20:00:00,20,4,0,5,faible
15,2024-10-04 20:00:00,20,4,0,9,faible
16,2024-10-04 20:00:00,20,4,0,4,faible
17,2024-10-04 20:00:00,20,4,0,8,faible
18,2024-10-04 20:00:00,20,4,0,5,faible
19,2024-10-04 20:00:00,20,4,0,3,faible
20,2024-10-04 20:00:00,20,4,0,6,faible
21,2024-10-04 20:00:00,20,4,0,6,faible
22,2024-10-04 20:00:00,20,4,0,2,faible
23,2024-10-04 20:00:00,20,4,0,6,faible
24,2024-10-04 20:00:00,20,4,0,8,faible
25,2024-10-04 20:00:00,20,4,0,7,faible
26,2024-10-04 20:00:00,20,4,0,3,faible
27,2024-10-04 20:00:00,20,4,0,6,faible
28,2024-10-04 20:00:00,20,4,0,3,faible
29,2024-10-04 20:00:00,20,4,0,6,faible
30,2024-10-04 20:00:00,20,4,0,2,faible
31,2024-10-04 20:00:00,20,4,0,5,faible
32,2024-10-04 20:00:00,20,4,0,2,faible
33,2024-10-04 20:00:00,20,4,0,4,faible
34,2024-10-04 20:00:00,20,4,0,4,faible
35,2024-10-04 20:00:00,20,4,0,52,moyen
36,2024-10-04 20:00:00,20,4,0,2,faible
37,2024-10-04 20:00:00,20,4,0,2,faible
38,2024-10-04 20:00:00,20,4,0,14,faible
1,2024-10-04 21:00:00,21,4,0,1,faible
2,2024-10-04 21:00:00,21,4,0,0,faible
3,2024-10-04 21:00:00,21,4,0,2,faible
4,2024-10-04 21:00:00,21,4,0,0,faible
5,2024-10-04 21:00:00,21,4,0,31,faible
6,2024-10-04 21:00:00,21,4,0,43,faible
7,2024-10-04 21:00:00,21,4,0,38,faible
8,2024-10-04 21:00:00,21,4,0,4,faible
9,2024-10-04 21:00:00,21,4,0,4,faible
10,2024-10-04 21:00:00,21,4,0,4,faible
11,2024-10-04 21:00:00,21,4,0,1,faible
12,2024-10-04 21:00:00,21,4,0,2,faible
13,2024-10-04 21:00:00,21,4,0,1,faible
14,2024-10-04 21:00:00,21,4,0,3,faible
15,2024-10-04 21:00:00,21,4,0,7,faible
16,2024-10-04 21:00:00,21,4,0,9,faible
17,2024-10-04 21:00:00,21,4,0,3,faible
18,2024-10-04 21:00:00,21,4,0,4,faible
19,2024-10-04 21:00:00,21,4,0,5,faible
20,2024-10-04 21:00:00,21,4,0,8,faible
21,2024-10-04 21:00:00,21,4,0,2,faible
22,2024-10-04 21:00:00,21,4,0,2,faible
23,2024-10-04 21:00:00,21,4,0,3,faible
24,2024-10-04 21:00:00,21,4,0,6,faible
25,2024-10-04 21:00:00,21,4,0,7,faible
26,2024-10-04 21:00:00,21,4,0,6,faible
27,2024-10-04 21:00:00,21,4,0,8,faible
28,2024-10-04 21:00:00,21,4,0,8,faible
29,2024-10-04 21:00:00,21,4,0,3,faible
30,2024-10-04 21:00:00,21,4,0,3,faible
31,2024-10-04 21:00:00,21,4,0,3,faible
32,2024-10-04 21:00:00,21,4,0,4,faible
33,2024-10-04 21:00:00,21,4,0,3,faible
34,2024-10-04 21:00:00,21,4,0,4,faible
35,2024-10-04 21:00:00,21,4,0,46,moyen
36,2024-10-04 21:00:00,21,4,0,2,faible
37,2024-10-04 21:00:00,21,4,0,2,faible
38,2024-10-04 21:00:00,21,4,0,18,faible
1,2024-10-05 07:00:00,7,5,0,3,faible
2,2024-10-05 07:00:00,7,5,0,2,faible
3,2024-10-05 07:00:00,7,5,0,2,faible
4,2024-10-05 07:00:00,7,5,0,0,faible
5,2024-10-05 07:00:00,7,5,0,29,faible
6,2024-10-05 07:00:00,7,5,0,50,faible
7,2024-10-05 07:00:00,7,5,0,35,faible
8,2024-10-05 07:00:00,7,5,0,2,faible
9,2024-10-05 07:00:00,7,5,0,3,faible
10,2024-10-05 07:00:00,7,5,0,3,faible
11,2024-10-05 07:00:00,7,5,0,2,faible
12,2024-10-05 07:00:00,7,5,0,2,faible
13,2024-10-05 07:00:00,7,5,0,2,faible
14,2024-10-05 07:00:00,7,5,0,7,faible
15,2024-10-05 07:00:00,7,5,0,7,faible
16,2024-10-05 07:00:00,7,5,0,3,faible
17,2024-10-05 07:00:00,7,5,0,4,faible
18,2024-10-05 07:00:00,7,5,0,6,faible
19,2024-10-05 07:00:00,7,5,0,10,faible
20,2024-10-05 07:00:00,7,5,0,6,faible
21,2024-10-05 07:00:00,7,5,0,3,faible
22,2024-10-05 07:00:00,7,5,0,6,faible
23,2024-10-05 07:00:00,7,5,0,5,faible
24,2024-10-05 07:00:00,7,5,0,6,faible
25,2024-10-05 07:00:00,7,5,0,3,faible
26,2024-10-05 07:00:00,7,5,0,3,faible
27,2024-10-05 07:00:00,7,5,0,3,faible
28,2024-10-05 07:00:00,7,5,0,6,faible
29,2024-10-05 07:00:00,7,5,0,2,faible
30,2024-10-05 07:00:00,7,5,0,2,faible
31,2024-10-05 07:00:00,7,5,0,2,faible
32,2024-10-05 07:00:00,7,5,0,2,faible
33,2024-10-05 07:00:00,7,5,0,4,faible
34,2024-10-05 07:00:00,7,5,0,4,faible
35,2024-10-05 07:00:00,7,5,0,20,faible
36,2024-10-05 07:00:00,7,5,0,3,faible
37,2024-10-05 07:00:00,7,5,0,3,faible
38,2024-10-05 07:00:00,7,5,0,13,faible
1,2024-10-05 08:00:00,8,5,1,9,moyen
2,2024-10-05 08:00:00,8,5,1,5,faible
3,2024-10-05 08:00:00,8,5,1,5,faible
4,2024-10-05 08:00:00,8,5,1,1,faible
5,2024-10-05 08:00:00,8,5,0,54,moyen
6,2024-10-05 08:00:00,8,5,0,115,moyen
7,2024-10-05 08:00:00,8,5,0,78,moyen
8,2024-10-05 08:00:00,8,5,1,1,faible
9,2024-10-05 08:00:00,8,5,0,5,faible
10,2024-10-05 08:00:00,8,5,1,3,faible
11,2024-10-05 08:00:00,8,5,1,3,faible
12,2024-10-05 08:00:00,8,5,1,1,faible
13,2024-10-05 08:00:00,8,5,1,2,faible
14,2024-10-05 08:00:00,8,5,1,7,faible
15,2024-10-05 08:00:00,8,5,0,6,faible
16,2024-10-05 08:00:00,8,5,1,6,faible
17,2024-10-05 08:00:00,8,5,0,4,faible
18,2024-10-05 08:00:00,8,5,1,3,faible
19,2024-10-05 08:00:00,8,5,1,9,faible
20,2024-10-05 08:00:00,8,5,1,6,faible
21,2024-10-05 08:00:00,8,5,1,6,faible
22,2024-10-05 08:00:00,8,5,1,4,faible
23,2024-10-05 08:00:00,8,5,1,6,faible
24,2024-10-05 08:00:00,8,5,1,7,faible
25,2024-10-05 08:00:00,8,5,1,8,faible
26,2024-10-05 08:00:00,8,5,1,4,faible
27,2024-10-05 08:00:00,8,5,1,3,faible
28,2024-10-05 08:00:00,8,5,1,7,faible
29,2024-10-05 08:00:00,8,5,1,5,faible
30,2024-10-05 08:00:00,8,5,1,3,faible
31,2024-10-05 08:00:00,8,5,0,5,faible
32,2024-10-05 08:00:00,8,5,0,3,faible
33,2024-10-05 08:00:00,8,5,1,3,faible
34,2024-10-05 08:00:00,8,5,1,3,faible
35,2024-10-05 08:00:00,8,5,1,20,faible
36,2024-10-05 08:00:00,8,5,0,2,faible
37,2024-10-05 08:00:00,8,5,0,1,faible
38,2024-10-05 08:00:00,8,5,0,48,moyen
1,2024-10-05 09:00:00,9,5,1,9,moyen
2,2024-10-05 09:00:00,9,5,1,7,faible
3,2024-10-05 09:00:00,9,5,1,6,moyen
4,2024-10-05 09:00:00,9,5,1,0,faible
5,2024-10-05 09:00:00,9,5,0,62,moyen
6,2024-10-05 09:00:00,9,5,0,103,moyen
7,2024-10-05 09:00:00,9,5,0,75,moyen
8,2024-10-05 09:00:00,9,5,0,17,eleve
9,2024-10-05 09:00:00,9,5,1,13,moyen
10,2024-10-05 09:00:00,9,5,0,10,moyen
11,2024-10-05 09:00:00,9,5,0,10,moyen
12,2024-10-05 09:00:00,9,5,1,8,moyen
13,2024-10-05 09:00:00,9,5,0,10,moyen
14,2024-10-05 09:00:00,9,5,1,19,moyen
15,2024-10-05 09:00:00,9,5,0,20,moyen
16,2024-10-05 09:00:00,9,5,1,17,moyen
17,2024-10-05 09:00:00,9,5,1,23,moyen
18,2024-10-05 09:00:00,9,5,1,16,moyen
19,2024-10-05 09:00:00,9,5,0,25,moyen
20,2024-10-05 09:00:00,9,5,1,15,moyen
21,2024-10-05 09:00:00,9,5,0,14,moyen
22,2024-10-05 09:00:00,9,5,1,14,moyen
23,2024-10-05 09:00:00,9,5,1,12,moyen
24,2024-10-05 09:00:00,9,5,0,16,moyen
25,2024-10-05 09:00:00,9,5,0,16,moyen
26,2024-10-05 09:00:00,9,5,1,15,moyen
27,2024-10-05 09:00:00,9,5,1,14,moyen
28,2024-10-05 09:00:00,9,5,0,17,moyen
29,2024-10-05 09:00:00,9,5,1,13,moyen
30,2024-10-05 09:00:00,9,5,0,12,moyen
31,2024-10-05 09:00:00,9,5,1,11,moyen
32,2024-10-05 09:00:00,9,5,1,11,moyen
33,2024-10-05 09:00:00,9,5,1,8,moyen
34,2024-10-05 09:00:00,9,5,1,9,moyen
35,2024-10-05 09:00:00,9,5,1,26,moyen
36,2024-10-05 09:00:00,9,5,1,9,moyen
37,2024-10-05 09:00:00,9,5,1,9,moyen
38,2024-10-05 09:00:00,9,5,0,45,moyen
1,2024-10-05 10:00:00,10,5,1,10,moyen
2,2024-10-05 10:00:00,10,5,1,8,moyen
3,2024-10-05 10:00:00,10,5,1,6,moyen
4,2024-10-05 10:00:00,10,5,1,0,faible
5,2024-10-05 10:00:00,10,5,0,64,moyen
6,2024-10-05 10:00:00,10,5,0,97,moyen
7,2024-10-05 10:00:00,10,5,0,69,moyen
8,2024-10-05 10:00:00,10,5,1,10,moyen
9,2024-10-05 10:00:00,10,5,1,12,moyen
10,2024-10-05 10:00:00,10,5,0,10,moyen
11,2024-10-05 10:00:00,10,5,1,8,moyen
12,2024-10-05 10:00:00,10,5,0,8,moyen
13,2024-10-05 10:00:00,10,5,1,12,moyen
14,2024-10-05 10:00:00,10,5,1,19,moyen
15,2024-10-05 10:00:00,10,5,1,25,moyen
16,2024-10-05 10:00:00,10,5,1,20,moyen
17,2024-10-05 10:00:00,10,5,0,17,moyen
18,2024-10-05 10:00:00,10,5,1,19,moyen
19,2024-10-05 10:00:00,10,5,0,22,moyen
20,2024-10-05 10:00:00,10,5,1,18,moyen
21,2024-10-05 10:00:00,10,5,1,13,moyen
22,2024-10-05 10:00:00,10,5,1,15,moyen
23,2024-10-05 10:00:00,10,5,1,13,moyen
24,2024-10-05 10:00:00,10,5,0,20,moyen
25,2024-10-05 10:00:00,10,5,0,20,moyen
26,2024-10-05 10:00:00,10,5,1,16,moyen
27,2024-10-05 10:00:00,10,5,1,17,moyen
28,2024-10-05 10:00:00,10,5,0,18,moyen
29,2024-10-05 10:00:00,10,5,1,14,moyen
30,2024-10-05 10:00:00,10,5,1,15,moyen
31,2024-10-05 10:00:00,10,5,1,12,moyen
32,2024-10-05 10:00:00,10,5,1,10,moyen
33,2024-10-05 10:00:00,10,5,0,8,moyen
34,2024-10-05 10:00:00,10,5,1,7,moyen
35,2024-10-05 10:00:00,10,5,1,23,faible
36,2024-10-05 10:00:00,10,5,1,8,moyen
37,2024-10-05 10:00:00,10,5,1,9,moyen
38,2024-10-05 10:00:00,10,5,0,48,moyen
1,2024-10-05 11:00:00,11,5,1,10,moyen
2,2024-10-05 11:00:00,11,5,1,8,moyen
3,2024-10-05 11:00:00,11,5,1,6,moyen
4,2024-10-05 11:00:00,11,5,1,0,faible
5,2024-10-05 11:00:00,11,5,0,53,moyen
6,2024-10-05 11:00:00,11,5,0,85,moyen
7,2024-10-05 11:00:00,11,5,0,72,moyen
8,2024-10-05 11:00:00,11,5,0,10,moyen
9,2024-10-05 11:00:00,11,5,1,14,moyen
10,2024-10-05 11:00:00,11,5,1,12,moyen
11,2024-10-05 11:00:00,11,5,0,9,moyen
12,2024-10-05 11:00:00,11,5,1,8,moyen
13,2024-10-05 11:00:00,11,5,1,10,moyen
14,2024-10-05 11:00:00,11,5,0,19,moyen
15,2024-10-05 11:00:00,11,5,1,20,moyen
16,2024-10-05 11:00:00,11,5,1,18,moyen
17,2024-10-05 11:00:00,11,5,1,20,moyen
18,2024-10-05 11:00:00,11,5,1,16,moyen
19,2024-10-05 11:00:00,11,5,0,25,moyen
20,2024-10-05 11:00:00,11,5,1,20,moyen
21,2024-10-05 11:00:00,11,5,1,14,moyen
22,2024-10-05 11:00:00,11,5,0,13,moyen
23,2024-10-05 11:00:00,11,5,1,11,moyen
24,2024-10-05 11:00:00,11,5,1,18,moyen
25,2024-10-05 11:00:00,11,5,0,16,moyen
26,2024-10-05 11:00:00,11,5,1,13,moyen
27,2024-10-05 11:00:00,11,5,1,18,moyen
28,2024-10-05 11:00:00,11,5,0,19,moyen
29,2024-10-05 11:00:00,11,5,0,12,moyen
30,2024-10-05 11:00:00,11,5,0,15,moyen
31,2024-10-05 11:00:00,11,5,1,9,moyen
32,2024-10-05 11:00:00,11,5,0,11,moyen
33,2024-10-05 11:00:00,11,5,0,9,moyen
34,2024-10-05 11:00:00,11,5,1,8,moyen
35,2024-10-05 11:00:00,11,5,0,25,moyen
36,2024-10-05 11:00:00,11,5,1,9,moyen
37,2024-10-05 11:00:00,11,5,1,8,moyen
38,2024-10-05 11:00:00,11,5,0,47,moyen
1,2024-10-05 12:00:00,12,5,1,7,faible
2,2024-10-05 12:00:00,12,5,1,7,faible
3,2024-10-05 12:00:00,12,5,1,5,faible
4,2024-10-05 12:00:00,12,5,1,0,faible
5,2024-10-05 12:00:00,12,5,0,23,faible
6,2024-10-05 12:00:00,12,5,0,31,faible
7,2024-10-05 12:00:00,12,5,0,25,faible
8,2024-10-05 12:00:00,12,5,0,11,moyen
9,2024-10-05 12:00:00,12,5,0,13,moyen
10,2024-10-05 12:00:00,12,5,1,12,moyen
11,2024-10-05 12:00:00,12,5,1,8,moyen
12,2024-10-05 12:00:00,12,5,0,7,moyen
13,2024-10-05 12:00:00,12,5,1,11,moyen
14,2024-10-05 12:00:00,12,5,0,4,faible
15,2024-10-05 12:00:00,12,5,0,7,faible
16,2024-10-05 12:00:00,12,5,0,4,faible
17,2024-10-05 12:00:00,12,5,1,3,faible
18,2024-10-05 12:00:00,12,5,0,4,faible
19,2024-10-05 12:00:00,12,5,1,10,faible
20,2024-10-05 12:00:00,12,5,1,6,faible
21,2024-10-05 12:00:00,12,5,1,5,faible
22,2024-10-05 12:00:00,12,5,1,5,faible
23,2024-10-05 12:00:00,12,5,1,6,faible
24,2024-10-05 12:00:00,12,5,1,8,faible
25,2024-10-05 12:00:00,12,5,0,5,faible
26,2024-10-05 12:00:00,12,5,1,7,faible
27,2024-10-05 12:00:00,12,5,1,7,faible
28,2024-10-05 12:00:00,12,5,0,6,faible
29,2024-10-05 12:00:00,12,5,0,4,faible
30,2024-10-05 12:00:00,12,5,0,4,faible
31,2024-10-05 12:00:00,12,5,1,3,faible
32,2024-10-05 12:00:00,12,5,1,4,faible
33,2024-10-05 12:00:00,12,5,1,2,faible
34,2024-10-05 12:00:00,12,5,0,1,faible
35,2024-10-05 12:00:00,12,5,1,43,moyen
36,2024-10-05 12:00:00,12,5,1,7,moyen
37,2024-10-05 12:00:00,12,5,0,7,moyen
38,2024-10-05 12:00:00,12,5,0,25,faible
1,2024-10-05 13:00:00,13,5,1,9,moyen
2,2024-10-05 13:00:00,13,5,1,8,moyen
3,2024-10-05 13:00:00,13,5,1,6,moyen
4,2024-10-05 13:00:00,13,5,1,0,faible
5,2024-10-05 13:00:00,13,5,0,16,faible
6,2024-10-05 13:00:00,13,5,0,24,faible
7,2024-10-05 13:00:00,13,5,0,24,faible
8,2024-10-05 13:00:00,13,5,1,2,faible
9,2024-10-05 13:00:00,13,5,1,5,faible
10,2024-10-05 13:00:00,13,5,0,2,faible
11,2024-10-05 13:00:00,13,5,1,1,faible
12,2024-10-05 13:00:00,13,5,1,2,faible
13,2024-10-05 13:00:00,13,5,0,1,faible
14,2024-10-05 13:00:00,13,5,1,9,faible
15,2024-10-05 13:00:00,13,5,1,9,faible
16,2024-10-05 13:00:00,13,5,0,6,faible
17,2024-10-05 13:00:00,13,5,1,9,faible
18,2024-10-05 13:00:00,13,5,1,5,faible
19,2024-10-05 13:00:00,13,5,1,6,faible
20,2024-10-05 13:00:00,13,5,1,3,faible
21,2024-10-05 13:00:00,13,5,1,7,faible
22,2024-10-05 13:00:00,13,5,1,7,faible
23,2024-10-05 13:00:00,13,5,0,4,faible
24,2024-10-05 13:00:00,13,5,0,8,faible
25,2024-10-05 13:00:00,13,5,0,7,faible
26,2024-10-05 13:00:00,13,5,1,2,faible
27,2024-10-05 13:00:00,13,5,1,7,faible
28,2024-10-05 13:00:00,13,5,1,4,faible
29,2024-10-05 13:00:00,13,5,1,3,faible
30,2024-10-05 13:00:00,13,5,1,4,faible
31,2024-10-05 13:00:00,13,5,1,5,faible
32,2024-10-05 13:00:00,13,5,1,2,faible
33,2024-10-05 13:00:00,13,5,1,2,faible
34,2024-10-05 13:00:00,13,5,1,3,faible
35,2024-10-05 13:00:00,13,5,0,47,moyen
36,2024-10-05 13:00:00,13,5,1,1,faible
37,2024-10-05 13:00:00,13,5,0,2,faible
38,2024-10-05 13:00:00,13,5,0,23,faible
1,2024-10-05 14:00:00,14,5,0,10,moyen
2,2024-10-05 14:00:00,14,5,0,6,faible
3,2024-10-05 14:00:00,14,5,0,6,moyen
4,2024-10-05 14:00:00,14,5,0,0,faible
5,2024-10-05 14:00:00,14,5,0,22,faible
6,2024-10-05 14:00:00,14,5,0,51,faible
7,2024-10-05 14:00:00,14,5,0,24,faible
8,2024-10-05 14:00:00,14,5,0,12,moyen
9,2024-10-05 14:00:00,14,5,0,12,moyen
10,2024-10-05 14:00:00,14,5,0,10,moyen
11,2024-10-05 14:00:00,14,5,0,9,moyen
12,2024-10-05 14:00:00,14,5,0,7,moyen
13,2024-10-05 14:00:00,14,5,0,9,moyen
14,2024-10-05 14:00:00,14,5,0,21,moyen
15,2024-10-05 14:00:00,14,5,0,20,moyen
16,2024-10-05 14:00:00,14,5,0,23,moyen
17,2024-10-05 14:00:00,14,5,0,22,moyen
18,2024-10-05 14:00:00,14,5,0,20,moyen
19,2024-10-05 14:00:00,14,5,0,22,moyen
20,2024-10-05 14:00:00,14,5,0,15,moyen
21,2024-10-05 14:00:00,14,5,0,17,moyen
22,2024-10-05 14:00:00,14,5,0,18,moyen
23,2024-10-05 14:00:00,14,5,0,13,moyen
24,2024-10-05 14:00:00,14,5,0,19,moyen
25,2024-10-05 14:00:00,14,5,0,17,moyen
26,2024-10-05 14:00:00,14,5,0,17,moyen
27,2024-10-05 14:00:00,14,5,0,14,moyen
28,2024-10-05 14:00:00,14,5,0,18,moyen
29,2024-10-05 14:00:00,14,5,0,12,moyen
30,2024-10-05 14:00:00,14,5,0,13,moyen
31,2024-10-05 14:00:00,14,5,0,9,moyen
32,2024-10-05 14:00:00,14,5,0,12,moyen
33,2024-10-05 14:00:00,14,5,0,10,moyen
34,2024-10-05 14:00:00,14,5,0,10,moyen
35,2024-10-05 14:00:00,14,5,0,16,faible
36,2024-10-05 14:00:00,14,5,0,7,moyen
37,2024-10-05 14:00:00,14,5,0,8,moyen
38,2024-10-05 14:00:00,14,5,0,14,faible
1,2024-10-05 15:00:00,15,5,0,9,moyen
2,2024-10-05 15:00:00,15,5,0,7,faible
3,2024-10-05 15:00:00,15,5,0,5,faible
4,2024-10-05 15:00:00,15,5,0,0,faible
5,2024-10-05 15:00:00,15,5,0,17,faible
6,2024-10-05 15:00:00,15,5,0,24,faible
7,2024-10-05 15:00:00,15,5,0,21,faible
8,2024-10-05 15:00:00,15,5,0,12,moyen
9,2024-10-05 15:00:00,15,5,0,12,moyen
10,2024-10-05 15:00:00,15,5,0,9,moyen
11,2024-10-05 15:00:00,15,5,0,9,moyen
12,2024-10-05 15:00:00,15,5,0,7,moyen
13,2024-10-05 15:00:00,15,5,0,12,moyen
14,2024-10-05 15:00:00,15,5,0,23,moyen
15,2024-10-05 15:00:00,15,5,0,25,moyen
16,2024-10-05 15:00:00,15,5,0,18,moyen
17,2024-10-05 15:00:00,15,5,0,21,moyen
18,2024-10-05 15:00:00,15,5,0,16,moyen
19,2024-10-05 15:00:00,15,5,0,21,moyen
20,2024-10-05 15:00:00,15,5,0,15,moyen
21,2024-10-05 15:00:00,15,5,0,13,moyen
22,2024-10-05 15:00:00,15,5,0,13,moyen
23,2024-10-05 15:00:00,15,5,0,13,moyen
24,2024-10-05 15:00:00,15,5,0,16,moyen
25,2024-10-05 15:00:00,15,5,0,15,moyen
26,2024-10-05 15:00:00,15,5,0,17,moyen
27,2024-10-05 15:00:00,15,5,0,13,moyen
28,2024-10-05 15:00:00,15,5,0,15,moyen
29,2024-10-05 15:00:00,15,5,0,14,moyen
30,2024-10-05 15:00:00,15,5,0,11,moyen
31,2024-10-05 15:00:00,15,5,0,11,moyen
32,2024-10-05 15:00:00,15,5,0,9,moyen
33,2024-10-05 15:00:00,15,5,0,7,moyen
34,2024-10-05 15:00:00,15,5,0,9,moyen
35,2024-10-05 15:00:00,15,5,0,18,faible
36,2024-10-05 15:00:00,15,5,0,8,moyen
37,2024-10-05 15:00:00,15,5,0,7,moyen
38,2024-10-05 15:00:00,15,5,0,27,faible
1,2024-10-05 16:00:00,16,5,0,7,faible
2,2024-10-05 16:00:00,16,5,0,6,faible
3,2024-10-05 16:00:00,16,5,0,6,moyen
4,2024-10-05 16:00:00,16,5,0,0,faible
5,2024-10-05 16:00:00,16,5,0,16,faible
6,2024-10-05 16:00:00,16,5,0,55,faible
7,2024-10-05 16:00:00,16,5,0,34,faible
8,2024-10-05 16:00:00,16,5,0,12,moyen
9,2024-10-05 16:00:00,16,5,0,14,moyen
10,2024-10-05 16:00:00,16,5,0,12,moyen
11,2024-10-05 16:00:00,16,5,0,10,moyen
12,2024-10-05 16:00:00,16,5,0,7,moyen
13,2024-10-05 16:00:00,16,5,0,11,moyen
14,2024-10-05 16:00:00,16,5,0,23,moyen
15,2024-10-05 16:00:00,16,5,0,23,moyen
16,2024-10-05 16:00:00,16,5,0,22,moyen
17,2024-10-05 16:00:00,16,5,0,18,moyen
18,2024-10-05 16:00:00,16,5,0,15,moyen
19,2024-10-05 16:00:00,16,5,0,22,moyen
20,2024-10-05 16:00:00,16,5,0,18,moyen
21,2024-10-05 16:00:00,16,5,0,14,moyen
22,2024-10-05 16:00:00,16,5,0,18,moyen
23,2024-10-05 16:00:00,16,5,0,12,moyen
24,2024-10-05 16:00:00,16,5,0,17,moyen
25,2024-10-05 16:00:00,16,5,0,17,moyen
26,2024-10-05 16:00:00,16,5,0,16,moyen
27,2024-10-05 16:00:00,16,5,0,13,moyen
28,2024-10-05 16:00:00,16,5,0,21,moyen
29,2024-10-05 16:00:00,16,5,0,13,moyen
30,2024-10-05 16:00:00,16,5,0,12,moyen
31,2024-10-05 16:00:00,16,5,0,10,moyen
32,2024-10-05 16:00:00,16,5,0,13,moyen
33,2024-10-05 16:00:00,16,5,0,8,moyen
34,2024-10-05 16:00:00,16,5,0,8,moyen
35,2024-10-05 16:00:00,16,5,0,20,faible
36,2024-10-05 16:00:00,16,5,0,8,moyen
37,2024-10-05 16:00:00,16,5,0,8,moyen
38,2024-10-05 16:00:00,16,5,0,12,faible
1,2024-10-05 17:00:00,17,5,0,11,moyen
2,2024-10-05 17:00:00,17,5,0,8,moyen
3,2024-10-05 17:00:00,17,5,0,5,faible
4,2024-10-05 17:00:00,17,5,0,0,faible
5,2024-10-05 17:00:00,17,5,0,17,faible
6,2024-10-05 17:00:00,17,5,0,45,faible
7,2024-10-05 17:00:00,17,5,0,26,faible
8,2024-10-05 17:00:00,17,5,0,11,moyen
9,2024-10-05 17:00:00,17,5,0,13,moyen
10,2024-10-05 17:00:00,17,5,0,10,moyen
11,2024-10-05 17:00:00,17,5,0,8,moyen
12,2024-10-05 17:00:00,17,5,0,8,moyen
13,2024-10-05 17:00:00,17,5,0,10,moyen
14,2024-10-05 17:00:00,17,5,0,8,faible
15,2024-10-05 17:00:00,17,5,0,9,faible
16,2024-10-05 17:00:00,17,5,0,5,faible
17,2024-10-05 17:00:00,17,5,0,7,faible
18,2024-10-05 17:00:00,17,5,0,8,faible
19,2024-10-05 17:00:00,17,5,0,5,faible
20,2024-10-05 17:00:00,17,5,0,8,faible
21,2024-10-05 17:00:00,17,5,0,3,faible
22,2024-10-05 17:00:00,17,5,0,4,faible
23,2024-10-05 17:00:00,17,5,0,6,faible
24,2024-10-05 17:00:00,17,5,0,5,faible
25,2024-10-05 17:00:00,17,5,0,6,faible
26,2024-10-05 17:00:00,17,5,0,4,faible
27,2024-10-05 17:00:00,17,5,0,7,faible
28,2024-10-05 17:00:00,17,5,0,5,faible
29,2024-10-05 17:00:00,17,5,0,4,faible
30,2024-10-05 17:00:00,17,5,0,5,faible
31,2024-10-05 17:00:00,17,5,0,4,faible
32,2024-10-05 17:00:00,17,5,0,3,faible
33,2024-10-05 17:00:00,17,5,0,1,faible
34,2024-10-05 17:00:00,17,5,0,3,faible
35,2024-10-05 17:00:00,17,5,0,47,moyen
36,2024-10-05 17:00:00,17,5,0,7,moyen
37,2024-10-05 17:00:00,17,5,0,8,moyen
38,2024-10-05 17:00:00,17,5,0,15,faible
1,2024-10-05 18:00:00,18,5,0,2,faible
2,2024-10-05 18:00:00,18,5,0,2,faible
3,2024-10-05 18:00:00,18,5,0,2,faible
4,2024-10-05 18:00:00,18,5,0,0,faible
5,2024-10-05 18:00:00,18,5,0,16,faible
6,2024-10-05 18:00:00,18,5,0,35,faible
7,2024-10-05 18:00:00,18,5,0,40,faible
8,2024-10-05 18:00:00,18,5,0,2,faible
9,2024-10-05 18:00:00,18,5,0,4,faible
10,2024-10-05 18:00:00,18,5,0,2,faible
11,2024-10-05 18:00:00,18,5,0,2,faible
12,2024-10-05 18:00:00,18,5,0,3,faible
13,2024-10-05 18:00:00,18,5,0,4,faible
14,2024-10-05 18:00:00,18,5,0,6,faible
15,2024-10-05 18:00:00,18,5,0,7,faible
16,2024-10-05 18:00:00,18,5,0,7,faible
17,2024-10-05 18:00:00,18,5,0,8,faible
18,2024-10-05 18:00:00,18,5,0,7,faible
19,2024-10-05 18:00:00,18,5,0,9,faible
20,2024-10-05 18:00:00,18,5,0,8,faible
21,2024-10-05 18:00:00,18,5,0,7,faible
22,2024-10-05 18:00:00,18,5,0,5,faible
23,2024-10-05 18:00:00,18,5,0,2,faible
24,2024-10-05 18:00:00,18,5,0,9,faible
25,2024-10-05 18:00:00,18,5,0,6,faible
26,2024-10-05 18:00:00,18,5,0,7,faible
27,2024-10-05 18:00:00,18,5,0,7,faible
28,2024-10-05 18:00:00,18,5,0,7,faible
29,2024-10-05 18:00:00,18,5,0,5,faible
30,2024-10-05 18:00:00,18,5,0,5,faible
31,2024-10-05 18:00:00,18,5,0,4,faible
32,2024-10-05 18:00:00,18,5,0,5,faible
33,2024-10-05 18:00:00,18,5,0,2,faible
34,2024-10-05 18:00:00,18,5,0,3,faible
35,2024-10-05 18:00:00,18,5,0,47,moyen
36,2024-10-05 18:00:00,18,5,0,2,faible
37,2024-10-05 18:00:00,18,5,0,2,faible
38,2024-10-05 18:00:00,18,5,0,13,faible
1,2024-10-05 19:00:00,19,5,0,2,faible
2,2024-10-05 19:00:00,19,5,0,0,faible
3,2024-10-05 19:00:00,19,5,0,2,faible
4,2024-10-05 19:00:00,19,5,0,1,faible
5,2024-10-05 19:00:00,19,5,0,18,faible
6,2024-10-05 19:00:00,19,5,0,44,faible
7,2024-10-05 19:00:00,19,5,0,38,faible
8,2024-10-05 19:00:00,19,5,0,3,faible
9,2024-10-05 19:00:00,19,5,0,3,faible
10,2024-10-05 19:00:00,19,5,0,1,faible
11,2024-10-05 19:00:00,19,5,0,2,faible
12,2024-10-05 19:00:00,19,5,0,1,faible
13,2024-10-05 19:00:00,19,5,0,2,faible
14,2024-10-05 19:00:00,19,5,0,8,faible
15,2024-10-05 19:00:00,19,5,0,9,faible
16,2024-10-05 19:00:00,19,5,0,7,faible
17,2024-10-05 19:00:00,19,5,0,8,faible
18,2024-10-05 19:00:00,19,5,0,4,faible
19,2024-10-05 19:00:00,19,5,0,11,faible
20,2024-10-05 19:00:00,19,5,0,6,faible
21,2024-10-05 19:00:00,19,5,0,6,faible
22,2024-10-05 19:00:00,19,5,0,5,faible
23,2024-10-05 19:00:00,19,5,0,5,faible
24,2024-10-05 19:00:00,19,5,0,7,faible
25,2024-10-05 19:00:00,19,5,0,3,faible
26,2024-10-05 19:00:00,19,5,0,6,faible
27,2024-10-05 19:00:00,19,5,0,3,faible
28,2024-10-05 19:00:00,19,5,0,8,faible
29,2024-10-05 19:00:00,19,5,0,2,faible
30,2024-10-05 19:00:00,19,5,0,3,faible
31,2024-10-05 19:00:00,19,5,0,2,faible
32,2024-10-05 19:00:00,19,5,0,4,faible
33,2024-10-05 19:00:00,19,5,0,1,faible
34,2024-10-05 19:00:00,19,5,0,1,faible
35,2024-10-05 19:00:00,19,5,0,43,moyen
36,2024-10-05 19:00:00,19,5,0,2,faible
37,2024-10-05 19:00:00,19,5,0,1,faible
38,2024-10-05 19:00:00,19,5,0,15,faible
1,2024-10-05 20:00:00,20,5,0,3,faible
2,2024-10-05 20:00:00,20,5,0,0,faible
3,2024-10-05 20:00:00,20,5,0,2,faible
4,2024-10-05 20:00:00,20,5,0,0,faible
5,2024-10-05 20:00:00,20,5,0,27,faible
6,2024-10-05 20:00:00,20,5,0,45,faible
7,2024-10-05 20:00:00,20,5,0,24,faible
8,2024-10-05 20:00:00,20,5,0,1,faible
9,2024-10-05 20:00:00,20,5,0,3,faible
10,2024-10-05 20:00:00,20,5,0,1,faible
11,2024-10-05 20:00:00,20,5,0,2,faible
12,2024-10-05 20:00:00,20,5,0,1,faible
13,2024-10-05 20:00:00,20,5,0,1,faible
14,2024-10-05 20:00:00,20,5,0,8,faible
15,2024-10-05 20:00:00,20,5,0,6,faible
16,2024-10-05 20:00:00,20,5,0,4,faible
17,2024-10-05 20:00:00,20,5,0,9,faible
18,2024-10-05 20:00:00,20,5,0,3,faible
19,2024-10-05 20:00:00,20,5,0,6,faible
20,2024-10-05 20:00:00,20,5,0,2,faible
21,2024-10-05 20:00:00,20,5,0,7,faible
22,2024-10-05 20:00:00,20,5,0,3,faible
23,2024-10-05 20:00:00,20,5,0,5,faible
24,2024-10-05 20:00:00,20,5,0,5,faible
25,2024-10-05 20:00:00,20,5,0,6,faible
26,2024-10-05 20:00:00,20,5,0,4,faible
27,2024-10-05 20:00:00,20,5,0,5,faible
28,2024-10-05 20:00:00,20,5,0,7,faible
29,2024-10-05 20:00:00,20,5,0,2,faible
30,2024-10-05 20:00:00,20,5,0,2,faible
31,2024-10-05 20:00:00,20,5,0,2,faible
32,2024-10-05 20:00:00,20,5,0,4,faible
33,2024-10-05 20:00:00,20,5,0,4,faible
34,2024-10-05 20:00:00,20,5,0,3,faible
35,2024-10-05 20:00:00,20,5,0,53,moyen
36,2024-10-05 20:00:00,20,5,0,1,faible
37,2024-10-05 20:00:00,20,5,0,1,faible
38,2024-10-05 20:00:00,20,5,0,27,faible
1,2024-10-05 21:00:00,21,5,0,0,faible
2,2024-10-05 21:00:00,21,5,0,2,faible
3,2024-10-05 21:00:00,21,5,0,2,faible
4,2024-10-05 21:00:00,21,5,0,1,faible
5,2024-10-05 21:00:00,21,5,0,24,faible
6,2024-10-05 21:00:00,21,5,0,32,faible
7,2024-10-05 21:00:00,21,5,0,23,faible
8,2024-10-05 21:00:00,21,5,0,4,faible
9,2024-10-05 21:00:00,21,5,0,5,faible
10,2024-10-05 21:00:00,21,5,0,2,faible
11,2024-10-05 21:00:00,21,5,0,2,faible
12,2024-10-05 21:00:00,21,5,0,1,faible
13,2024-10-05 21:00:00,21,5,0,2,faible
14,2024-10-05 21:00:00,21,5,0,7,faible
15,2024-10-05 21:00:00,21,5,0,6,faible
16,2024-10-05 21:00:00,21,5,0,3,faible
17,2024-10-05 21:00:00,21,5,0,6,faible
18,2024-10-05 21:00:00,21,5,0,6,faible
19,2024-10-05 21:00:00,21,5,0,10,faible
20,2024-10-05 21:00:00,21,5,0,7,faible
21,2024-10-05 21:00:00,21,5,0,4,faible
22,2024-10-05 21:00:00,21,5,0,3,faible
23,2024-10-05 21:00:00,21,5,0,2,faible
24,2024-10-05 21:00:00,21,5,0,8,faible
25,2024-10-05 21:00:00,21,5,0,8,faible
26,2024-10-05 21:00:00,21,5,0,7,faible
27,2024-10-05 21:00:00,21,5,0,2,faible
28,2024-10-05 21:00:00,21,5,0,6,faible
29,2024-10-05 21:00:00,21,5,0,5,faible
30,2024-10-05 21:00:00,21,5,0,5,faible
31,2024-10-05 21:00:00,21,5,0,3,faible
32,2024-10-05 21:00:00,21,5,0,5,faible
33,2024-10-05 21:00:00,21,5,0,3,faible
34,2024-10-05 21:00:00,21,5,0,3,faible
35,2024-10-05 21:00:00,21,5,0,45,moyen
36,2024-10-05 21:00:00,21,5,0,2,faible
37,2024-10-05 21:00:00,21,5,0,2,faible
38,2024-10-05 21:00:00,21,5,0,14,faible
