location_id,timestamp,heure_du_jour,jour_semaine,activite_prevue,nombre_etudiants,niveau_congestion
1,2026-05-01 07:00:00,7,4,1,90,eleve
2,2026-05-01 07:00:00,7,4,0,1,faible
3,2026-05-01 07:00:00,7,4,1,44,eleve
4,2026-05-01 07:00:00,7,4,1,39,moyen
5,2026-05-01 07:00:00,7,4,1,52,eleve
6,2026-05-01 07:00:00,7,4,1,54,eleve
7,2026-05-01 07:00:00,7,4,0,7,moyen
8,2026-05-01 07:00:00,7,4,0,2,faible
9,2026-05-01 07:00:00,7,4,0,3,faible
10,2026-05-01 07:00:00,7,4,0,1,faible
11,2026-05-01 07:00:00,7,4,0,0,faible
12,2026-05-01 07:00:00,7,4,1,20,moyen
13,2026-05-01 07:00:00,7,4,0,0,faible
14,2026-05-01 07:00:00,7,4,1,28,eleve
15,2026-05-01 07:00:00,7,4,0,0,faible
16,2026-05-01 07:00:00,7,4,1,18,moyen
17,2026-05-01 07:00:00,7,4,1,23,eleve
1,2026-05-01 08:00:00,8,4,1,105,eleve
2,2026-05-01 08:00:00,8,4,0,0,faible
3,2026-05-01 08:00:00,8,4,1,36,moyen
4,2026-05-01 08:00:00,8,4,1,48,eleve
5,2026-05-01 08:00:00,8,4,0,0,faible
6,2026-05-01 08:00:00,8,4,0,10,faible
7,2026-05-01 08:00:00,8,4,0,2,faible
8,2026-05-01 08:00:00,8,4,0,2,faible
9,2026-05-01 08:00:00,8,4,0,0,faible
10,2026-05-01 08:00:00,8,4,0,4,faible
11,2026-05-01 08:00:00,8,4,0,3,faible
12,2026-05-01 08:00:00,8,4,1,23,eleve
13,2026-05-01 08:00:00,8,4,0,2,faible
14,2026-05-01 08:00:00,8,4,1,21,moyen
15,2026-05-01 08:00:00,8,4,1,15,moyen
16,2026-05-01 08:00:00,8,4,0,11,moyen
17,2026-05-01 08:00:00,8,4,1,29,eleve
1,2026-05-01 09:00:00,9,4,1,109,eleve
2,2026-05-01 09:00:00,9,4,0,0,faible
3,2026-05-01 09:00:00,9,4,1,37,moyen
4,2026-05-01 09:00:00,9,4,0,16,faible
5,2026-05-01 09:00:00,9,4,1,36,moyen
6,2026-05-01 09:00:00,9,4,0,9,faible
7,2026-05-01 09:00:00,9,4,0,7,moyen
8,2026-05-01 09:00:00,9,4,0,2,faible
9,2026-05-01 09:00:00,9,4,0,0,faible
10,2026-05-01 09:00:00,9,4,0,4,faible
11,2026-05-01 09:00:00,9,4,0,7,moyen
12,2026-05-01 09:00:00,9,4,0,12,moyen
13,2026-05-01 09:00:00,9,4,1,18,moyen
14,2026-05-01 09:00:00,9,4,1,24,eleve
15,2026-05-01 09:00:00,9,4,0,6,faible
16,2026-05-01 09:00:00,9,4,1,21,moyen
17,2026-05-01 09:00:00,9,4,1,29,eleve
1,2026-05-01 10:00:00,10,4,1,84,moyen
2,2026-05-01 10:00:00,10,4,0,2,faible
3,2026-05-01 10:00:00,10,4,0,6,faible
4,2026-05-01 10:00:00,10,4,1,50,eleve
5,2026-05-01 10:00:00,10,4,0,24,moyen
6,2026-05-01 10:00:00,10,4,0,21,moyen
7,2026-05-01 10:00:00,10,4,0,0,faible
8,2026-05-01 10:00:00,10,4,0,4,faible
9,2026-05-01 10:00:00,10,4,0,2,faible
10,2026-05-01 10:00:00,10,4,0,2,faible
11,2026-05-01 10:00:00,10,4,0,5,moyen
12,2026-05-01 10:00:00,10,4,1,16,moyen
13,2026-05-01 10:00:00,10,4,1,23,eleve
14,2026-05-01 10:00:00,10,4,1,18,moyen
15,2026-05-01 10:00:00,10,4,1,21,moyen
16,2026-05-01 10:00:00,10,4,1,25,eleve
17,2026-05-01 10:00:00,10,4,0,0,faible
1,2026-05-01 11:00:00,11,4,1,95,eleve
2,2026-05-01 11:00:00,11,4,0,0,faible
3,2026-05-01 11:00:00,11,4,0,0,faible
4,2026-05-01 11:00:00,11,4,1,35,moyen
5,2026-05-01 11:00:00,11,4,0,4,faible
6,2026-05-01 11:00:00,11,4,1,33,moyen
7,2026-05-01 11:00:00,11,4,0,2,faible
8,2026-05-01 11:00:00,11,4,0,5,moyen
9,2026-05-01 11:00:00,11,4,0,1,faible
10,2026-05-01 11:00:00,11,4,0,4,faible
11,2026-05-01 11:00:00,11,4,0,1,faible
12,2026-05-01 11:00:00,11,4,0,0,faible
13,2026-05-01 11:00:00,11,4,0,10,moyen
14,2026-05-01 11:00:00,11,4,1,24,eleve
15,2026-05-01 11:00:00,11,4,0,3,faible
16,2026-05-01 11:00:00,11,4,1,30,eleve
17,2026-05-01 11:00:00,11,4,1,21,moyen
1,2026-05-01 12:00:00,12,4,1,80,moyen
2,2026-05-01 12:00:00,12,4,0,5,faible
3,2026-05-01 12:00:00,12,4,0,16,faible
4,2026-05-01 12:00:00,12,4,0,3,faible
5,2026-05-01 12:00:00,12,4,1,54,eleve
6,2026-05-01 12:00:00,12,4,1,48,eleve
7,2026-05-01 12:00:00,12,4,0,0,faible
8,2026-05-01 12:00:00,12,4,0,1,faible
9,2026-05-01 12:00:00,12,4,0,0,faible
10,2026-05-01 12:00:00,12,4,0,6,moyen
11,2026-05-01 12:00:00,12,4,0,3,faible
12,2026-05-01 12:00:00,12,4,1,26,eleve
13,2026-05-01 12:00:00,12,4,1,22,eleve
14,2026-05-01 12:00:00,12,4,1,13,moyen
15,2026-05-01 12:00:00,12,4,0,3,faible
16,2026-05-01 12:00:00,12,4,1,24,eleve
17,2026-05-01 12:00:00,12,4,0,4,faible
1,2026-05-01 13:00:00,13,4,1,96,eleve
2,2026-05-01 13:00:00,13,4,0,6,moyen
3,2026-05-01 13:00:00,13,4,0,23,moyen
4,2026-05-01 13:00:00,13,4,1,35,moyen
5,2026-05-01 13:00:00,13,4,1,35,moyen
6,2026-05-01 13:00:00,13,4,1,57,eleve
7,2026-05-01 13:00:00,13,4,0,0,faible
8,2026-05-01 13:00:00,13,4,0,7,moyen
9,2026-05-01 13:00:00,13,4,0,6,moyen
10,2026-05-01 13:00:00,13,4,0,5,moyen
11,2026-05-01 13:00:00,13,4,0,6,moyen
12,2026-05-01 13:00:00,13,4,0,9,moyen
13,2026-05-01 13:00:00,13,4,0,3,faible
14,2026-05-01 13:00:00,13,4,0,0,faible
15,2026-05-01 13:00:00,13,4,0,0,faible
16,2026-05-01 13:00:00,13,4,0,7,faible
17,2026-05-01 13:00:00,13,4,0,3,faible
1,2026-05-01 14:00:00,14,4,1,98,eleve
2,2026-05-01 14:00:00,14,4,0,0,faible
3,2026-05-01 14:00:00,14,4,0,0,faible
4,2026-05-01 14:00:00,14,4,0,13,faible
5,2026-05-01 14:00:00,14,4,1,50,eleve
6,2026-05-01 14:00:00,14,4,0,8,faible
7,2026-05-01 14:00:00,14,4,0,0,faible
8,2026-05-01 14:00:00,14,4,0,4,faible
9,2026-05-01 14:00:00,14,4,0,6,moyen
10,2026-05-01 14:00:00,14,4,0,0,faible
11,2026-05-01 14:00:00,14,4,0,5,moyen
12,2026-05-01 14:00:00,14,4,1,20,moyen
13,2026-05-01 14:00:00,14,4,1,28,eleve
14,2026-05-01 14:00:00,14,4,0,5,faible
15,2026-05-01 14:00:00,14,4,1,18,moyen
16,2026-05-01 14:00:00,14,4,1,20,moyen
17,2026-05-01 14:00:00,14,4,0,5,faible
1,2026-05-01 15:00:00,15,4,1,94,eleve
2,2026-05-01 15:00:00,15,4,0,3,faible
3,2026-05-01 15:00:00,15,4,1,39,moyen
4,2026-05-01 15:00:00,15,4,0,19,moyen
5,2026-05-01 15:00:00,15,4,1,41,moyen
6,2026-05-01 15:00:00,15,4,0,15,faible
7,2026-05-01 15:00:00,15,4,0,0,faible
8,2026-05-01 15:00:00,15,4,0,0,faible
9,2026-05-01 15:00:00,15,4,0,2,faible
10,2026-05-01 15:00:00,15,4,0,0,faible
11,2026-05-01 15:00:00,15,4,0,0,faible
12,2026-05-01 15:00:00,15,4,1,23,eleve
13,2026-05-01 15:00:00,15,4,1,20,moyen
14,2026-05-01 15:00:00,15,4,0,7,faible
15,2026-05-01 15:00:00,15,4,1,18,moyen
16,2026-05-01 15:00:00,15,4,0,7,faible
17,2026-05-01 15:00:00,15,4,1,23,eleve
1,2026-05-01 16:00:00,16,4,1,95,eleve
2,2026-05-01 16:00:00,16,4,0,0,faible
3,2026-05-01 16:00:00,16,4,0,14,faible
4,2026-05-01 16:00:00,16,4,0,16,faible
5,2026-05-01 16:00:00,16,4,1,46,eleve
6,2026-05-01 16:00:00,16,4,0,9,faible
7,2026-05-01 16:00:00,16,4,0,1,faible
8,2026-05-01 16:00:00,16,4,0,2,faible
9,2026-05-01 16:00:00,16,4,0,8,moyen
10,2026-05-01 16:00:00,16,4,0,0,faible
11,2026-05-01 16:00:00,16,4,0,5,moyen
12,2026-05-01 16:00:00,16,4,0,0,faible
13,2026-05-01 16:00:00,16,4,1,15,moyen
14,2026-05-01 16:00:00,16,4,1,18,moyen
15,2026-05-01 16:00:00,16,4,1,21,moyen
16,2026-05-01 16:00:00,16,4,0,2,faible
17,2026-05-01 16:00:00,16,4,1,24,eleve
1,2026-05-01 17:00:00,17,4,1,71,moyen
2,2026-05-01 17:00:00,17,4,0,11,moyen
3,2026-05-01 17:00:00,17,4,1,41,moyen
4,2026-05-01 17:00:00,17,4,1,48,eleve
5,2026-05-01 17:00:00,17,4,1,52,eleve
6,2026-05-01 17:00:00,17,4,0,9,faible
7,2026-05-01 17:00:00,17,4,0,4,faible
8,2026-05-01 17:00:00,17,4,0,3,faible
9,2026-05-01 17:00:00,17,4,0,4,faible
10,2026-05-01 17:00:00,17,4,0,2,faible
11,2026-05-01 17:00:00,17,4,0,0,faible
12,2026-05-01 17:00:00,17,4,0,15,moyen
13,2026-05-01 17:00:00,17,4,1,26,eleve
14,2026-05-01 17:00:00,17,4,0,1,faible
15,2026-05-01 17:00:00,17,4,1,20,moyen
16,2026-05-01 17:00:00,17,4,0,0,faible
17,2026-05-01 17:00:00,17,4,1,30,eleve
1,2026-05-01 18:00:00,18,4,1,101,eleve
2,2026-05-01 18:00:00,18,4,0,10,moyen
3,2026-05-01 18:00:00,18,4,1,45,eleve
4,2026-05-01 18:00:00,18,4,1,52,eleve
5,2026-05-01 18:00:00,18,4,0,11,faible
6,2026-05-01 18:00:00,18,4,0,0,faible
7,2026-05-01 18:00:00,18,4,0,5,moyen
8,2026-05-01 18:00:00,18,4,0,2,faible
9,2026-05-01 18:00:00,18,4,0,0,faible
10,2026-05-01 18:00:00,18,4,0,6,moyen
11,2026-05-01 18:00:00,18,4,0,2,faible
12,2026-05-01 18:00:00,18,4,0,14,moyen
13,2026-05-01 18:00:00,18,4,0,0,faible
14,2026-05-01 18:00:00,18,4,1,25,eleve
15,2026-05-01 18:00:00,18,4,1,19,moyen
16,2026-05-01 18:00:00,18,4,1,16,moyen
17,2026-05-01 18:00:00,18,4,0,6,faible
1,2026-05-01 19:00:00,19,4,1,92,eleve
2,2026-05-01 19:00:00,19,4,0,9,moyen
3,2026-05-01 19:00:00,19,4,0,5,faible
4,2026-05-01 19:00:00,19,4,1,35,moyen
5,2026-05-01 19:00:00,19,4,0,8,faible
6,2026-05-01 19:00:00,19,4,0,10,faible
7,2026-05-01 19:00:00,19,4,0,0,faible
8,2026-05-01 19:00:00,19,4,0,1,faible
9,2026-05-01 19:00:00,19,4,0,3,faible
10,2026-05-01 19:00:00,19,4,0,0,faible
11,2026-05-01 19:00:00,19,4,0,1,faible
12,2026-05-01 19:00:00,19,4,1,25,eleve
13,2026-05-01 19:00:00,19,4,0,6,faible
14,2026-05-01 19:00:00,19,4,1,15,moyen
15,2026-05-01 19:00:00,19,4,1,20,moyen
16,2026-05-01 19:00:00,19,4,1,23,eleve
17,2026-05-01 19:00:00,19,4,1,26,eleve
1,2026-05-01 20:00:00,20,4,1,85,eleve
2,2026-05-01 20:00:00,20,4,0,1,faible
3,2026-05-01 20:00:00,20,4,0,14,faible
4,2026-05-01 20:00:00,20,4,1,45,eleve
5,2026-05-01 20:00:00,20,4,1,41,moyen
6,2026-05-01 20:00:00,20,4,0,22,moyen
7,2026-05-01 20:00:00,20,4,0,1,faible
8,2026-05-01 20:00:00,20,4,0,2,faible
9,2026-05-01 20:00:00,20,4,0,3,faible
10,2026-05-01 20:00:00,20,4,0,5,moyen
11,2026-05-01 20:00:00,20,4,0,1,faible
12,2026-05-01 20:00:00,20,4,1,20,moyen
13,2026-05-01 20:00:00,20,4,0,4,faible
14,2026-05-01 20:00:00,20,4,1,22,eleve
15,2026-05-01 20:00:00,20,4,0,7,faible
16,2026-05-01 20:00:00,20,4,0,12,moyen
17,2026-05-01 20:00:00,20,4,0,5,faible
1,2026-05-01 21:00:00,21,4,1,99,eleve
2,2026-05-01 21:00:00,21,4,0,0,faible
3,2026-05-01 21:00:00,21,4,0,15,faible
4,2026-05-01 21:00:00,21,4,0,14,faible
5,2026-05-01 21:00:00,21,4,1,50,eleve
6,2026-05-01 21:00:00,21,4,1,49,eleve
7,2026-05-01 21:00:00,21,4,0,0,faible
8,2026-05-01 21:00:00,21,4,0,7,moyen
9,2026-05-01 21:00:00,21,4,0,2,faible
10,2026-05-01 21:00:00,21,4,0,6,moyen
11,2026-05-01 21:00:00,21,4,0,0,faible
12,2026-05-01 21:00:00,21,4,1,17,moyen
13,2026-05-01 21:00:00,21,4,1,20,moyen
14,2026-05-01 21:00:00,21,4,0,10,moyen
15,2026-05-01 21:00:00,21,4,1,23,eleve
16,2026-05-01 21:00:00,21,4,0,10,moyen
17,2026-05-01 21:00:00,21,4,1,22,eleve
1,2026-05-02 07:00:00,7,5,0,28,faible
2,2026-05-02 07:00:00,7,5,0,0,faible
3,2026-05-02 07:00:00,7,5,0,4,faible
4,2026-05-02 07:00:00,7,5,0,16,faible
5,2026-05-02 07:00:00,7,5,1,24,moyen
6,2026-05-02 07:00:00,7,5,0,10,faible
7,2026-05-02 07:00:00,7,5,0,6,moyen
8,2026-05-02 07:00:00,7,5,0,0,faible
9,2026-05-02 07:00:00,7,5,0,0,faible
10,2026-05-02 07:00:00,7,5,0,5,moyen
11,2026-05-02 07:00:00,7,5,0,5,moyen
12,2026-05-02 07:00:00,7,5,1,11,moyen
13,2026-05-02 07:00:00,7,5,0,0,faible
14,2026-05-02 07:00:00,7,5,0,0,faible
15,2026-05-02 07:00:00,7,5,0,8,faible
16,2026-05-02 07:00:00,7,5,1,14,moyen
17,2026-05-02 07:00:00,7,5,0,5,faible
1,2026-05-02 08:00:00,8,5,0,7,faible
2,2026-05-02 08:00:00,8,5,0,0,faible
3,2026-05-02 08:00:00,8,5,1,22,moyen
4,2026-05-02 08:00:00,8,5,1,24,moyen
5,2026-05-02 08:00:00,8,5,1,31,moyen
6,2026-05-02 08:00:00,8,5,1,39,moyen
7,2026-05-02 08:00:00,8,5,0,0,faible
8,2026-05-02 08:00:00,8,5,0,5,moyen
9,2026-05-02 08:00:00,8,5,0,3,faible
10,2026-05-02 08:00:00,8,5,0,1,faible
11,2026-05-02 08:00:00,8,5,0,0,faible
12,2026-05-02 08:00:00,8,5,0,7,faible
13,2026-05-02 08:00:00,8,5,1,14,moyen
14,2026-05-02 08:00:00,8,5,0,5,faible
15,2026-05-02 08:00:00,8,5,1,6,faible
16,2026-05-02 08:00:00,8,5,1,12,moyen
17,2026-05-02 08:00:00,8,5,0,0,faible
1,2026-05-02 09:00:00,9,5,0,22,faible
2,2026-05-02 09:00:00,9,5,0,4,faible
3,2026-05-02 09:00:00,9,5,0,15,faible
4,2026-05-02 09:00:00,9,5,0,7,faible
5,2026-05-02 09:00:00,9,5,1,21,moyen
6,2026-05-02 09:00:00,9,5,0,0,faible
7,2026-05-02 09:00:00,9,5,0,1,faible
8,2026-05-02 09:00:00,9,5,0,0,faible
9,2026-05-02 09:00:00,9,5,0,0,faible
10,2026-05-02 09:00:00,9,5,0,1,faible
11,2026-05-02 09:00:00,9,5,0,0,faible
12,2026-05-02 09:00:00,9,5,0,9,moyen
13,2026-05-02 09:00:00,9,5,1,13,moyen
14,2026-05-02 09:00:00,9,5,1,21,moyen
15,2026-05-02 09:00:00,9,5,1,16,moyen
16,2026-05-02 09:00:00,9,5,1,10,moyen
17,2026-05-02 09:00:00,9,5,0,0,faible
1,2026-05-02 10:00:00,10,5,0,2,faible
2,2026-05-02 10:00:00,10,5,0,2,faible
3,2026-05-02 10:00:00,10,5,1,38,moyen
4,2026-05-02 10:00:00,10,5,0,8,faible
5,2026-05-02 10:00:00,10,5,0,14,faible
6,2026-05-02 10:00:00,10,5,1,19,moyen
7,2026-05-02 10:00:00,10,5,0,0,faible
8,2026-05-02 10:00:00,10,5,0,5,moyen
9,2026-05-02 10:00:00,10,5,0,0,faible
10,2026-05-02 10:00:00,10,5,0,0,faible
11,2026-05-02 10:00:00,10,5,0,0,faible
12,2026-05-02 10:00:00,10,5,1,14,moyen
13,2026-05-02 10:00:00,10,5,1,12,moyen
14,2026-05-02 10:00:00,10,5,0,0,faible
15,2026-05-02 10:00:00,10,5,1,10,moyen
16,2026-05-02 10:00:00,10,5,1,12,moyen
17,2026-05-02 10:00:00,10,5,0,2,faible
1,2026-05-02 11:00:00,11,5,0,25,faible
2,2026-05-02 11:00:00,11,5,0,0,faible
3,2026-05-02 11:00:00,11,5,1,24,moyen
4,2026-05-02 11:00:00,11,5,1,39,moyen
5,2026-05-02 11:00:00,11,5,0,7,faible
6,2026-05-02 11:00:00,11,5,1,29,moyen
7,2026-05-02 11:00:00,11,5,0,2,faible
8,2026-05-02 11:00:00,11,5,0,4,faible
9,2026-05-02 11:00:00,11,5,0,4,faible
10,2026-05-02 11:00:00,11,5,0,3,faible
11,2026-05-02 11:00:00,11,5,0,0,faible
12,2026-05-02 11:00:00,11,5,1,17,moyen
13,2026-05-02 11:00:00,11,5,1,9,moyen
14,2026-05-02 11:00:00,11,5,0,3,faible
15,2026-05-02 11:00:00,11,5,0,0,faible
16,2026-05-02 11:00:00,11,5,0,2,faible
17,2026-05-02 11:00:00,11,5,0,0,faible
1,2026-05-02 12:00:00,12,5,0,11,faible
2,2026-05-02 12:00:00,12,5,0,8,moyen
3,2026-05-02 12:00:00,12,5,1,33,moyen
4,2026-05-02 12:00:00,12,5,0,1,faible
5,2026-05-02 12:00:00,12,5,1,25,moyen
6,2026-05-02 12:00:00,12,5,0,14,faible
7,2026-05-02 12:00:00,12,5,0,7,moyen
8,2026-05-02 12:00:00,12,5,0,7,moyen
9,2026-05-02 12:00:00,12,5,0,3,faible
10,2026-05-02 12:00:00,12,5,0,0,faible
11,2026-05-02 12:00:00,12,5,0,0,faible
12,2026-05-02 12:00:00,12,5,1,14,moyen
13,2026-05-02 12:00:00,12,5,1,17,moyen
14,2026-05-02 12:00:00,12,5,0,9,moyen
15,2026-05-02 12:00:00,12,5,1,13,moyen
16,2026-05-02 12:00:00,12,5,1,13,moyen
17,2026-05-02 12:00:00,12,5,1,18,moyen
1,2026-05-02 13:00:00,13,5,0,4,faible
2,2026-05-02 13:00:00,13,5,0,0,faible
3,2026-05-02 13:00:00,13,5,1,27,moyen
4,2026-05-02 13:00:00,13,5,1,26,moyen
5,2026-05-02 13:00:00,13,5,1,26,moyen
6,2026-05-02 13:00:00,13,5,0,5,faible
7,2026-05-02 13:00:00,13,5,0,0,faible
8,2026-05-02 13:00:00,13,5,0,0,faible
9,2026-05-02 13:00:00,13,5,0,2,faible
10,2026-05-02 13:00:00,13,5,0,3,faible
11,2026-05-02 13:00:00,13,5,0,1,faible
12,2026-05-02 13:00:00,13,5,1,23,eleve
13,2026-05-02 13:00:00,13,5,0,1,faible
14,2026-05-02 13:00:00,13,5,0,0,faible
15,2026-05-02 13:00:00,13,5,1,15,moyen
16,2026-05-02 13:00:00,13,5,1,8,faible
17,2026-05-02 13:00:00,13,5,1,15,moyen
1,2026-05-02 14:00:00,14,5,0,20,faible
2,2026-05-02 14:00:00,14,5,0,2,faible
3,2026-05-02 14:00:00,14,5,1,34,moyen
4,2026-05-02 14:00:00,14,5,0,7,faible
5,2026-05-02 14:00:00,14,5,0,12,faible
6,2026-05-02 14:00:00,14,5,1,27,moyen
7,2026-05-02 14:00:00,14,5,0,0,faible
8,2026-05-02 14:00:00,14,5,0,0,faible
9,2026-05-02 14:00:00,14,5,0,3,faible
10,2026-05-02 14:00:00,14,5,0,0,faible
11,2026-05-02 14:00:00,14,5,0,4,faible
12,2026-05-02 14:00:00,14,5,1,19,moyen
13,2026-05-02 14:00:00,14,5,0,0,faible
14,2026-05-02 14:00:00,14,5,0,3,faible
15,2026-05-02 14:00:00,14,5,1,18,moyen
16,2026-05-02 14:00:00,14,5,0,0,faible
17,2026-05-02 14:00:00,14,5,0,0,faible
1,2026-05-02 15:00:00,15,5,0,19,faible
2,2026-05-02 15:00:00,15,5,0,5,faible
3,2026-05-02 15:00:00,15,5,1,29,moyen
4,2026-05-02 15:00:00,15,5,1,33,moyen
5,2026-05-02 15:00:00,15,5,0,10,faible
6,2026-05-02 15:00:00,15,5,0,4,faible
7,2026-05-02 15:00:00,15,5,0,0,faible
8,2026-05-02 15:00:00,15,5,0,1,faible
9,2026-05-02 15:00:00,15,5,0,3,faible
10,2026-05-02 15:00:00,15,5,0,1,faible
11,2026-05-02 15:00:00,15,5,0,5,moyen
12,2026-05-02 15:00:00,15,5,1,10,moyen
13,2026-05-02 15:00:00,15,5,1,11,moyen
14,2026-05-02 15:00:00,15,5,1,9,moyen
15,2026-05-02 15:00:00,15,5,0,0,faible
16,2026-05-02 15:00:00,15,5,0,3,faible
17,2026-05-02 15:00:00,15,5,0,0,faible
1,2026-05-02 16:00:00,16,5,0,10,faible
2,2026-05-02 16:00:00,16,5,0,4,faible
3,2026-05-02 16:00:00,16,5,0,11,faible
4,2026-05-02 16:00:00,16,5,0,9,faible
5,2026-05-02 16:00:00,16,5,0,1,faible
6,2026-05-02 16:00:00,16,5,0,2,faible
7,2026-05-02 16:00:00,16,5,0,0,faible
8,2026-05-02 16:00:00,16,5,0,0,faible
9,2026-05-02 16:00:00,16,5,0,2,faible
10,2026-05-02 16:00:00,16,5,0,0,faible
11,2026-05-02 16:00:00,16,5,0,5,moyen
12,2026-05-02 16:00:00,16,5,0,0,faible
13,2026-05-02 16:00:00,16,5,1,13,moyen
14,2026-05-02 16:00:00,16,5,1,18,moyen
15,2026-05-02 16:00:00,16,5,0,6,faible
16,2026-05-02 16:00:00,16,5,1,17,moyen
17,2026-05-02 16:00:00,16,5,0,1,faible
1,2026-05-02 17:00:00,17,5,0,37,moyen
2,2026-05-02 17:00:00,17,5,0,0,faible
3,2026-05-02 17:00:00,17,5,0,3,faible
4,2026-05-02 17:00:00,17,5,0,0,faible
5,2026-05-02 17:00:00,17,5,1,31,moyen
6,2026-05-02 17:00:00,17,5,0,5,faible
7,2026-05-02 17:00:00,17,5,0,5,moyen
8,2026-05-02 17:00:00,17,5,0,0,faible
9,2026-05-02 17:00:00,17,5,0,4,faible
10,2026-05-02 17:00:00,17,5,0,0,faible
11,2026-05-02 17:00:00,17,5,0,5,moyen
12,2026-05-02 17:00:00,17,5,1,9,moyen
13,2026-05-02 17:00:00,17,5,0,0,faible
14,2026-05-02 17:00:00,17,5,0,0,faible
15,2026-05-02 17:00:00,17,5,0,5,faible
16,2026-05-02 17:00:00,17,5,1,19,moyen
17,2026-05-02 17:00:00,17,5,0,3,faible
1,2026-05-02 18:00:00,18,5,0,14,faible
2,2026-05-02 18:00:00,18,5,0,4,faible
3,2026-05-02 18:00:00,18,5,0,10,faible
4,2026-05-02 18:00:00,18,5,0,7,faible
5,2026-05-02 18:00:00,18,5,0,8,faible
6,2026-05-02 18:00:00,18,5,1,37,moyen
7,2026-05-02 18:00:00,18,5,0,5,moyen
8,2026-05-02 18:00:00,18,5,0,0,faible
9,2026-05-02 18:00:00,18,5,0,2,faible
10,2026-05-02 18:00:00,18,5,0,0,faible
11,2026-05-02 18:00:00,18,5,0,0,faible
12,2026-05-02 18:00:00,18,5,0,1,faible
13,2026-05-02 18:00:00,18,5,1,17,moyen
14,2026-05-02 18:00:00,18,5,0,3,faible
15,2026-05-02 18:00:00,18,5,0,9,moyen
16,2026-05-02 18:00:00,18,5,0,0,faible
17,2026-05-02 18:00:00,18,5,0,2,faible
1,2026-05-02 19:00:00,19,5,0,15,faible
2,2026-05-02 19:00:00,19,5,0,0,faible
3,2026-05-02 19:00:00,19,5,1,27,moyen
4,2026-05-02 19:00:00,19,5,1,32,moyen
5,2026-05-02 19:00:00,19,5,0,13,faible
6,2026-05-02 19:00:00,19,5,0,4,faible
7,2026-05-02 19:00:00,19,5,0,0,faible
8,2026-05-02 19:00:00,19,5,0,0,faible
9,2026-05-02 19:00:00,19,5,0,4,faible
10,2026-05-02 19:00:00,19,5,0,4,faible
11,2026-05-02 19:00:00,19,5,0,1,faible
12,2026-05-02 19:00:00,19,5,1,14,moyen
13,2026-05-02 19:00:00,19,5,1,7,faible
14,2026-05-02 19:00:00,19,5,1,6,faible
15,2026-05-02 19:00:00,19,5,1,12,moyen
16,2026-05-02 19:00:00,19,5,0,0,faible
17,2026-05-02 19:00:00,19,5,0,5,faible
1,2026-05-02 20:00:00,20,5,0,5,faible
2,2026-05-02 20:00:00,20,5,0,0,faible
3,2026-05-02 20:00:00,20,5,0,11,faible
4,2026-05-02 20:00:00,20,5,0,16,faible
5,2026-05-02 20:00:00,20,5,1,28,moyen
6,2026-05-02 20:00:00,20,5,0,9,faible
7,2026-05-02 20:00:00,20,5,0,0,faible
8,2026-05-02 20:00:00,20,5,0,0,faible
9,2026-05-02 20:00:00,20,5,0,1,faible
10,2026-05-02 20:00:00,20,5,0,4,faible
11,2026-05-02 20:00:00,20,5,0,0,faible
12,2026-05-02 20:00:00,20,5,0,8,faible
13,2026-05-02 20:00:00,20,5,0,4,faible
14,2026-05-02 20:00:00,20,5,1,13,moyen
15,2026-05-02 20:00:00,20,5,1,17,moyen
16,2026-05-02 20:00:00,20,5,0,2,faible
17,2026-05-02 20:00:00,20,5,1,15,moyen
1,2026-05-02 21:00:00,21,5,0,15,faible
2,2026-05-02 21:00:00,21,5,0,4,faible
3,2026-05-02 21:00:00,21,5,1,17,faible
4,2026-05-02 21:00:00,21,5,1,31,moyen
5,2026-05-02 21:00:00,21,5,0,16,faible
6,2026-05-02 21:00:00,21,5,0,13,faible
7,2026-05-02 21:00:00,21,5,0,4,faible
8,2026-05-02 21:00:00,21,5,0,2,faible
9,2026-05-02 21:00:00,21,5,0,0,faible
10,2026-05-02 21:00:00,21,5,0,4,faible
11,2026-05-02 21:00:00,21,5,0,2,faible
12,2026-05-02 21:00:00,21,5,0,9,moyen
13,2026-05-02 21:00:00,21,5,1,15,moyen
14,2026-05-02 21:00:00,21,5,0,2,faible
15,2026-05-02 21:00:00,21,5,1,18,moyen
16,2026-05-02 21:00:00,21,5,1,16,moyen
17,2026-05-02 21:00:00,21,5,1,7,faible
1,2026-05-04 07:00:00,7,0,1,85,eleve
2,2026-05-04 07:00:00,7,0,0,1,faible
3,2026-05-04 07:00:00,7,0,0,21,moyen
4,2026-05-04 07:00:00,7,0,0,13,faible
5,2026-05-04 07:00:00,7,0,1,48,eleve
6,2026-05-04 07:00:00,7,0,1,53,eleve
7,2026-05-04 07:00:00,7,0,0,9,moyen
8,2026-05-04 07:00:00,7,0,0,1,faible
9,2026-05-04 07:00:00,7,0,0,0,faible
10,2026-05-04 07:00:00,7,0,0,0,faible
11,2026-05-04 07:00:00,7,0,0,0,faible
12,2026-05-04 07:00:00,7,0,1,17,moyen
13,2026-05-04 07:00:00,7,0,1,21,moyen
14,2026-05-04 07:00:00,7,0,0,13,moyen
15,2026-05-04 07:00:00,7,0,1,20,moyen
16,2026-05-04 07:00:00,7,0,0,0,faible
17,2026-05-04 07:00:00,7,0,0,2,faible
1,2026-05-04 08:00:00,8,0,1,80,moyen
2,2026-05-04 08:00:00,8,0,0,0,faible
3,2026-05-04 08:00:00,8,0,0,20,moyen
4,2026-05-04 08:00:00,8,0,0,12,faible
5,2026-05-04 08:00:00,8,0,1,48,eleve
6,2026-05-04 08:00:00,8,0,0,17,faible
7,2026-05-04 08:00:00,8,0,0,0,faible
8,2026-05-04 08:00:00,8,0,0,0,faible
9,2026-05-04 08:00:00,8,0,0,0,faible
10,2026-05-04 08:00:00,8,0,0,7,moyen
11,2026-05-04 08:00:00,8,0,0,7,moyen
12,2026-05-04 08:00:00,8,0,1,22,eleve
13,2026-05-04 08:00:00,8,0,1,17,moyen
14,2026-05-04 08:00:00,8,0,0,6,faible
15,2026-05-04 08:00:00,8,0,0,6,faible
16,2026-05-04 08:00:00,8,0,1,19,moyen
17,2026-05-04 08:00:00,8,0,1,24,eleve
1,2026-05-04 09:00:00,9,0,1,84,moyen
2,2026-05-04 09:00:00,9,0,0,3,faible
3,2026-05-04 09:00:00,9,0,1,52,eleve
4,2026-05-04 09:00:00,9,0,0,0,faible
5,2026-05-04 09:00:00,9,0,0,20,moyen
6,2026-05-04 09:00:00,9,0,1,44,eleve
7,2026-05-04 09:00:00,9,0,0,6,moyen
8,2026-05-04 09:00:00,9,0,0,7,moyen
9,2026-05-04 09:00:00,9,0,0,0,faible
10,2026-05-04 09:00:00,9,0,0,0,faible
11,2026-05-04 09:00:00,9,0,0,3,faible
12,2026-05-04 09:00:00,9,0,0,4,faible
13,2026-05-04 09:00:00,9,0,1,27,eleve
14,2026-05-04 09:00:00,9,0,0,2,faible
15,2026-05-04 09:00:00,9,0,1,24,eleve
16,2026-05-04 09:00:00,9,0,0,5,faible
17,2026-05-04 09:00:00,9,0,1,27,eleve
1,2026-05-04 10:00:00,10,0,1,85,eleve
2,2026-05-04 10:00:00,10,0,0,6,moyen
3,2026-05-04 10:00:00,10,0,0,16,faible
4,2026-05-04 10:00:00,10,0,0,22,moyen
5,2026-05-04 10:00:00,10,0,0,16,faible
6,2026-05-04 10:00:00,10,0,0,10,faible
7,2026-05-04 10:00:00,10,0,0,5,moyen
8,2026-05-04 10:00:00,10,0,0,0,faible
9,2026-05-04 10:00:00,10,0,0,2,faible
10,2026-05-04 10:00:00,10,0,0,0,faible
11,2026-05-04 10:00:00,10,0,0,2,faible
12,2026-05-04 10:00:00,10,0,0,2,faible
13,2026-05-04 10:00:00,10,0,0,12,moyen
14,2026-05-04 10:00:00,10,0,1,20,moyen
15,2026-05-04 10:00:00,10,0,1,23,eleve
16,2026-05-04 10:00:00,10,0,0,1,faible
17,2026-05-04 10:00:00,10,0,1,26,eleve
1,2026-05-04 11:00:00,11,0,1,99,eleve
2,2026-05-04 11:00:00,11,0,0,5,faible
3,2026-05-04 11:00:00,11,0,1,47,eleve
4,2026-05-04 11:00:00,11,0,0,3,faible
5,2026-05-04 11:00:00,11,0,0,27,moyen
6,2026-05-04 11:00:00,11,0,0,6,faible
7,2026-05-04 11:00:00,11,0,0,5,moyen
8,2026-05-04 11:00:00,11,0,0,0,faible
9,2026-05-04 11:00:00,11,0,0,6,moyen
10,2026-05-04 11:00:00,11,0,0,0,faible
11,2026-05-04 11:00:00,11,0,0,1,faible
12,2026-05-04 11:00:00,11,0,1,21,moyen
13,2026-05-04 11:00:00,11,0,0,5,faible
14,2026-05-04 11:00:00,11,0,0,0,faible
15,2026-05-04 11:00:00,11,0,0,5,faible
16,2026-05-04 11:00:00,11,0,0,0,faible
17,2026-05-04 11:00:00,11,0,0,0,faible
1,2026-05-04 12:00:00,12,0,1,108,eleve
2,2026-05-04 12:00:00,12,0,0,4,faible
3,2026-05-04 12:00:00,12,0,0,9,faible
4,2026-05-04 12:00:00,12,0,1,50,eleve
5,2026-05-04 12:00:00,12,0,1,49,eleve
6,2026-05-04 12:00:00,12,0,0,17,faible
7,2026-05-04 12:00:00,12,0,0,7,moyen
8,2026-05-04 12:00:00,12,0,0,6,moyen
9,2026-05-04 12:00:00,12,0,0,2,faible
10,2026-05-04 12:00:00,12,0,0,3,faible
11,2026-05-04 12:00:00,12,0,0,0,faible
12,2026-05-04 12:00:00,12,0,0,0,faible
13,2026-05-04 12:00:00,12,0,0,9,moyen
14,2026-05-04 12:00:00,12,0,0,1,faible
15,2026-05-04 12:00:00,12,0,1,23,eleve
16,2026-05-04 12:00:00,12,0,1,30,eleve
17,2026-05-04 12:00:00,12,0,1,17,moyen
1,2026-05-04 13:00:00,13,0,1,105,eleve
2,2026-05-04 13:00:00,13,0,0,8,moyen
3,2026-05-04 13:00:00,13,0,1,37,moyen
4,2026-05-04 13:00:00,13,0,1,58,eleve
5,2026-05-04 13:00:00,13,0,1,36,moyen
6,2026-05-04 13:00:00,13,0,0,18,moyen
7,2026-05-04 13:00:00,13,0,0,3,faible
8,2026-05-04 13:00:00,13,0,0,4,faible
9,2026-05-04 13:00:00,13,0,0,4,faible
10,2026-05-04 13:00:00,13,0,0,1,faible
11,2026-05-04 13:00:00,13,0,0,8,moyen
12,2026-05-04 13:00:00,13,0,0,6,faible
13,2026-05-04 13:00:00,13,0,1,21,moyen
14,2026-05-04 13:00:00,13,0,0,5,faible
15,2026-05-04 13:00:00,13,0,0,14,moyen
16,2026-05-04 13:00:00,13,0,1,24,eleve
17,2026-05-04 13:00:00,13,0,0,8,faible
1,2026-05-04 14:00:00,14,0,1,116,eleve
2,2026-05-04 14:00:00,14,0,0,0,faible
3,2026-05-04 14:00:00,14,0,1,57,eleve
4,2026-05-04 14:00:00,14,0,0,4,faible
5,2026-05-04 14:00:00,14,0,1,48,eleve
6,2026-05-04 14:00:00,14,0,1,58,eleve
7,2026-05-04 14:00:00,14,0,0,0,faible
8,2026-05-04 14:00:00,14,0,0,4,faible
9,2026-05-04 14:00:00,14,0,0,0,faible
10,2026-05-04 14:00:00,14,0,0,0,faible
11,2026-05-04 14:00:00,14,0,0,0,faible
12,2026-05-04 14:00:00,14,0,0,8,faible
13,2026-05-04 14:00:00,14,0,0,9,moyen
14,2026-05-04 14:00:00,14,0,1,26,eleve
15,2026-05-04 14:00:00,14,0,0,8,faible
16,2026-05-04 14:00:00,14,0,1,26,eleve
17,2026-05-04 14:00:00,14,0,1,24,eleve
1,2026-05-04 15:00:00,15,0,1,84,moyen
2,2026-05-04 15:00:00,15,0,0,6,moyen
3,2026-05-04 15:00:00,15,0,0,24,moyen
4,2026-05-04 15:00:00,15,0,1,47,eleve
5,2026-05-04 15:00:00,15,0,0,4,faible
6,2026-05-04 15:00:00,15,0,1,35,moyen
7,2026-05-04 15:00:00,15,0,0,0,faible
8,2026-05-04 15:00:00,15,0,0,2,faible
9,2026-05-04 15:00:00,15,0,0,2,faible
10,2026-05-04 15:00:00,15,0,0,3,faible
11,2026-05-04 15:00:00,15,0,0,0,faible
12,2026-05-04 15:00:00,15,0,1,18,moyen
13,2026-05-04 15:00:00,15,0,1,17,moyen
14,2026-05-04 15:00:00,15,0,1,24,eleve
15,2026-05-04 15:00:00,15,0,1,19,moyen
16,2026-05-04 15:00:00,15,0,1,24,eleve
17,2026-05-04 15:00:00,15,0,1,17,moyen
1,2026-05-04 16:00:00,16,0,1,116,eleve
2,2026-05-04 16:00:00,16,0,0,3,faible
3,2026-05-04 16:00:00,16,0,0,21,moyen
4,2026-05-04 16:00:00,16,0,1,40,moyen
5,2026-05-04 16:00:00,16,0,1,41,moyen
6,2026-05-04 16:00:00,16,0,1,31,moyen
7,2026-05-04 16:00:00,16,0,0,3,faible
8,2026-05-04 16:00:00,16,0,0,8,moyen
9,2026-05-04 16:00:00,16,0,0,0,faible
10,2026-05-04 16:00:00,16,0,0,4,faible
11,2026-05-04 16:00:00,16,0,0,2,faible
12,2026-05-04 16:00:00,16,0,0,4,faible
13,2026-05-04 16:00:00,16,0,0,3,faible
14,2026-05-04 16:00:00,16,0,0,0,faible
15,2026-05-04 16:00:00,16,0,1,24,eleve
16,2026-05-04 16:00:00,16,0,0,4,faible
17,2026-05-04 16:00:00,16,0,1,30,eleve
1,2026-05-04 17:00:00,17,0,1,98,eleve
2,2026-05-04 17:00:00,17,0,0,6,moyen
3,2026-05-04 17:00:00,17,0,1,53,eleve
4,2026-05-04 17:00:00,17,0,0,6,faible
5,2026-05-04 17:00:00,17,0,1,41,moyen
6,2026-05-04 17:00:00,17,0,0,0,faible
7,2026-05-04 17:00:00,17,0,0,1,faible
8,2026-05-04 17:00:00,17,0,0,0,faible
9,2026-05-04 17:00:00,17,0,0,1,faible
10,2026-05-04 17:00:00,17,0,0,0,faible
11,2026-05-04 17:00:00,17,0,0,1,faible
12,2026-05-04 17:00:00,17,0,1,20,moyen
13,2026-05-04 17:00:00,17,0,1,30,eleve
14,2026-05-04 17:00:00,17,0,0,5,faible
15,2026-05-04 17:00:00,17,0,1,22,eleve
16,2026-05-04 17:00:00,17,0,1,17,moyen
17,2026-05-04 17:00:00,17,0,1,18,moyen
1,2026-05-04 18:00:00,18,0,1,100,eleve
2,2026-05-04 18:00:00,18,0,0,0,faible
3,2026-05-04 18:00:00,18,0,1,40,moyen
4,2026-05-04 18:00:00,18,0,0,16,faible
5,2026-05-04 18:00:00,18,0,1,34,moyen
6,2026-05-04 18:00:00,18,0,1,35,moyen
7,2026-05-04 18:00:00,18,0,0,0,faible
8,2026-05-04 18:00:00,18,0,0,6,moyen
9,2026-05-04 18:00:00,18,0,0,0,faible
10,2026-05-04 18:00:00,18,0,0,3,faible
11,2026-05-04 18:00:00,18,0,0,4,faible
12,2026-05-04 18:00:00,18,0,1,20,moyen
13,2026-05-04 18:00:00,18,0,0,0,faible
14,2026-05-04 18:00:00,18,0,1,17,moyen
15,2026-05-04 18:00:00,18,0,1,21,moyen
16,2026-05-04 18:00:00,18,0,0,7,faible
17,2026-05-04 18:00:00,18,0,1,24,eleve
1,2026-05-04 19:00:00,19,0,1,112,eleve
2,2026-05-04 19:00:00,19,0,0,3,faible
3,2026-05-04 19:00:00,19,0,0,11,faible
4,2026-05-04 19:00:00,19,0,1,48,eleve
5,2026-05-04 19:00:00,19,0,1,40,moyen
6,2026-05-04 19:00:00,19,0,0,3,faible
7,2026-05-04 19:00:00,19,0,0,0,faible
8,2026-05-04 19:00:00,19,0,0,1,faible
9,2026-05-04 19:00:00,19,0,0,0,faible
10,2026-05-04 19:00:00,19,0,0,0,faible
11,2026-05-04 19:00:00,19,0,0,6,moyen
12,2026-05-04 19:00:00,19,0,1,24,eleve
13,2026-05-04 19:00:00,19,0,1,25,eleve
14,2026-05-04 19:00:00,19,0,1,22,eleve
15,2026-05-04 19:00:00,19,0,1,30,eleve
16,2026-05-04 19:00:00,19,0,0,8,faible
17,2026-05-04 19:00:00,19,0,1,20,moyen
1,2026-05-04 20:00:00,20,0,1,106,eleve
2,2026-05-04 20:00:00,20,0,0,0,faible
3,2026-05-04 20:00:00,20,0,1,53,eleve
4,2026-05-04 20:00:00,20,0,1,40,moyen
5,2026-05-04 20:00:00,20,0,0,3,faible
6,2026-05-04 20:00:00,20,0,1,49,eleve
7,2026-05-04 20:00:00,20,0,0,0,faible
8,2026-05-04 20:00:00,20,0,0,3,faible
9,2026-05-04 20:00:00,20,0,0,0,faible
10,2026-05-04 20:00:00,20,0,0,3,faible
11,2026-05-04 20:00:00,20,0,0,1,faible
12,2026-05-04 20:00:00,20,0,1,22,eleve
13,2026-05-04 20:00:00,20,0,0,4,faible
14,2026-05-04 20:00:00,20,0,1,15,moyen
15,2026-05-04 20:00:00,20,0,0,3,faible
16,2026-05-04 20:00:00,20,0,0,12,moyen
17,2026-05-04 20:00:00,20,0,0,2,faible
1,2026-05-04 21:00:00,21,0,1,110,eleve
2,2026-05-04 21:00:00,21,0,0,0,faible
3,2026-05-04 21:00:00,21,0,0,25,moyen
4,2026-05-04 21:00:00,21,0,1,38,moyen
5,2026-05-04 21:00:00,21,0,0,11,faible
6,2026-05-04 21:00:00,21,0,0,16,faible
7,2026-05-04 21:00:00,21,0,0,5,moyen
8,2026-05-04 21:00:00,21,0,0,2,faible
9,2026-05-04 21:00:00,21,0,0,9,moyen
10,2026-05-04 21:00:00,21,0,0,2,faible
11,2026-05-04 21:00:00,21,0,0,0,faible
12,2026-05-04 21:00:00,21,0,0,1,faible
13,2026-05-04 21:00:00,21,0,0,8,faible
14,2026-05-04 21:00:00,21,0,0,0,faible
15,2026-05-04 21:00:00,21,0,0,6,faible
16,2026-05-04 21:00:00,21,0,1,22,eleve
17,2026-05-04 21:00:00,21,0,0,0,faible
1,2026-05-05 07:00:00,7,1,0,1,faible
2,2026-05-05 07:00:00,7,1,0,0,faible
3,2026-05-05 07:00:00,7,1,1,45,eleve
4,2026-05-05 07:00:00,7,1,1,48,eleve
5,2026-05-05 07:00:00,7,1,0,1,faible
6,2026-05-05 07:00:00,7,1,0,5,faible
7,2026-05-05 07:00:00,7,1,1,9,moyen
8,2026-05-05 07:00:00,7,1,1,8,moyen
9,2026-05-05 07:00:00,7,1,1,11,eleve
10,2026-05-05 07:00:00,7,1,1,9,moyen
11,2026-05-05 07:00:00,7,1,1,12,eleve
12,2026-05-05 07:00:00,7,1,0,10,moyen
13,2026-05-05 07:00:00,7,1,0,6,faible
14,2026-05-05 07:00:00,7,1,0,3,faible
15,2026-05-05 07:00:00,7,1,0,4,faible
16,2026-05-05 07:00:00,7,1,0,0,faible
17,2026-05-05 07:00:00,7,1,0,0,faible
1,2026-05-05 08:00:00,8,1,0,14,faible
2,2026-05-05 08:00:00,8,1,0,1,faible
3,2026-05-05 08:00:00,8,1,1,49,eleve
4,2026-05-05 08:00:00,8,1,0,14,faible
5,2026-05-05 08:00:00,8,1,0,15,faible
6,2026-05-05 08:00:00,8,1,1,58,eleve
7,2026-05-05 08:00:00,8,1,1,6,moyen
8,2026-05-05 08:00:00,8,1,1,15,eleve
9,2026-05-05 08:00:00,8,1,1,7,moyen
10,2026-05-05 08:00:00,8,1,1,13,eleve
11,2026-05-05 08:00:00,8,1,1,14,eleve
12,2026-05-05 08:00:00,8,1,0,10,moyen
13,2026-05-05 08:00:00,8,1,0,8,faible
14,2026-05-05 08:00:00,8,1,0,1,faible
15,2026-05-05 08:00:00,8,1,1,22,eleve
16,2026-05-05 08:00:00,8,1,0,2,faible
17,2026-05-05 08:00:00,8,1,1,25,eleve
1,2026-05-05 09:00:00,9,1,0,2,faible
2,2026-05-05 09:00:00,9,1,0,1,faible
3,2026-05-05 09:00:00,9,1,0,3,faible
4,2026-05-05 09:00:00,9,1,1,52,eleve
5,2026-05-05 09:00:00,9,1,1,46,eleve
6,2026-05-05 09:00:00,9,1,1,47,eleve
7,2026-05-05 09:00:00,9,1,1,7,moyen
8,2026-05-05 09:00:00,9,1,1,15,eleve
9,2026-05-05 09:00:00,9,1,1,14,eleve
10,2026-05-05 09:00:00,9,1,1,12,eleve
11,2026-05-05 09:00:00,9,1,1,13,eleve
12,2026-05-05 09:00:00,9,1,1,23,eleve
13,2026-05-05 09:00:00,9,1,1,26,eleve
14,2026-05-05 09:00:00,9,1,0,7,faible
15,2026-05-05 09:00:00,9,1,1,22,eleve
16,2026-05-05 09:00:00,9,1,1,19,moyen
17,2026-05-05 09:00:00,9,1,1,17,moyen
1,2026-05-05 10:00:00,10,1,0,35,faible
2,2026-05-05 10:00:00,10,1,0,4,faible
3,2026-05-05 10:00:00,10,1,0,21,moyen
4,2026-05-05 10:00:00,10,1,0,18,moyen
5,2026-05-05 10:00:00,10,1,0,22,moyen
6,2026-05-05 10:00:00,10,1,0,0,faible
7,2026-05-05 10:00:00,10,1,1,8,moyen
8,2026-05-05 10:00:00,10,1,1,15,eleve
9,2026-05-05 10:00:00,10,1,1,15,eleve
10,2026-05-05 10:00:00,10,1,1,11,eleve
11,2026-05-05 10:00:00,10,1,1,15,eleve
12,2026-05-05 10:00:00,10,1,1,20,moyen
13,2026-05-05 10:00:00,10,1,0,3,faible
14,2026-05-05 10:00:00,10,1,0,10,moyen
15,2026-05-05 10:00:00,10,1,1,19,moyen
16,2026-05-05 10:00:00,10,1,1,19,moyen
17,2026-05-05 10:00:00,10,1,0,2,faible
1,2026-05-05 11:00:00,11,1,0,16,faible
2,2026-05-05 11:00:00,11,1,0,3,faible
3,2026-05-05 11:00:00,11,1,1,35,moyen
4,2026-05-05 11:00:00,11,1,0,0,faible
5,2026-05-05 11:00:00,11,1,1,45,eleve
6,2026-05-05 11:00:00,11,1,1,51,eleve
7,2026-05-05 11:00:00,11,1,1,15,eleve
8,2026-05-05 11:00:00,11,1,1,11,eleve
9,2026-05-05 11:00:00,11,1,1,5,moyen
10,2026-05-05 11:00:00,11,1,1,15,eleve
11,2026-05-05 11:00:00,11,1,1,15,eleve
12,2026-05-05 11:00:00,11,1,1,24,eleve
13,2026-05-05 11:00:00,11,1,0,10,moyen
14,2026-05-05 11:00:00,11,1,0,12,moyen
15,2026-05-05 11:00:00,11,1,1,25,eleve
16,2026-05-05 11:00:00,11,1,1,15,moyen
17,2026-05-05 11:00:00,11,1,1,16,moyen
1,2026-05-05 12:00:00,12,1,0,15,faible
2,2026-05-05 12:00:00,12,1,0,0,faible
3,2026-05-05 12:00:00,12,1,1,48,eleve
4,2026-05-05 12:00:00,12,1,0,8,faible
5,2026-05-05 12:00:00,12,1,1,32,moyen
6,2026-05-05 12:00:00,12,1,0,7,faible
7,2026-05-05 12:00:00,12,1,1,9,moyen
8,2026-05-05 12:00:00,12,1,1,6,moyen
9,2026-05-05 12:00:00,12,1,1,11,eleve
10,2026-05-05 12:00:00,12,1,1,15,eleve
11,2026-05-05 12:00:00,12,1,1,15,eleve
12,2026-05-05 12:00:00,12,1,1,18,moyen
13,2026-05-05 12:00:00,12,1,1,17,moyen
14,2026-05-05 12:00:00,12,1,1,15,moyen
15,2026-05-05 12:00:00,12,1,0,0,faible
16,2026-05-05 12:00:00,12,1,0,5,faible
17,2026-05-05 12:00:00,12,1,0,7,faible
1,2026-05-05 13:00:00,13,1,0,42,moyen
2,2026-05-05 13:00:00,13,1,0,3,faible
3,2026-05-05 13:00:00,13,1,0,13,faible
4,2026-05-05 13:00:00,13,1,1,42,moyen
5,2026-05-05 13:00:00,13,1,0,16,faible
6,2026-05-05 13:00:00,13,1,0,18,moyen
7,2026-05-05 13:00:00,13,1,1,14,eleve
8,2026-05-05 13:00:00,13,1,1,12,eleve
9,2026-05-05 13:00:00,13,1,1,11,eleve
10,2026-05-05 13:00:00,13,1,1,14,eleve
11,2026-05-05 13:00:00,13,1,1,7,moyen
12,2026-05-05 13:00:00,13,1,0,0,faible
13,2026-05-05 13:00:00,13,1,1,24,eleve
14,2026-05-05 13:00:00,13,1,0,5,faible
15,2026-05-05 13:00:00,13,1,0,1,faible
16,2026-05-05 13:00:00,13,1,0,0,faible
17,2026-05-05 13:00:00,13,1,0,4,faible
1,2026-05-05 14:00:00,14,1,0,29,faible
2,2026-05-05 14:00:00,14,1,0,0,faible
3,2026-05-05 14:00:00,14,1,0,4,faible
4,2026-05-05 14:00:00,14,1,1,46,eleve
5,2026-05-05 14:00:00,14,1,0,21,moyen
6,2026-05-05 14:00:00,14,1,1,46,eleve
7,2026-05-05 14:00:00,14,1,1,11,eleve
8,2026-05-05 14:00:00,14,1,1,15,eleve
9,2026-05-05 14:00:00,14,1,1,11,eleve
10,2026-05-05 14:00:00,14,1,1,8,moyen
11,2026-05-05 14:00:00,14,1,1,8,moyen
12,2026-05-05 14:00:00,14,1,1,25,eleve
13,2026-05-05 14:00:00,14,1,0,0,faible
14,2026-05-05 14:00:00,14,1,1,22,eleve
15,2026-05-05 14:00:00,14,1,0,6,faible
16,2026-05-05 14:00:00,14,1,1,18,moyen
17,2026-05-05 14:00:00,14,1,0,9,moyen
1,2026-05-05 15:00:00,15,1,0,32,faible
2,2026-05-05 15:00:00,15,1,0,0,faible
3,2026-05-05 15:00:00,15,1,0,18,moyen
4,2026-05-05 15:00:00,15,1,1,33,moyen
5,2026-05-05 15:00:00,15,1,0,1,faible
6,2026-05-05 15:00:00,15,1,1,50,eleve
7,2026-05-05 15:00:00,15,1,1,12,eleve
8,2026-05-05 15:00:00,15,1,1,8,moyen
9,2026-05-05 15:00:00,15,1,1,7,moyen
10,2026-05-05 15:00:00,15,1,1,11,eleve
11,2026-05-05 15:00:00,15,1,1,7,moyen
12,2026-05-05 15:00:00,15,1,1,19,moyen
13,2026-05-05 15:00:00,15,1,1,24,eleve
14,2026-05-05 15:00:00,15,1,0,7,faible
15,2026-05-05 15:00:00,15,1,1,22,eleve
16,2026-05-05 15:00:00,15,1,0,7,faible
17,2026-05-05 15:00:00,15,1,0,2,faible
1,2026-05-05 16:00:00,16,1,0,3,faible
2,2026-05-05 16:00:00,16,1,0,0,faible
3,2026-05-05 16:00:00,16,1,0,15,faible
4,2026-05-05 16:00:00,16,1,0,11,faible
5,2026-05-05 16:00:00,16,1,0,0,faible
6,2026-05-05 16:00:00,16,1,1,41,moyen
7,2026-05-05 16:00:00,16,1,1,15,eleve
8,2026-05-05 16:00:00,16,1,1,9,moyen
9,2026-05-05 16:00:00,16,1,1,11,eleve
10,2026-05-05 16:00:00,16,1,1,12,eleve
11,2026-05-05 16:00:00,16,1,1,8,moyen
12,2026-05-05 16:00:00,16,1,1,19,moyen
13,2026-05-05 16:00:00,16,1,1,20,moyen
14,2026-05-05 16:00:00,16,1,0,1,faible
15,2026-05-05 16:00:00,16,1,0,12,moyen
16,2026-05-05 16:00:00,16,1,1,18,moyen
17,2026-05-05 16:00:00,16,1,0,13,moyen
1,2026-05-05 17:00:00,17,1,0,47,moyen
2,2026-05-05 17:00:00,17,1,0,4,faible
3,2026-05-05 17:00:00,17,1,0,21,moyen
4,2026-05-05 17:00:00,17,1,1,54,eleve
5,2026-05-05 17:00:00,17,1,1,39,moyen
6,2026-05-05 17:00:00,17,1,1,50,eleve
7,2026-05-05 17:00:00,17,1,1,11,eleve
8,2026-05-05 17:00:00,17,1,1,13,eleve
9,2026-05-05 17:00:00,17,1,1,15,eleve
10,2026-05-05 17:00:00,17,1,1,6,moyen
11,2026-05-05 17:00:00,17,1,1,15,eleve
12,2026-05-05 17:00:00,17,1,1,20,moyen
13,2026-05-05 17:00:00,17,1,1,20,moyen
14,2026-05-05 17:00:00,17,1,0,0,faible
15,2026-05-05 17:00:00,17,1,0,3,faible
16,2026-05-05 17:00:00,17,1,1,22,eleve
17,2026-05-05 17:00:00,17,1,1,24,eleve
1,2026-05-05 18:00:00,18,1,0,14,faible
2,2026-05-05 18:00:00,18,1,0,1,faible
3,2026-05-05 18:00:00,18,1,1,49,eleve
4,2026-05-05 18:00:00,18,1,1,35,moyen
5,2026-05-05 18:00:00,18,1,0,3,faible
6,2026-05-05 18:00:00,18,1,0,7,faible
7,2026-05-05 18:00:00,18,1,1,6,moyen
8,2026-05-05 18:00:00,18,1,1,9,moyen
9,2026-05-05 18:00:00,18,1,1,13,eleve
10,2026-05-05 18:00:00,18,1,1,13,eleve
11,2026-05-05 18:00:00,18,1,1,11,eleve
12,2026-05-05 18:00:00,18,1,1,20,moyen
13,2026-05-05 18:00:00,18,1,1,16,moyen
14,2026-05-05 18:00:00,18,1,0,4,faible
15,2026-05-05 18:00:00,18,1,1,27,eleve
16,2026-05-05 18:00:00,18,1,1,24,eleve
17,2026-05-05 18:00:00,18,1,1,25,eleve
1,2026-05-05 19:00:00,19,1,0,19,faible
2,2026-05-05 19:00:00,19,1,0,2,faible
3,2026-05-05 19:00:00,19,1,1,51,eleve
4,2026-05-05 19:00:00,19,1,1,54,eleve
5,2026-05-05 19:00:00,19,1,0,2,faible
6,2026-05-05 19:00:00,19,1,1,43,eleve
7,2026-05-05 19:00:00,19,1,1,12,eleve
8,2026-05-05 19:00:00,19,1,1,8,moyen
9,2026-05-05 19:00:00,19,1,1,15,eleve
10,2026-05-05 19:00:00,19,1,1,6,moyen
11,2026-05-05 19:00:00,19,1,1,5,moyen
12,2026-05-05 19:00:00,19,1,0,6,faible
13,2026-05-05 19:00:00,19,1,0,14,moyen
14,2026-05-05 19:00:00,19,1,1,30,eleve
15,2026-05-05 19:00:00,19,1,0,3,faible
16,2026-05-05 19:00:00,19,1,1,20,moyen
17,2026-05-05 19:00:00,19,1,1,25,eleve
1,2026-05-05 20:00:00,20,1,0,23,faible
2,2026-05-05 20:00:00,20,1,0,1,faible
3,2026-05-05 20:00:00,20,1,1,48,eleve
4,2026-05-05 20:00:00,20,1,1,59,eleve
5,2026-05-05 20:00:00,20,1,1,34,moyen
6,2026-05-05 20:00:00,20,1,0,17,faible
7,2026-05-05 20:00:00,20,1,1,15,eleve
8,2026-05-05 20:00:00,20,1,1,13,eleve
9,2026-05-05 20:00:00,20,1,1,15,eleve
10,2026-05-05 20:00:00,20,1,1,6,moyen
11,2026-05-05 20:00:00,20,1,1,15,eleve
12,2026-05-05 20:00:00,20,1,0,3,faible
13,2026-05-05 20:00:00,20,1,0,5,faible
14,2026-05-05 20:00:00,20,1,1,17,moyen
15,2026-05-05 20:00:00,20,1,0,5,faible
16,2026-05-05 20:00:00,20,1,1,18,moyen
17,2026-05-05 20:00:00,20,1,1,18,moyen
1,2026-05-05 21:00:00,21,1,0,24,faible
2,2026-05-05 21:00:00,21,1,0,5,faible
3,2026-05-05 21:00:00,21,1,1,45,eleve
4,2026-05-05 21:00:00,21,1,1,38,moyen
5,2026-05-05 21:00:00,21,1,0,18,moyen
6,2026-05-05 21:00:00,21,1,0,19,moyen
7,2026-05-05 21:00:00,21,1,1,5,moyen
8,2026-05-05 21:00:00,21,1,1,11,eleve
9,2026-05-05 21:00:00,21,1,1,6,moyen
10,2026-05-05 21:00:00,21,1,1,12,eleve
11,2026-05-05 21:00:00,21,1,1,12,eleve
12,2026-05-05 21:00:00,21,1,1,16,moyen
13,2026-05-05 21:00:00,21,1,1,18,moyen
14,2026-05-05 21:00:00,21,1,0,4,faible
15,2026-05-05 21:00:00,21,1,0,12,moyen
16,2026-05-05 21:00:00,21,1,0,0,faible
17,2026-05-05 21:00:00,21,1,1,22,eleve
1,2026-05-06 07:00:00,7,2,1,84,moyen
2,2026-05-06 07:00:00,7,2,0,0,faible
3,2026-05-06 07:00:00,7,2,0,17,faible
4,2026-05-06 07:00:00,7,2,1,36,moyen
5,2026-05-06 07:00:00,7,2,0,18,moyen
6,2026-05-06 07:00:00,7,2,1,49,eleve
7,2026-05-06 07:00:00,7,2,0,2,faible
8,2026-05-06 07:00:00,7,2,0,5,moyen
9,2026-05-06 07:00:00,7,2,0,1,faible
10,2026-05-06 07:00:00,7,2,0,0,faible
11,2026-05-06 07:00:00,7,2,0,0,faible
12,2026-05-06 07:00:00,7,2,0,7,faible
13,2026-05-06 07:00:00,7,2,0,12,moyen
14,2026-05-06 07:00:00,7,2,0,1,faible
15,2026-05-06 07:00:00,7,2,1,22,eleve
16,2026-05-06 07:00:00,7,2,0,2,faible
17,2026-05-06 07:00:00,7,2,0,2,faible
1,2026-05-06 08:00:00,8,2,1,104,eleve
2,2026-05-06 08:00:00,8,2,0,0,faible
3,2026-05-06 08:00:00,8,2,1,50,eleve
4,2026-05-06 08:00:00,8,2,1,53,eleve
5,2026-05-06 08:00:00,8,2,0,7,faible
6,2026-05-06 08:00:00,8,2,0,5,faible
7,2026-05-06 08:00:00,8,2,0,5,moyen
8,2026-05-06 08:00:00,8,2,0,5,moyen
9,2026-05-06 08:00:00,8,2,0,7,moyen
10,2026-05-06 08:00:00,8,2,0,0,faible
11,2026-05-06 08:00:00,8,2,0,0,faible
12,2026-05-06 08:00:00,8,2,1,19,moyen
13,2026-05-06 08:00:00,8,2,1,22,eleve
14,2026-05-06 08:00:00,8,2,0,9,moyen
15,2026-05-06 08:00:00,8,2,1,21,moyen
16,2026-05-06 08:00:00,8,2,1,28,eleve
17,2026-05-06 08:00:00,8,2,0,1,faible
1,2026-05-06 09:00:00,9,2,1,97,eleve
2,2026-05-06 09:00:00,9,2,0,0,faible
3,2026-05-06 09:00:00,9,2,0,20,moyen
4,2026-05-06 09:00:00,9,2,0,15,faible
5,2026-05-06 09:00:00,9,2,1,47,eleve
6,2026-05-06 09:00:00,9,2,0,13,faible
7,2026-05-06 09:00:00,9,2,0,3,faible
8,2026-05-06 09:00:00,9,2,0,0,faible
9,2026-05-06 09:00:00,9,2,0,1,faible
10,2026-05-06 09:00:00,9,2,0,5,moyen
11,2026-05-06 09:00:00,9,2,0,6,moyen
12,2026-05-06 09:00:00,9,2,1,20,moyen
13,2026-05-06 09:00:00,9,2,0,4,faible
14,2026-05-06 09:00:00,9,2,1,19,moyen
15,2026-05-06 09:00:00,9,2,0,3,faible
16,2026-05-06 09:00:00,9,2,0,0,faible
17,2026-05-06 09:00:00,9,2,0,0,faible
1,2026-05-06 10:00:00,10,2,1,92,eleve
2,2026-05-06 10:00:00,10,2,0,4,faible
3,2026-05-06 10:00:00,10,2,1,43,eleve
4,2026-05-06 10:00:00,10,2,1,36,moyen
5,2026-05-06 10:00:00,10,2,1,51,eleve
6,2026-05-06 10:00:00,10,2,1,38,moyen
7,2026-05-06 10:00:00,10,2,0,2,faible
8,2026-05-06 10:00:00,10,2,0,7,moyen
9,2026-05-06 10:00:00,10,2,0,0,faible
10,2026-05-06 10:00:00,10,2,0,1,faible
11,2026-05-06 10:00:00,10,2,0,1,faible
12,2026-05-06 10:00:00,10,2,1,23,eleve
13,2026-05-06 10:00:00,10,2,0,2,faible
14,2026-05-06 10:00:00,10,2,1,17,moyen
15,2026-05-06 10:00:00,10,2,0,2,faible
16,2026-05-06 10:00:00,10,2,1,16,moyen
17,2026-05-06 10:00:00,10,2,1,25,eleve
1,2026-05-06 11:00:00,11,2,1,109,eleve
2,2026-05-06 11:00:00,11,2,0,1,faible
3,2026-05-06 11:00:00,11,2,0,13,faible
4,2026-05-06 11:00:00,11,2,1,38,moyen
5,2026-05-06 11:00:00,11,2,0,6,faible
6,2026-05-06 11:00:00,11,2,0,20,moyen
7,2026-05-06 11:00:00,11,2,0,1,faible
8,2026-05-06 11:00:00,11,2,0,3,faible
9,2026-05-06 11:00:00,11,2,0,3,faible
10,2026-05-06 11:00:00,11,2,0,2,faible
11,2026-05-06 11:00:00,11,2,0,0,faible
12,2026-05-06 11:00:00,11,2,1,27,eleve
13,2026-05-06 11:00:00,11,2,1,19,moyen
14,2026-05-06 11:00:00,11,2,0,0,faible
15,2026-05-06 11:00:00,11,2,1,25,eleve
16,2026-05-06 11:00:00,11,2,0,11,moyen
17,2026-05-06 11:00:00,11,2,1,23,eleve
1,2026-05-06 12:00:00,12,2,1,85,eleve
2,2026-05-06 12:00:00,12,2,0,6,moyen
3,2026-05-06 12:00:00,12,2,0,10,faible
4,2026-05-06 12:00:00,12,2,0,0,faible
5,2026-05-06 12:00:00,12,2,0,9,faible
6,2026-05-06 12:00:00,12,2,1,48,eleve
7,2026-05-06 12:00:00,12,2,0,0,faible
8,2026-05-06 12:00:00,12,2,0,5,moyen
9,2026-05-06 12:00:00,12,2,0,0,faible
10,2026-05-06 12:00:00,12,2,0,1,faible
11,2026-05-06 12:00:00,12,2,0,2,faible
12,2026-05-06 12:00:00,12,2,0,5,faible
13,2026-05-06 12:00:00,12,2,1,22,eleve
14,2026-05-06 12:00:00,12,2,0,0,faible
15,2026-05-06 12:00:00,12,2,0,0,faible
16,2026-05-06 12:00:00,12,2,1,24,eleve
17,2026-05-06 12:00:00,12,2,1,20,moyen
1,2026-05-06 13:00:00,13,2,1,92,eleve
2,2026-05-06 13:00:00,13,2,0,9,moyen
3,2026-05-06 13:00:00,13,2,0,11,faible
4,2026-05-06 13:00:00,13,2,1,34,moyen
5,2026-05-06 13:00:00,13,2,0,20,moyen
6,2026-05-06 13:00:00,13,2,1,45,eleve
7,2026-05-06 13:00:00,13,2,0,0,faible
8,2026-05-06 13:00:00,13,2,0,3,faible
9,2026-05-06 13:00:00,13,2,0,0,faible
10,2026-05-06 13:00:00,13,2,0,5,moyen
11,2026-05-06 13:00:00,13,2,0,0,faible
12,2026-05-06 13:00:00,13,2,0,11,moyen
13,2026-05-06 13:00:00,13,2,0,9,moyen
14,2026-05-06 13:00:00,13,2,1,19,moyen
15,2026-05-06 13:00:00,13,2,0,5,faible
16,2026-05-06 13:00:00,13,2,0,10,moyen
17,2026-05-06 13:00:00,13,2,1,22,eleve
1,2026-05-06 14:00:00,14,2,1,74,moyen
2,2026-05-06 14:00:00,14,2,0,0,faible
3,2026-05-06 14:00:00,14,2,0,10,faible
4,2026-05-06 14:00:00,14,2,0,21,moyen
5,2026-05-06 14:00:00,14,2,1,53,eleve
6,2026-05-06 14:00:00,14,2,0,0,faible
7,2026-05-06 14:00:00,14,2,0,4,faible
8,2026-05-06 14:00:00,14,2,0,1,faible
9,2026-05-06 14:00:00,14,2,0,1,faible
10,2026-05-06 14:00:00,14,2,0,8,moyen
11,2026-05-06 14:00:00,14,2,0,8,moyen
12,2026-05-06 14:00:00,14,2,1,17,moyen
13,2026-05-06 14:00:00,14,2,1,18,moyen
14,2026-05-06 14:00:00,14,2,1,15,moyen
15,2026-05-06 14:00:00,14,2,1,20,moyen
16,2026-05-06 14:00:00,14,2,0,0,faible
17,2026-05-06 14:00:00,14,2,1,25,eleve
1,2026-05-06 15:00:00,15,2,1,106,eleve
2,2026-05-06 15:00:00,15,2,0,2,faible
3,2026-05-06 15:00:00,15,2,1,37,moyen
4,2026-05-06 15:00:00,15,2,0,0,faible
5,2026-05-06 15:00:00,15,2,1,56,eleve
6,2026-05-06 15:00:00,15,2,1,47,eleve
7,2026-05-06 15:00:00,15,2,0,0,faible
8,2026-05-06 15:00:00,15,2,0,5,moyen
9,2026-05-06 15:00:00,15,2,0,5,moyen
10,2026-05-06 15:00:00,15,2,0,4,faible
11,2026-05-06 15:00:00,15,2,0,5,moyen
12,2026-05-06 15:00:00,15,2,1,24,eleve
13,2026-05-06 15:00:00,15,2,0,5,faible
14,2026-05-06 15:00:00,15,2,0,2,faible
15,2026-05-06 15:00:00,15,2,0,0,faible
16,2026-05-06 15:00:00,15,2,1,14,moyen
17,2026-05-06 15:00:00,15,2,1,17,moyen
1,2026-05-06 16:00:00,16,2,1,87,eleve
2,2026-05-06 16:00:00,16,2,0,4,faible
3,2026-05-06 16:00:00,16,2,0,7,faible
4,2026-05-06 16:00:00,16,2,0,0,faible
5,2026-05-06 16:00:00,16,2,0,15,faible
6,2026-05-06 16:00:00,16,2,1,47,eleve
7,2026-05-06 16:00:00,16,2,0,0,faible
8,2026-05-06 16:00:00,16,2,0,2,faible
9,2026-05-06 16:00:00,16,2,0,0,faible
10,2026-05-06 16:00:00,16,2,0,6,moyen
11,2026-05-06 16:00:00,16,2,0,3,faible
12,2026-05-06 16:00:00,16,2,0,1,faible
13,2026-05-06 16:00:00,16,2,0,1,faible
14,2026-05-06 16:00:00,16,2,0,1,faible
15,2026-05-06 16:00:00,16,2,1,27,eleve
16,2026-05-06 16:00:00,16,2,1,22,eleve
17,2026-05-06 16:00:00,16,2,0,2,faible
1,2026-05-06 17:00:00,17,2,1,97,eleve
2,2026-05-06 17:00:00,17,2,0,3,faible
3,2026-05-06 17:00:00,17,2,1,47,eleve
4,2026-05-06 17:00:00,17,2,1,41,moyen
5,2026-05-06 17:00:00,17,2,1,42,moyen
6,2026-05-06 17:00:00,17,2,0,18,moyen
7,2026-05-06 17:00:00,17,2,0,0,faible
8,2026-05-06 17:00:00,17,2,0,4,faible
9,2026-05-06 17:00:00,17,2,0,1,faible
10,2026-05-06 17:00:00,17,2,0,0,faible
11,2026-05-06 17:00:00,17,2,0,0,faible
12,2026-05-06 17:00:00,17,2,0,11,moyen
13,2026-05-06 17:00:00,17,2,0,2,faible
14,2026-05-06 17:00:00,17,2,1,22,eleve
15,2026-05-06 17:00:00,17,2,1,19,moyen
16,2026-05-06 17:00:00,17,2,0,7,faible
17,2026-05-06 17:00:00,17,2,1,24,eleve
1,2026-05-06 18:00:00,18,2,1,103,eleve
2,2026-05-06 18:00:00,18,2,0,3,faible
3,2026-05-06 18:00:00,18,2,1,48,eleve
4,2026-05-06 18:00:00,18,2,0,13,faible
5,2026-05-06 18:00:00,18,2,1,39,moyen
6,2026-05-06 18:00:00,18,2,0,16,faible
7,2026-05-06 18:00:00,18,2,0,8,moyen
8,2026-05-06 18:00:00,18,2,0,8,moyen
9,2026-05-06 18:00:00,18,2,0,0,faible
10,2026-05-06 18:00:00,18,2,0,0,faible
11,2026-05-06 18:00:00,18,2,0,3,faible
12,2026-05-06 18:00:00,18,2,0,4,faible
13,2026-05-06 18:00:00,18,2,0,0,faible
14,2026-05-06 18:00:00,18,2,1,22,eleve
15,2026-05-06 18:00:00,18,2,0,8,faible
16,2026-05-06 18:00:00,18,2,0,3,faible
17,2026-05-06 18:00:00,18,2,1,20,moyen
1,2026-05-06 19:00:00,19,2,1,110,eleve
2,2026-05-06 19:00:00,19,2,0,8,moyen
3,2026-05-06 19:00:00,19,2,0,8,faible
4,2026-05-06 19:00:00,19,2,1,45,eleve
5,2026-05-06 19:00:00,19,2,1,45,eleve
6,2026-05-06 19:00:00,19,2,0,4,faible
7,2026-05-06 19:00:00,19,2,0,9,moyen
8,2026-05-06 19:00:00,19,2,0,0,faible
9,2026-05-06 19:00:00,19,2,0,5,moyen
10,2026-05-06 19:00:00,19,2,0,1,faible
11,2026-05-06 19:00:00,19,2,0,1,faible
12,2026-05-06 19:00:00,19,2,0,2,faible
13,2026-05-06 19:00:00,19,2,1,20,moyen
14,2026-05-06 19:00:00,19,2,0,0,faible
15,2026-05-06 19:00:00,19,2,1,21,moyen
16,2026-05-06 19:00:00,19,2,1,23,eleve
17,2026-05-06 19:00:00,19,2,1,18,moyen
1,2026-05-06 20:00:00,20,2,1,98,eleve
2,2026-05-06 20:00:00,20,2,0,5,faible
3,2026-05-06 20:00:00,20,2,0,21,moyen
4,2026-05-06 20:00:00,20,2,1,47,eleve
5,2026-05-06 20:00:00,20,2,0,3,faible
6,2026-05-06 20:00:00,20,2,1,50,eleve
7,2026-05-06 20:00:00,20,2,0,0,faible
8,2026-05-06 20:00:00,20,2,0,3,faible
9,2026-05-06 20:00:00,20,2,0,2,faible
10,2026-05-06 20:00:00,20,2,0,3,faible
11,2026-05-06 20:00:00,20,2,0,6,moyen
12,2026-05-06 20:00:00,20,2,1,23,eleve
13,2026-05-06 20:00:00,20,2,0,1,faible
14,2026-05-06 20:00:00,20,2,1,19,moyen
15,2026-05-06 20:00:00,20,2,0,2,faible
16,2026-05-06 20:00:00,20,2,0,11,moyen
17,2026-05-06 20:00:00,20,2,0,14,moyen
1,2026-05-06 21:00:00,21,2,1,76,moyen
2,2026-05-06 21:00:00,21,2,0,9,moyen
3,2026-05-06 21:00:00,21,2,1,56,eleve
4,2026-05-06 21:00:00,21,2,0,16,faible
5,2026-05-06 21:00:00,21,2,1,47,eleve
6,2026-05-06 21:00:00,21,2,0,18,moyen
7,2026-05-06 21:00:00,21,2,0,1,faible
8,2026-05-06 21:00:00,21,2,0,4,faible
9,2026-05-06 21:00:00,21,2,0,2,faible
10,2026-05-06 21:00:00,21,2,0,3,faible
11,2026-05-06 21:00:00,21,2,0,6,moyen
12,2026-05-06 21:00:00,21,2,0,2,faible
13,2026-05-06 21:00:00,21,2,0,1,faible
14,2026-05-06 21:00:00,21,2,1,23,eleve
15,2026-05-06 21:00:00,21,2,0,0,faible
16,2026-05-06 21:00:00,21,2,1,25,eleve
17,2026-05-06 21:00:00,21,2,1,15,moyen
1,2026-05-08 07:00:00,7,4,1,105,eleve
2,2026-05-08 07:00:00,7,4,0,0,faible
3,2026-05-08 07:00:00,7,4,0,7,faible
4,2026-05-08 07:00:00,7,4,1,49,eleve
5,2026-05-08 07:00:00,7,4,1,39,moyen
6,2026-05-08 07:00:00,7,4,0,11,faible
7,2026-05-08 07:00:00,7,4,0,3,faible
8,2026-05-08 07:00:00,7,4,0,2,faible
9,2026-05-08 07:00:00,7,4,0,0,faible
10,2026-05-08 07:00:00,7,4,0,0,faible
11,2026-05-08 07:00:00,7,4,0,0,faible
12,2026-05-08 07:00:00,7,4,1,26,eleve
13,2026-05-08 07:00:00,7,4,1,23,eleve
14,2026-05-08 07:00:00,7,4,1,19,moyen
15,2026-05-08 07:00:00,7,4,1,25,eleve
16,2026-05-08 07:00:00,7,4,1,16,moyen
17,2026-05-08 07:00:00,7,4,0,5,faible
1,2026-05-08 08:00:00,8,4,1,95,eleve
2,2026-05-08 08:00:00,8,4,0,0,faible
3,2026-05-08 08:00:00,8,4,0,0,faible
4,2026-05-08 08:00:00,8,4,1,48,eleve
5,2026-05-08 08:00:00,8,4,0,18,moyen
6,2026-05-08 08:00:00,8,4,1,39,moyen
7,2026-05-08 08:00:00,8,4,0,3,faible
8,2026-05-08 08:00:00,8,4,0,0,faible
9,2026-05-08 08:00:00,8,4,0,4,faible
10,2026-05-08 08:00:00,8,4,0,0,faible
11,2026-05-08 08:00:00,8,4,0,0,faible
12,2026-05-08 08:00:00,8,4,1,27,eleve
13,2026-05-08 08:00:00,8,4,1,22,eleve
14,2026-05-08 08:00:00,8,4,1,24,eleve
15,2026-05-08 08:00:00,8,4,0,7,faible
16,2026-05-08 08:00:00,8,4,1,23,eleve
17,2026-05-08 08:00:00,8,4,0,0,faible
1,2026-05-08 09:00:00,9,4,1,110,eleve
2,2026-05-08 09:00:00,9,4,0,0,faible
3,2026-05-08 09:00:00,9,4,1,35,moyen
4,2026-05-08 09:00:00,9,4,0,0,faible
5,2026-05-08 09:00:00,9,4,0,0,faible
6,2026-05-08 09:00:00,9,4,1,55,eleve
7,2026-05-08 09:00:00,9,4,0,8,moyen
8,2026-05-08 09:00:00,9,4,0,7,moyen
9,2026-05-08 09:00:00,9,4,0,0,faible
10,2026-05-08 09:00:00,9,4,0,8,moyen
11,2026-05-08 09:00:00,9,4,0,2,faible
12,2026-05-08 09:00:00,9,4,0,7,faible
13,2026-05-08 09:00:00,9,4,0,0,faible
14,2026-05-08 09:00:00,9,4,1,20,moyen
15,2026-05-08 09:00:00,9,4,1,23,eleve
16,2026-05-08 09:00:00,9,4,0,4,faible
17,2026-05-08 09:00:00,9,4,0,5,faible
1,2026-05-08 10:00:00,10,4,1,107,eleve
2,2026-05-08 10:00:00,10,4,0,3,faible
3,2026-05-08 10:00:00,10,4,1,51,eleve
4,2026-05-08 10:00:00,10,4,1,41,moyen
5,2026-05-08 10:00:00,10,4,1,49,eleve
6,2026-05-08 10:00:00,10,4,0,0,faible
7,2026-05-08 10:00:00,10,4,0,0,faible
8,2026-05-08 10:00:00,10,4,0,2,faible
9,2026-05-08 10:00:00,10,4,0,0,faible
10,2026-05-08 10:00:00,10,4,0,0,faible
11,2026-05-08 10:00:00,10,4,0,0,faible
12,2026-05-08 10:00:00,10,4,0,0,faible
13,2026-05-08 10:00:00,10,4,1,20,moyen
14,2026-05-08 10:00:00,10,4,0,0,faible
15,2026-05-08 10:00:00,10,4,1,24,eleve
16,2026-05-08 10:00:00,10,4,1,17,moyen
17,2026-05-08 10:00:00,10,4,0,0,faible
1,2026-05-08 11:00:00,11,4,1,82,moyen
2,2026-05-08 11:00:00,11,4,0,0,faible
3,2026-05-08 11:00:00,11,4,1,39,moyen
4,2026-05-08 11:00:00,11,4,1,57,eleve
5,2026-05-08 11:00:00,11,4,1,45,eleve
6,2026-05-08 11:00:00,11,4,0,11,faible
7,2026-05-08 11:00:00,11,4,0,0,faible
8,2026-05-08 11:00:00,11,4,0,0,faible
9,2026-05-08 11:00:00,11,4,0,3,faible
10,2026-05-08 11:00:00,11,4,0,2,faible
11,2026-05-08 11:00:00,11,4,0,0,faible
12,2026-05-08 11:00:00,11,4,1,27,eleve
13,2026-05-08 11:00:00,11,4,0,11,moyen
14,2026-05-08 11:00:00,11,4,1,30,eleve
15,2026-05-08 11:00:00,11,4,1,15,moyen
16,2026-05-08 11:00:00,11,4,0,12,moyen
17,2026-05-08 11:00:00,11,4,0,6,faible
1,2026-05-08 12:00:00,12,4,1,89,eleve
2,2026-05-08 12:00:00,12,4,0,8,moyen
3,2026-05-08 12:00:00,12,4,1,54,eleve
4,2026-05-08 12:00:00,12,4,0,0,faible
5,2026-05-08 12:00:00,12,4,0,17,faible
6,2026-05-08 12:00:00,12,4,1,48,eleve
7,2026-05-08 12:00:00,12,4,0,0,faible
8,2026-05-08 12:00:00,12,4,0,6,moyen
9,2026-05-08 12:00:00,12,4,0,6,moyen
10,2026-05-08 12:00:00,12,4,0,6,moyen
11,2026-05-08 12:00:00,12,4,0,0,faible
12,2026-05-08 12:00:00,12,4,0,10,moyen
13,2026-05-08 12:00:00,12,4,1,22,eleve
14,2026-05-08 12:00:00,12,4,1,25,eleve
15,2026-05-08 12:00:00,12,4,0,0,faible
16,2026-05-08 12:00:00,12,4,0,6,faible
17,2026-05-08 12:00:00,12,4,0,0,faible
1,2026-05-08 13:00:00,13,4,1,101,eleve
2,2026-05-08 13:00:00,13,4,0,7,moyen
3,2026-05-08 13:00:00,13,4,1,37,moyen
4,2026-05-08 13:00:00,13,4,1,47,eleve
5,2026-05-08 13:00:00,13,4,1,50,eleve
6,2026-05-08 13:00:00,13,4,0,15,faible
7,2026-05-08 13:00:00,13,4,0,0,faible
8,2026-05-08 13:00:00,13,4,0,1,faible
9,2026-05-08 13:00:00,13,4,0,0,faible
10,2026-05-08 13:00:00,13,4,0,1,faible
11,2026-05-08 13:00:00,13,4,0,5,moyen
12,2026-05-08 13:00:00,13,4,0,4,faible
13,2026-05-08 13:00:00,13,4,0,3,faible
14,2026-05-08 13:00:00,13,4,0,3,faible
15,2026-05-08 13:00:00,13,4,1,26,eleve
16,2026-05-08 13:00:00,13,4,0,0,faible
17,2026-05-08 13:00:00,13,4,0,4,faible
1,2026-05-08 14:00:00,14,4,1,97,eleve
2,2026-05-08 14:00:00,14,4,0,4,faible
3,2026-05-08 14:00:00,14,4,0,22,moyen
4,2026-05-08 14:00:00,14,4,0,24,moyen
5,2026-05-08 14:00:00,14,4,0,0,faible
6,2026-05-08 14:00:00,14,4,0,2,faible
7,2026-05-08 14:00:00,14,4,0,5,moyen
8,2026-05-08 14:00:00,14,4,0,5,moyen
9,2026-05-08 14:00:00,14,4,0,0,faible
10,2026-05-08 14:00:00,14,4,0,0,faible
11,2026-05-08 14:00:00,14,4,0,4,faible
12,2026-05-08 14:00:00,14,4,0,9,moyen
13,2026-05-08 14:00:00,14,4,1,22,eleve
14,2026-05-08 14:00:00,14,4,1,20,moyen
15,2026-05-08 14:00:00,14,4,1,18,moyen
16,2026-05-08 14:00:00,14,4,1,22,eleve
17,2026-05-08 14:00:00,14,4,0,6,faible
1,2026-05-08 15:00:00,15,4,1,84,moyen
2,2026-05-08 15:00:00,15,4,0,1,faible
3,2026-05-08 15:00:00,15,4,1,50,eleve
4,2026-05-08 15:00:00,15,4,0,2,faible
5,2026-05-08 15:00:00,15,4,0,0,faible
6,2026-05-08 15:00:00,15,4,0,12,faible
7,2026-05-08 15:00:00,15,4,0,0,faible
8,2026-05-08 15:00:00,15,4,0,7,moyen
9,2026-05-08 15:00:00,15,4,0,0,faible
10,2026-05-08 15:00:00,15,4,0,0,faible
11,2026-05-08 15:00:00,15,4,0,3,faible
12,2026-05-08 15:00:00,15,4,1,21,moyen
13,2026-05-08 15:00:00,15,4,1,16,moyen
14,2026-05-08 15:00:00,15,4,1,25,eleve
15,2026-05-08 15:00:00,15,4,0,13,moyen
16,2026-05-08 15:00:00,15,4,1,22,eleve
17,2026-05-08 15:00:00,15,4,0,2,faible
1,2026-05-08 16:00:00,16,4,1,70,moyen
2,2026-05-08 16:00:00,16,4,0,0,faible
3,2026-05-08 16:00:00,16,4,1,40,moyen
4,2026-05-08 16:00:00,16,4,1,53,eleve
5,2026-05-08 16:00:00,16,4,1,51,eleve
6,2026-05-08 16:00:00,16,4,0,8,faible
7,2026-05-08 16:00:00,16,4,0,0,faible
8,2026-05-08 16:00:00,16,4,0,0,faible
9,2026-05-08 16:00:00,16,4,0,1,faible
10,2026-05-08 16:00:00,16,4,0,0,faible
11,2026-05-08 16:00:00,16,4,0,0,faible
12,2026-05-08 16:00:00,16,4,1,24,eleve
13,2026-05-08 16:00:00,16,4,1,23,eleve
14,2026-05-08 16:00:00,16,4,1,16,moyen
15,2026-05-08 16:00:00,16,4,0,1,faible
16,2026-05-08 16:00:00,16,4,0,0,faible
17,2026-05-08 16:00:00,16,4,0,3,faible
1,2026-05-08 17:00:00,17,4,1,87,eleve
2,2026-05-08 17:00:00,17,4,0,6,moyen
3,2026-05-08 17:00:00,17,4,0,0,faible
4,2026-05-08 17:00:00,17,4,1,41,moyen
5,2026-05-08 17:00:00,17,4,1,49,eleve
6,2026-05-08 17:00:00,17,4,1,36,moyen
7,2026-05-08 17:00:00,17,4,0,0,faible
8,2026-05-08 17:00:00,17,4,0,7,moyen
9,2026-05-08 17:00:00,17,4,0,2,faible
10,2026-05-08 17:00:00,17,4,0,0,faible
11,2026-05-08 17:00:00,17,4,0,5,moyen
12,2026-05-08 17:00:00,17,4,0,0,faible
13,2026-05-08 17:00:00,17,4,0,5,faible
14,2026-05-08 17:00:00,17,4,1,26,eleve
15,2026-05-08 17:00:00,17,4,1,24,eleve
16,2026-05-08 17:00:00,17,4,1,23,eleve
17,2026-05-08 17:00:00,17,4,1,30,eleve
1,2026-05-08 18:00:00,18,4,1,78,moyen
2,2026-05-08 18:00:00,18,4,0,9,moyen
3,2026-05-08 18:00:00,18,4,0,2,faible
4,2026-05-08 18:00:00,18,4,0,10,faible
5,2026-05-08 18:00:00,18,4,0,21,moyen
6,2026-05-08 18:00:00,18,4,1,50,eleve
7,2026-05-08 18:00:00,18,4,0,4,faible
8,2026-05-08 18:00:00,18,4,0,6,moyen
9,2026-05-08 18:00:00,18,4,0,7,moyen
10,2026-05-08 18:00:00,18,4,0,2,faible
11,2026-05-08 18:00:00,18,4,0,0,faible
12,2026-05-08 18:00:00,18,4,0,3,faible
13,2026-05-08 18:00:00,18,4,0,5,faible
14,2026-05-08 18:00:00,18,4,0,0,faible
15,2026-05-08 18:00:00,18,4,1,16,moyen
16,2026-05-08 18:00:00,18,4,1,16,moyen
17,2026-05-08 18:00:00,18,4,0,9,moyen
1,2026-05-08 19:00:00,19,4,1,76,moyen
2,2026-05-08 19:00:00,19,4,0,4,faible
3,2026-05-08 19:00:00,19,4,0,1,faible
4,2026-05-08 19:00:00,19,4,0,4,faible
5,2026-05-08 19:00:00,19,4,1,56,eleve
6,2026-05-08 19:00:00,19,4,1,42,moyen
7,2026-05-08 19:00:00,19,4,0,3,faible
8,2026-05-08 19:00:00,19,4,0,6,moyen
9,2026-05-08 19:00:00,19,4,0,1,faible
10,2026-05-08 19:00:00,19,4,0,3,faible
11,2026-05-08 19:00:00,19,4,0,0,faible
12,2026-05-08 19:00:00,19,4,1,26,eleve
13,2026-05-08 19:00:00,19,4,1,21,moyen
14,2026-05-08 19:00:00,19,4,1,25,eleve
15,2026-05-08 19:00:00,19,4,0,5,faible
16,2026-05-08 19:00:00,19,4,1,19,moyen
17,2026-05-08 19:00:00,19,4,0,7,faible
1,2026-05-08 20:00:00,20,4,1,88,eleve
2,2026-05-08 20:00:00,20,4,0,5,faible
3,2026-05-08 20:00:00,20,4,1,39,moyen
4,2026-05-08 20:00:00,20,4,1,52,eleve
5,2026-05-08 20:00:00,20,4,1,58,eleve
6,2026-05-08 20:00:00,20,4,0,4,faible
7,2026-05-08 20:00:00,20,4,0,7,moyen
8,2026-05-08 20:00:00,20,4,0,4,faible
9,2026-05-08 20:00:00,20,4,0,1,faible
10,2026-05-08 20:00:00,20,4,0,0,faible
11,2026-05-08 20:00:00,20,4,0,2,faible
12,2026-05-08 20:00:00,20,4,0,0,faible
13,2026-05-08 20:00:00,20,4,1,20,moyen
14,2026-05-08 20:00:00,20,4,1,22,eleve
15,2026-05-08 20:00:00,20,4,1,28,eleve
16,2026-05-08 20:00:00,20,4,0,4,faible
17,2026-05-08 20:00:00,20,4,0,6,faible
1,2026-05-08 21:00:00,21,4,1,89,eleve
2,2026-05-08 21:00:00,21,4,0,3,faible
3,2026-05-08 21:00:00,21,4,1,36,moyen
4,2026-05-08 21:00:00,21,4,1,50,eleve
5,2026-05-08 21:00:00,21,4,1,41,moyen
6,2026-05-08 21:00:00,21,4,1,48,eleve
7,2026-05-08 21:00:00,21,4,0,4,faible
8,2026-05-08 21:00:00,21,4,0,4,faible
9,2026-05-08 21:00:00,21,4,0,0,faible
10,2026-05-08 21:00:00,21,4,0,7,moyen
11,2026-05-08 21:00:00,21,4,0,4,faible
12,2026-05-08 21:00:00,21,4,0,14,moyen
13,2026-05-08 21:00:00,21,4,1,27,eleve
14,2026-05-08 21:00:00,21,4,0,3,faible
15,2026-05-08 21:00:00,21,4,1,21,moyen
16,2026-05-08 21:00:00,21,4,1,17,moyen
17,2026-05-08 21:00:00,21,4,0,1,faible
1,2026-05-09 07:00:00,7,5,0,2,faible
2,2026-05-09 07:00:00,7,5,0,2,faible
3,2026-05-09 07:00:00,7,5,1,32,moyen
4,2026-05-09 07:00:00,7,5,0,2,faible
5,2026-05-09 07:00:00,7,5,1,36,moyen
6,2026-05-09 07:00:00,7,5,1,33,moyen
7,2026-05-09 07:00:00,7,5,0,6,moyen
8,2026-05-09 07:00:00,7,5,0,5,moyen
9,2026-05-09 07:00:00,7,5,0,3,faible
10,2026-05-09 07:00:00,7,5,0,0,faible
11,2026-05-09 07:00:00,7,5,0,6,moyen
12,2026-05-09 07:00:00,7,5,0,5,faible
13,2026-05-09 07:00:00,7,5,1,9,moyen
14,2026-05-09 07:00:00,7,5,0,4,faible
15,2026-05-09 07:00:00,7,5,1,9,moyen
16,2026-05-09 07:00:00,7,5,1,14,moyen
17,2026-05-09 07:00:00,7,5,0,0,faible
1,2026-05-09 08:00:00,8,5,0,27,faible
2,2026-05-09 08:00:00,8,5,0,0,faible
3,2026-05-09 08:00:00,8,5,1,41,moyen
4,2026-05-09 08:00:00,8,5,1,36,moyen
5,2026-05-09 08:00:00,8,5,1,24,moyen
6,2026-05-09 08:00:00,8,5,1,30,moyen
7,2026-05-09 08:00:00,8,5,0,4,faible
8,2026-05-09 08:00:00,8,5,0,3,faible
9,2026-05-09 08:00:00,8,5,0,6,moyen
10,2026-05-09 08:00:00,8,5,0,0,faible
11,2026-05-09 08:00:00,8,5,0,1,faible
12,2026-05-09 08:00:00,8,5,1,6,faible
13,2026-05-09 08:00:00,8,5,1,16,moyen
14,2026-05-09 08:00:00,8,5,0,4,faible
15,2026-05-09 08:00:00,8,5,0,4,faible
16,2026-05-09 08:00:00,8,5,0,6,faible
17,2026-05-09 08:00:00,8,5,1,14,moyen
1,2026-05-09 09:00:00,9,5,0,24,faible
2,2026-05-09 09:00:00,9,5,0,4,faible
3,2026-05-09 09:00:00,9,5,1,20,moyen
4,2026-05-09 09:00:00,9,5,0,0,faible
5,2026-05-09 09:00:00,9,5,0,11,faible
6,2026-05-09 09:00:00,9,5,0,0,faible
7,2026-05-09 09:00:00,9,5,0,2,faible
8,2026-05-09 09:00:00,9,5,0,0,faible
9,2026-05-09 09:00:00,9,5,0,6,moyen
10,2026-05-09 09:00:00,9,5,0,2,faible
11,2026-05-09 09:00:00,9,5,0,3,faible
12,2026-05-09 09:00:00,9,5,1,16,moyen
13,2026-05-09 09:00:00,9,5,1,14,moyen
14,2026-05-09 09:00:00,9,5,1,15,moyen
15,2026-05-09 09:00:00,9,5,1,11,moyen
16,2026-05-09 09:00:00,9,5,1,19,moyen
17,2026-05-09 09:00:00,9,5,1,17,moyen
1,2026-05-09 10:00:00,10,5,0,14,faible
2,2026-05-09 10:00:00,10,5,0,0,faible
3,2026-05-09 10:00:00,10,5,0,8,faible
4,2026-05-09 10:00:00,10,5,1,33,moyen
5,2026-05-09 10:00:00,10,5,0,5,faible
6,2026-05-09 10:00:00,10,5,1,30,moyen
7,2026-05-09 10:00:00,10,5,0,0,faible
8,2026-05-09 10:00:00,10,5,0,0,faible
9,2026-05-09 10:00:00,10,5,0,4,faible
10,2026-05-09 10:00:00,10,5,0,1,faible
11,2026-05-09 10:00:00,10,5,0,0,faible
12,2026-05-09 10:00:00,10,5,0,7,faible
13,2026-05-09 10:00:00,10,5,0,2,faible
14,2026-05-09 10:00:00,10,5,0,2,faible
15,2026-05-09 10:00:00,10,5,0,4,faible
16,2026-05-09 10:00:00,10,5,1,15,moyen
17,2026-05-09 10:00:00,10,5,0,3,faible
1,2026-05-09 11:00:00,11,5,0,15,faible
2,2026-05-09 11:00:00,11,5,0,4,faible
3,2026-05-09 11:00:00,11,5,0,1,faible
4,2026-05-09 11:00:00,11,5,0,14,faible
5,2026-05-09 11:00:00,11,5,1,36,moyen
6,2026-05-09 11:00:00,11,5,0,14,faible
7,2026-05-09 11:00:00,11,5,0,0,faible
8,2026-05-09 11:00:00,11,5,0,5,moyen
9,2026-05-09 11:00:00,11,5,0,5,moyen
10,2026-05-09 11:00:00,11,5,0,0,faible
11,2026-05-09 11:00:00,11,5,0,0,faible
12,2026-05-09 11:00:00,11,5,1,20,moyen
13,2026-05-09 11:00:00,11,5,1,17,moyen
14,2026-05-09 11:00:00,11,5,0,0,faible
15,2026-05-09 11:00:00,11,5,1,6,faible
16,2026-05-09 11:00:00,11,5,0,0,faible
17,2026-05-09 11:00:00,11,5,0,9,moyen
1,2026-05-09 12:00:00,12,5,0,24,faible
2,2026-05-09 12:00:00,12,5,0,0,faible
3,2026-05-09 12:00:00,12,5,1,28,moyen
4,2026-05-09 12:00:00,12,5,0,11,faible
5,2026-05-09 12:00:00,12,5,0,8,faible
6,2026-05-09 12:00:00,12,5,1,38,moyen
7,2026-05-09 12:00:00,12,5,0,6,moyen
8,2026-05-09 12:00:00,12,5,0,4,faible
9,2026-05-09 12:00:00,12,5,0,4,faible
10,2026-05-09 12:00:00,12,5,0,0,faible
11,2026-05-09 12:00:00,12,5,0,1,faible
12,2026-05-09 12:00:00,12,5,0,2,faible
13,2026-05-09 12:00:00,12,5,1,16,moyen
14,2026-05-09 12:00:00,12,5,0,0,faible
15,2026-05-09 12:00:00,12,5,0,1,faible
16,2026-05-09 12:00:00,12,5,1,12,moyen
17,2026-05-09 12:00:00,12,5,0,3,faible
1,2026-05-09 13:00:00,13,5,0,27,faible
2,2026-05-09 13:00:00,13,5,0,6,moyen
3,2026-05-09 13:00:00,13,5,0,5,faible
4,2026-05-09 13:00:00,13,5,0,14,faible
5,2026-05-09 13:00:00,13,5,1,19,moyen
6,2026-05-09 13:00:00,13,5,1,37,moyen
7,2026-05-09 13:00:00,13,5,0,6,moyen
8,2026-05-09 13:00:00,13,5,0,0,faible
9,2026-05-09 13:00:00,13,5,0,0,faible
10,2026-05-09 13:00:00,13,5,0,6,moyen
11,2026-05-09 13:00:00,13,5,0,1,faible
12,2026-05-09 13:00:00,13,5,0,7,faible
13,2026-05-09 13:00:00,13,5,0,0,faible
14,2026-05-09 13:00:00,13,5,1,19,moyen
15,2026-05-09 13:00:00,13,5,1,10,moyen
16,2026-05-09 13:00:00,13,5,0,0,faible
17,2026-05-09 13:00:00,13,5,1,21,moyen
1,2026-05-09 14:00:00,14,5,0,20,faible
2,2026-05-09 14:00:00,14,5,0,3,faible
3,2026-05-09 14:00:00,14,5,0,0,faible
4,2026-05-09 14:00:00,14,5,0,2,faible
5,2026-05-09 14:00:00,14,5,0,10,faible
6,2026-05-09 14:00:00,14,5,0,16,faible
7,2026-05-09 14:00:00,14,5,0,0,faible
8,2026-05-09 14:00:00,14,5,0,0,faible
9,2026-05-09 14:00:00,14,5,0,3,faible
10,2026-05-09 14:00:00,14,5,0,0,faible
11,2026-05-09 14:00:00,14,5,0,1,faible
12,2026-05-09 14:00:00,14,5,0,3,faible
13,2026-05-09 14:00:00,14,5,1,9,moyen
14,2026-05-09 14:00:00,14,5,1,13,moyen
15,2026-05-09 14:00:00,14,5,0,7,faible
16,2026-05-09 14:00:00,14,5,0,1,faible
17,2026-05-09 14:00:00,14,5,0,0,faible
1,2026-05-09 15:00:00,15,5,0,17,faible
2,2026-05-09 15:00:00,15,5,0,0,faible
3,2026-05-09 15:00:00,15,5,0,1,faible
4,2026-05-09 15:00:00,15,5,1,27,moyen
5,2026-05-09 15:00:00,15,5,1,27,moyen
6,2026-05-09 15:00:00,15,5,0,5,faible
7,2026-05-09 15:00:00,15,5,0,0,faible
8,2026-05-09 15:00:00,15,5,0,2,faible
9,2026-05-09 15:00:00,15,5,0,7,moyen
10,2026-05-09 15:00:00,15,5,0,6,moyen
11,2026-05-09 15:00:00,15,5,0,1,faible
12,2026-05-09 15:00:00,15,5,0,4,faible
13,2026-05-09 15:00:00,15,5,0,1,faible
14,2026-05-09 15:00:00,15,5,0,2,faible
15,2026-05-09 15:00:00,15,5,1,6,faible
16,2026-05-09 15:00:00,15,5,0,5,faible
17,2026-05-09 15:00:00,15,5,1,15,moyen
1,2026-05-09 16:00:00,16,5,0,20,faible
2,2026-05-09 16:00:00,16,5,0,4,faible
3,2026-05-09 16:00:00,16,5,0,4,faible
4,2026-05-09 16:00:00,16,5,0,9,faible
5,2026-05-09 16:00:00,16,5,1,37,moyen
6,2026-05-09 16:00:00,16,5,0,8,faible
7,2026-05-09 16:00:00,16,5,0,3,faible
8,2026-05-09 16:00:00,16,5,0,0,faible
9,2026-05-09 16:00:00,16,5,0,3,faible
10,2026-05-09 16:00:00,16,5,0,0,faible
11,2026-05-09 16:00:00,16,5,0,0,faible
12,2026-05-09 16:00:00,16,5,1,14,moyen
13,2026-05-09 16:00:00,16,5,0,0,faible
14,2026-05-09 16:00:00,16,5,0,0,faible
15,2026-05-09 16:00:00,16,5,1,17,moyen
16,2026-05-09 16:00:00,16,5,1,11,moyen
17,2026-05-09 16:00:00,16,5,1,14,moyen
1,2026-05-09 17:00:00,17,5,0,6,faible
2,2026-05-09 17:00:00,17,5,0,4,faible
3,2026-05-09 17:00:00,17,5,0,17,faible
4,2026-05-09 17:00:00,17,5,0,0,faible
5,2026-05-09 17:00:00,17,5,0,15,faible
6,2026-05-09 17:00:00,17,5,1,31,moyen
7,2026-05-09 17:00:00,17,5,0,2,faible
8,2026-05-09 17:00:00,17,5,0,0,faible
9,2026-05-09 17:00:00,17,5,0,0,faible
10,2026-05-09 17:00:00,17,5,0,2,faible
11,2026-05-09 17:00:00,17,5,0,2,faible
12,2026-05-09 17:00:00,17,5,1,9,moyen
13,2026-05-09 17:00:00,17,5,0,6,faible
14,2026-05-09 17:00:00,17,5,1,18,moyen
15,2026-05-09 17:00:00,17,5,1,10,moyen
16,2026-05-09 17:00:00,17,5,1,10,moyen
17,2026-05-09 17:00:00,17,5,1,16,moyen
1,2026-05-09 18:00:00,18,5,0,14,faible
2,2026-05-09 18:00:00,18,5,0,7,moyen
3,2026-05-09 18:00:00,18,5,1,18,moyen
4,2026-05-09 18:00:00,18,5,0,14,faible
5,2026-05-09 18:00:00,18,5,0,2,faible
6,2026-05-09 18:00:00,18,5,1,26,moyen
7,2026-05-09 18:00:00,18,5,0,0,faible
8,2026-05-09 18:00:00,18,5,0,0,faible
9,2026-05-09 18:00:00,18,5,0,0,faible
10,2026-05-09 18:00:00,18,5,0,4,faible
11,2026-05-09 18:00:00,18,5,0,1,faible
12,2026-05-09 18:00:00,18,5,1,15,moyen
13,2026-05-09 18:00:00,18,5,0,0,faible
14,2026-05-09 18:00:00,18,5,1,16,moyen
15,2026-05-09 18:00:00,18,5,1,21,moyen
16,2026-05-09 18:00:00,18,5,1,17,moyen
17,2026-05-09 18:00:00,18,5,0,0,faible
1,2026-05-09 19:00:00,19,5,0,0,faible
2,2026-05-09 19:00:00,19,5,0,0,faible
3,2026-05-09 19:00:00,19,5,0,8,faible
4,2026-05-09 19:00:00,19,5,1,29,moyen
5,2026-05-09 19:00:00,19,5,1,40,moyen
6,2026-05-09 19:00:00,19,5,1,28,moyen
7,2026-05-09 19:00:00,19,5,0,0,faible
8,2026-05-09 19:00:00,19,5,0,1,faible
9,2026-05-09 19:00:00,19,5,0,1,faible
10,2026-05-09 19:00:00,19,5,0,1,faible
11,2026-05-09 19:00:00,19,5,0,0,faible
12,2026-05-09 19:00:00,19,5,0,0,faible
13,2026-05-09 19:00:00,19,5,1,15,moyen
14,2026-05-09 19:00:00,19,5,1,13,moyen
15,2026-05-09 19:00:00,19,5,1,13,moyen
16,2026-05-09 19:00:00,19,5,1,19,moyen
17,2026-05-09 19:00:00,19,5,1,17,moyen
1,2026-05-09 20:00:00,20,5,0,10,faible
2,2026-05-09 20:00:00,20,5,0,2,faible
3,2026-05-09 20:00:00,20,5,0,0,faible
4,2026-05-09 20:00:00,20,5,0,7,faible
5,2026-05-09 20:00:00,20,5,1,30,moyen
6,2026-05-09 20:00:00,20,5,1,23,moyen
7,2026-05-09 20:00:00,20,5,0,0,faible
8,2026-05-09 20:00:00,20,5,0,5,moyen
9,2026-05-09 20:00:00,20,5,0,6,moyen
10,2026-05-09 20:00:00,20,5,0,4,faible
11,2026-05-09 20:00:00,20,5,0,3,faible
12,2026-05-09 20:00:00,20,5,0,5,faible
13,2026-05-09 20:00:00,20,5,1,14,moyen
14,2026-05-09 20:00:00,20,5,0,0,faible
15,2026-05-09 20:00:00,20,5,1,21,moyen
16,2026-05-09 20:00:00,20,5,1,21,moyen
17,2026-05-09 20:00:00,20,5,0,5,faible
1,2026-05-09 21:00:00,21,5,0,8,faible
2,2026-05-09 21:00:00,21,5,0,1,faible
3,2026-05-09 21:00:00,21,5,1,30,moyen
4,2026-05-09 21:00:00,21,5,0,5,faible
5,2026-05-09 21:00:00,21,5,1,25,moyen
6,2026-05-09 21:00:00,21,5,0,7,faible
7,2026-05-09 21:00:00,21,5,0,1,faible
8,2026-05-09 21:00:00,21,5,0,4,faible
9,2026-05-09 21:00:00,21,5,0,4,faible
10,2026-05-09 21:00:00,21,5,0,0,faible
11,2026-05-09 21:00:00,21,5,0,0,faible
12,2026-05-09 21:00:00,21,5,0,5,faible
13,2026-05-09 21:00:00,21,5,0,1,faible
14,2026-05-09 21:00:00,21,5,0,6,faible
15,2026-05-09 21:00:00,21,5,1,8,faible
16,2026-05-09 21:00:00,21,5,1,14,moyen
17,2026-05-09 21:00:00,21,5,1,11,moyen
1,2026-05-11 07:00:00,7,0,1,84,moyen
2,2026-05-11 07:00:00,7,0,0,1,faible
3,2026-05-11 07:00:00,7,0,0,1,faible
4,2026-05-11 07:00:00,7,0,0,16,faible
5,2026-05-11 07:00:00,7,0,1,49,eleve
6,2026-05-11 07:00:00,7,0,1,56,eleve
7,2026-05-11 07:00:00,7,0,0,2,faible
8,2026-05-11 07:00:00,7,0,0,3,faible
9,2026-05-11 07:00:00,7,0,0,4,faible
10,2026-05-11 07:00:00,7,0,0,6,moyen
11,2026-05-11 07:00:00,7,0,0,2,faible
12,2026-05-11 07:00:00,7,0,1,20,moyen
13,2026-05-11 07:00:00,7,0,0,7,faible
14,2026-05-11 07:00:00,7,0,0,6,faible
15,2026-05-11 07:00:00,7,0,1,30,eleve
16,2026-05-11 07:00:00,7,0,1,23,eleve
17,2026-05-11 07:00:00,7,0,1,17,moyen
1,2026-05-11 08:00:00,8,0,1,90,eleve
2,2026-05-11 08:00:00,8,0,0,4,faible
3,2026-05-11 08:00:00,8,0,1,41,moyen
4,2026-05-11 08:00:00,8,0,0,4,faible
5,2026-05-11 08:00:00,8,0,0,8,faible
6,2026-05-11 08:00:00,8,0,0,0,faible
7,2026-05-11 08:00:00,8,0,0,6,moyen
8,2026-05-11 08:00:00,8,0,0,2,faible
9,2026-05-11 08:00:00,8,0,0,5,moyen
10,2026-05-11 08:00:00,8,0,0,0,faible
11,2026-05-11 08:00:00,8,0,0,0,faible
12,2026-05-11 08:00:00,8,0,1,18,moyen
13,2026-05-11 08:00:00,8,0,1,22,eleve
14,2026-05-11 08:00:00,8,0,1,14,moyen
15,2026-05-11 08:00:00,8,0,0,6,faible
16,2026-05-11 08:00:00,8,0,1,24,eleve
17,2026-05-11 08:00:00,8,0,0,7,faible
1,2026-05-11 09:00:00,9,0,1,91,eleve
2,2026-05-11 09:00:00,9,0,0,4,faible
3,2026-05-11 09:00:00,9,0,1,40,moyen
4,2026-05-11 09:00:00,9,0,0,7,faible
5,2026-05-11 09:00:00,9,0,1,39,moyen
6,2026-05-11 09:00:00,9,0,1,33,moyen
7,2026-05-11 09:00:00,9,0,0,2,faible
8,2026-05-11 09:00:00,9,0,0,4,faible
9,2026-05-11 09:00:00,9,0,0,7,moyen
10,2026-05-11 09:00:00,9,0,0,2,faible
11,2026-05-11 09:00:00,9,0,0,4,faible
12,2026-05-11 09:00:00,9,0,1,22,eleve
13,2026-05-11 09:00:00,9,0,0,10,moyen
14,2026-05-11 09:00:00,9,0,0,8,faible
15,2026-05-11 09:00:00,9,0,0,2,faible
16,2026-05-11 09:00:00,9,0,0,3,faible
17,2026-05-11 09:00:00,9,0,0,3,faible
1,2026-05-11 10:00:00,10,0,1,101,eleve
2,2026-05-11 10:00:00,10,0,0,1,faible
3,2026-05-11 10:00:00,10,0,1,36,moyen
4,2026-05-11 10:00:00,10,0,1,40,moyen
5,2026-05-11 10:00:00,10,0,1,39,moyen
6,2026-05-11 10:00:00,10,0,1,50,eleve
7,2026-05-11 10:00:00,10,0,0,1,faible
8,2026-05-11 10:00:00,10,0,0,1,faible
9,2026-05-11 10:00:00,10,0,0,4,faible
10,2026-05-11 10:00:00,10,0,0,7,moyen
11,2026-05-11 10:00:00,10,0,0,0,faible
12,2026-05-11 10:00:00,10,0,0,5,faible
13,2026-05-11 10:00:00,10,0,1,19,moyen
14,2026-05-11 10:00:00,10,0,0,0,faible
15,2026-05-11 10:00:00,10,0,0,6,faible
16,2026-05-11 10:00:00,10,0,0,6,faible
17,2026-05-11 10:00:00,10,0,0,0,faible
1,2026-05-11 11:00:00,11,0,1,75,moyen
2,2026-05-11 11:00:00,11,0,0,0,faible
3,2026-05-11 11:00:00,11,0,1,39,moyen
4,2026-05-11 11:00:00,11,0,1,44,eleve
5,2026-05-11 11:00:00,11,0,1,43,eleve
6,2026-05-11 11:00:00,11,0,1,46,eleve
7,2026-05-11 11:00:00,11,0,0,2,faible
8,2026-05-11 11:00:00,11,0,0,4,faible
9,2026-05-11 11:00:00,11,0,0,0,faible
10,2026-05-11 11:00:00,11,0,0,3,faible
11,2026-05-11 11:00:00,11,0,0,8,moyen
12,2026-05-11 11:00:00,11,0,1,25,eleve
13,2026-05-11 11:00:00,11,0,1,21,moyen
14,2026-05-11 11:00:00,11,0,0,2,faible
15,2026-05-11 11:00:00,11,0,0,9,moyen
16,2026-05-11 11:00:00,11,0,0,4,faible
17,2026-05-11 11:00:00,11,0,0,7,faible
1,2026-05-11 12:00:00,12,0,1,87,eleve
2,2026-05-11 12:00:00,12,0,0,6,moyen
3,2026-05-11 12:00:00,12,0,1,40,moyen
4,2026-05-11 12:00:00,12,0,1,40,moyen
5,2026-05-11 12:00:00,12,0,1,42,moyen
6,2026-05-11 12:00:00,12,0,0,14,faible
7,2026-05-11 12:00:00,12,0,0,6,moyen
8,2026-05-11 12:00:00,12,0,0,6,moyen
9,2026-05-11 12:00:00,12,0,0,0,faible
10,2026-05-11 12:00:00,12,0,0,0,faible
11,2026-05-11 12:00:00,12,0,0,0,faible
12,2026-05-11 12:00:00,12,0,0,0,faible
13,2026-05-11 12:00:00,12,0,0,10,moyen
14,2026-05-11 12:00:00,12,0,0,5,faible
15,2026-05-11 12:00:00,12,0,0,8,faible
16,2026-05-11 12:00:00,12,0,0,0,faible
17,2026-05-11 12:00:00,12,0,1,19,moyen
1,2026-05-11 13:00:00,13,0,1,104,eleve
2,2026-05-11 13:00:00,13,0,0,1,faible
3,2026-05-11 13:00:00,13,0,1,39,moyen
4,2026-05-11 13:00:00,13,0,0,0,faible
5,2026-05-11 13:00:00,13,0,1,48,eleve
6,2026-05-11 13:00:00,13,0,0,24,moyen
7,2026-05-11 13:00:00,13,0,0,0,faible
8,2026-05-11 13:00:00,13,0,0,7,moyen
9,2026-05-11 13:00:00,13,0,0,0,faible
10,2026-05-11 13:00:00,13,0,0,0,faible
11,2026-05-11 13:00:00,13,0,0,5,moyen
12,2026-05-11 13:00:00,13,0,0,10,moyen
13,2026-05-11 13:00:00,13,0,1,26,eleve
14,2026-05-11 13:00:00,13,0,0,4,faible
15,2026-05-11 13:00:00,13,0,1,21,moyen
16,2026-05-11 13:00:00,13,0,1,28,eleve
17,2026-05-11 13:00:00,13,0,1,22,eleve
1,2026-05-11 14:00:00,14,0,1,78,moyen
2,2026-05-11 14:00:00,14,0,0,5,faible
3,2026-05-11 14:00:00,14,0,1,53,eleve
4,2026-05-11 14:00:00,14,0,0,15,faible
5,2026-05-11 14:00:00,14,0,1,47,eleve
6,2026-05-11 14:00:00,14,0,0,0,faible
7,2026-05-11 14:00:00,14,0,0,8,moyen
8,2026-05-11 14:00:00,14,0,0,0,faible
9,2026-05-11 14:00:00,14,0,0,2,faible
10,2026-05-11 14:00:00,14,0,0,4,faible
11,2026-05-11 14:00:00,14,0,0,0,faible
12,2026-05-11 14:00:00,14,0,0,0,faible
13,2026-05-11 14:00:00,14,0,1,30,eleve
14,2026-05-11 14:00:00,14,0,0,13,moyen
15,2026-05-11 14:00:00,14,0,1,26,eleve
16,2026-05-11 14:00:00,14,0,0,7,faible
17,2026-05-11 14:00:00,14,0,0,6,faible
1,2026-05-11 15:00:00,15,0,1,106,eleve
2,2026-05-11 15:00:00,15,0,0,1,faible
3,2026-05-11 15:00:00,15,0,1,48,eleve
4,2026-05-11 15:00:00,15,0,0,18,moyen
5,2026-05-11 15:00:00,15,0,0,4,faible
6,2026-05-11 15:00:00,15,0,0,18,moyen
7,2026-05-11 15:00:00,15,0,0,2,faible
8,2026-05-11 15:00:00,15,0,0,2,faible
9,2026-05-11 15:00:00,15,0,0,0,faible
10,2026-05-11 15:00:00,15,0,0,0,faible
11,2026-05-11 15:00:00,15,0,0,2,faible
12,2026-05-11 15:00:00,15,0,0,10,moyen
13,2026-05-11 15:00:00,15,0,1,16,moyen
14,2026-05-11 15:00:00,15,0,1,16,moyen
15,2026-05-11 15:00:00,15,0,1,14,moyen
16,2026-05-11 15:00:00,15,0,1,19,moyen
17,2026-05-11 15:00:00,15,0,0,5,faible
1,2026-05-11 16:00:00,16,0,1,76,moyen
2,2026-05-11 16:00:00,16,0,0,0,faible
3,2026-05-11 16:00:00,16,0,1,37,moyen
4,2026-05-11 16:00:00,16,0,1,37,moyen
5,2026-05-11 16:00:00,16,0,0,20,moyen
6,2026-05-11 16:00:00,16,0,1,55,eleve
7,2026-05-11 16:00:00,16,0,0,2,faible
8,2026-05-11 16:00:00,16,0,0,1,faible
9,2026-05-11 16:00:00,16,0,0,1,faible
10,2026-05-11 16:00:00,16,0,0,4,faible
11,2026-05-11 16:00:00,16,0,0,0,faible
12,2026-05-11 16:00:00,16,0,1,23,eleve
13,2026-05-11 16:00:00,16,0,0,1,faible
14,2026-05-11 16:00:00,16,0,0,0,faible
15,2026-05-11 16:00:00,16,0,1,22,eleve
16,2026-05-11 16:00:00,16,0,0,4,faible
17,2026-05-11 16:00:00,16,0,0,0,faible
1,2026-05-11 17:00:00,17,0,1,111,eleve
2,2026-05-11 17:00:00,17,0,0,4,faible
3,2026-05-11 17:00:00,17,0,1,52,eleve
4,2026-05-11 17:00:00,17,0,0,25,moyen
5,2026-05-11 17:00:00,17,0,0,23,moyen
6,2026-05-11 17:00:00,17,0,0,11,faible
7,2026-05-11 17:00:00,17,0,0,3,faible
8,2026-05-11 17:00:00,17,0,0,5,moyen
9,2026-05-11 17:00:00,17,0,0,4,faible
10,2026-05-11 17:00:00,17,0,0,7,moyen
11,2026-05-11 17:00:00,17,0,0,1,faible
12,2026-05-11 17:00:00,17,0,1,19,moyen
13,2026-05-11 17:00:00,17,0,0,1,faible
14,2026-05-11 17:00:00,17,0,0,3,faible
15,2026-05-11 17:00:00,17,0,1,26,eleve
16,2026-05-11 17:00:00,17,0,1,29,eleve
17,2026-05-11 17:00:00,17,0,0,0,faible
1,2026-05-11 18:00:00,18,0,1,83,moyen
2,2026-05-11 18:00:00,18,0,0,4,faible
3,2026-05-11 18:00:00,18,0,0,11,faible
4,2026-05-11 18:00:00,18,0,1,42,moyen
5,2026-05-11 18:00:00,18,0,1,51,eleve
6,2026-05-11 18:00:00,18,0,1,37,moyen
7,2026-05-11 18:00:00,18,0,0,0,faible
8,2026-05-11 18:00:00,18,0,0,0,faible
9,2026-05-11 18:00:00,18,0,0,0,faible
10,2026-05-11 18:00:00,18,0,0,0,faible
11,2026-05-11 18:00:00,18,0,0,0,faible
12,2026-05-11 18:00:00,18,0,0,13,moyen
13,2026-05-11 18:00:00,18,0,0,6,faible
14,2026-05-11 18:00:00,18,0,1,16,moyen
15,2026-05-11 18:00:00,18,0,0,0,faible
16,2026-05-11 18:00:00,18,0,0,7,faible
17,2026-05-11 18:00:00,18,0,0,5,faible
1,2026-05-11 19:00:00,19,0,1,95,eleve
2,2026-05-11 19:00:00,19,0,0,1,faible
3,2026-05-11 19:00:00,19,0,1,44,eleve
4,2026-05-11 19:00:00,19,0,0,16,faible
5,2026-05-11 19:00:00,19,0,1,49,eleve
6,2026-05-11 19:00:00,19,0,1,41,moyen
7,2026-05-11 19:00:00,19,0,0,0,faible
8,2026-05-11 19:00:00,19,0,0,3,faible
9,2026-05-11 19:00:00,19,0,0,0,faible
10,2026-05-11 19:00:00,19,0,0,4,faible
11,2026-05-11 19:00:00,19,0,0,9,moyen
12,2026-05-11 19:00:00,19,0,1,18,moyen
13,2026-05-11 19:00:00,19,0,0,5,faible
14,2026-05-11 19:00:00,19,0,1,17,moyen
15,2026-05-11 19:00:00,19,0,0,1,faible
16,2026-05-11 19:00:00,19,0,1,16,moyen
17,2026-05-11 19:00:00,19,0,0,0,faible
1,2026-05-11 20:00:00,20,0,1,98,eleve
2,2026-05-11 20:00:00,20,0,0,2,faible
3,2026-05-11 20:00:00,20,0,0,12,faible
4,2026-05-11 20:00:00,20,0,1,50,eleve
5,2026-05-11 20:00:00,20,0,0,14,faible
6,2026-05-11 20:00:00,20,0,1,59,eleve
7,2026-05-11 20:00:00,20,0,0,0,faible
8,2026-05-11 20:00:00,20,0,0,5,moyen
9,2026-05-11 20:00:00,20,0,0,0,faible
10,2026-05-11 20:00:00,20,0,0,2,faible
11,2026-05-11 20:00:00,20,0,0,0,faible
12,2026-05-11 20:00:00,20,0,1,18,moyen
13,2026-05-11 20:00:00,20,0,1,19,moyen
14,2026-05-11 20:00:00,20,0,0,6,faible
15,2026-05-11 20:00:00,20,0,1,14,moyen
16,2026-05-11 20:00:00,20,0,1,25,eleve
17,2026-05-11 20:00:00,20,0,1,23,eleve
1,2026-05-11 21:00:00,21,0,1,94,eleve
2,2026-05-11 21:00:00,21,0,0,4,faible
3,2026-05-11 21:00:00,21,0,0,10,faible
4,2026-05-11 21:00:00,21,0,1,34,moyen
5,2026-05-11 21:00:00,21,0,0,20,moyen
6,2026-05-11 21:00:00,21,0,0,0,faible
7,2026-05-11 21:00:00,21,0,0,2,faible
8,2026-05-11 21:00:00,21,0,0,4,faible
9,2026-05-11 21:00:00,21,0,0,0,faible
10,2026-05-11 21:00:00,21,0,0,8,moyen
11,2026-05-11 21:00:00,21,0,0,0,faible
12,2026-05-11 21:00:00,21,0,0,3,faible
13,2026-05-11 21:00:00,21,0,1,29,eleve
14,2026-05-11 21:00:00,21,0,0,8,faible
15,2026-05-11 21:00:00,21,0,1,20,moyen
16,2026-05-11 21:00:00,21,0,1,26,eleve
17,2026-05-11 21:00:00,21,0,1,30,eleve
1,2026-05-12 07:00:00,7,1,0,4,faible
2,2026-05-12 07:00:00,7,1,0,1,faible
3,2026-05-12 07:00:00,7,1,1,48,eleve
4,2026-05-12 07:00:00,7,1,1,46,eleve
5,2026-05-12 07:00:00,7,1,1,48,eleve
6,2026-05-12 07:00:00,7,1,1,55,eleve
7,2026-05-12 07:00:00,7,1,1,12,eleve
8,2026-05-12 07:00:00,7,1,1,14,eleve
9,2026-05-12 07:00:00,7,1,1,15,eleve
10,2026-05-12 07:00:00,7,1,1,14,eleve
11,2026-05-12 07:00:00,7,1,1,15,eleve
12,2026-05-12 07:00:00,7,1,1,22,eleve
13,2026-05-12 07:00:00,7,1,1,25,eleve
14,2026-05-12 07:00:00,7,1,0,12,moyen
15,2026-05-12 07:00:00,7,1,1,18,moyen
16,2026-05-12 07:00:00,7,1,1,27,eleve
17,2026-05-12 07:00:00,7,1,1,15,moyen
1,2026-05-12 08:00:00,8,1,0,13,faible
2,2026-05-12 08:00:00,8,1,0,4,faible
3,2026-05-12 08:00:00,8,1,1,40,moyen
4,2026-05-12 08:00:00,8,1,0,4,faible
5,2026-05-12 08:00:00,8,1,0,16,faible
6,2026-05-12 08:00:00,8,1,0,17,faible
7,2026-05-12 08:00:00,8,1,1,11,eleve
8,2026-05-12 08:00:00,8,1,1,15,eleve
9,2026-05-12 08:00:00,8,1,1,6,moyen
10,2026-05-12 08:00:00,8,1,1,8,moyen
11,2026-05-12 08:00:00,8,1,1,10,moyen
12,2026-05-12 08:00:00,8,1,1,25,eleve
13,2026-05-12 08:00:00,8,1,1,22,eleve
14,2026-05-12 08:00:00,8,1,0,13,moyen
15,2026-05-12 08:00:00,8,1,0,4,faible
16,2026-05-12 08:00:00,8,1,0,4,faible
17,2026-05-12 08:00:00,8,1,1,22,eleve
1,2026-05-12 09:00:00,9,1,0,9,faible
2,2026-05-12 09:00:00,9,1,0,0,faible
3,2026-05-12 09:00:00,9,1,1,42,moyen
4,2026-05-12 09:00:00,9,1,1,51,eleve
5,2026-05-12 09:00:00,9,1,0,11,faible
6,2026-05-12 09:00:00,9,1,0,16,faible
7,2026-05-12 09:00:00,9,1,1,10,moyen
8,2026-05-12 09:00:00,9,1,1,8,moyen
9,2026-05-12 09:00:00,9,1,1,15,eleve
10,2026-05-12 09:00:00,9,1,1,4,faible
11,2026-05-12 09:00:00,9,1,1,11,eleve
12,2026-05-12 09:00:00,9,1,0,2,faible
13,2026-05-12 09:00:00,9,1,1,21,moyen
14,2026-05-12 09:00:00,9,1,1,21,moyen
15,2026-05-12 09:00:00,9,1,0,8,faible
16,2026-05-12 09:00:00,9,1,0,7,faible
17,2026-05-12 09:00:00,9,1,0,0,faible
1,2026-05-12 10:00:00,10,1,0,34,faible
2,2026-05-12 10:00:00,10,1,0,4,faible
3,2026-05-12 10:00:00,10,1,0,8,faible
4,2026-05-12 10:00:00,10,1,1,40,moyen
5,2026-05-12 10:00:00,10,1,0,9,faible
6,2026-05-12 10:00:00,10,1,0,8,faible
7,2026-05-12 10:00:00,10,1,1,11,eleve
8,2026-05-12 10:00:00,10,1,1,12,eleve
9,2026-05-12 10:00:00,10,1,1,15,eleve
10,2026-05-12 10:00:00,10,1,1,5,moyen
11,2026-05-12 10:00:00,10,1,1,10,moyen
12,2026-05-12 10:00:00,10,1,0,5,faible
13,2026-05-12 10:00:00,10,1,0,6,faible
14,2026-05-12 10:00:00,10,1,1,20,moyen
15,2026-05-12 10:00:00,10,1,1,20,moyen
16,2026-05-12 10:00:00,10,1,0,4,faible
17,2026-05-12 10:00:00,10,1,0,5,faible
1,2026-05-12 11:00:00,11,1,0,0,faible
2,2026-05-12 11:00:00,11,1,0,4,faible
3,2026-05-12 11:00:00,11,1,1,53,eleve
4,2026-05-12 11:00:00,11,1,0,16,faible
5,2026-05-12 11:00:00,11,1,0,0,faible
6,2026-05-12 11:00:00,11,1,1,36,moyen
7,2026-05-12 11:00:00,11,1,1,15,eleve
8,2026-05-12 11:00:00,11,1,1,15,eleve
9,2026-05-12 11:00:00,11,1,1,10,moyen
10,2026-05-12 11:00:00,11,1,1,9,moyen
11,2026-05-12 11:00:00,11,1,1,10,moyen
12,2026-05-12 11:00:00,11,1,1,19,moyen
13,2026-05-12 11:00:00,11,1,1,14,moyen
14,2026-05-12 11:00:00,11,1,0,0,faible
15,2026-05-12 11:00:00,11,1,1,30,eleve
16,2026-05-12 11:00:00,11,1,0,3,faible
17,2026-05-12 11:00:00,11,1,0,3,faible
1,2026-05-12 12:00:00,12,1,0,49,moyen
2,2026-05-12 12:00:00,12,1,0,2,faible
3,2026-05-12 12:00:00,12,1,1,45,eleve
4,2026-05-12 12:00:00,12,1,0,1,faible
5,2026-05-12 12:00:00,12,1,0,16,faible
6,2026-05-12 12:00:00,12,1,1,54,eleve
7,2026-05-12 12:00:00,12,1,1,15,eleve
8,2026-05-12 12:00:00,12,1,1,14,eleve
9,2026-05-12 12:00:00,12,1,1,7,moyen
10,2026-05-12 12:00:00,12,1,1,7,moyen
11,2026-05-12 12:00:00,12,1,1,10,moyen
12,2026-05-12 12:00:00,12,1,1,17,moyen
13,2026-05-12 12:00:00,12,1,0,11,moyen
14,2026-05-12 12:00:00,12,1,0,14,moyen
15,2026-05-12 12:00:00,12,1,1,30,eleve
16,2026-05-12 12:00:00,12,1,0,9,moyen
17,2026-05-12 12:00:00,12,1,1,26,eleve
1,2026-05-12 13:00:00,13,1,0,29,faible
2,2026-05-12 13:00:00,13,1,0,8,moyen
3,2026-05-12 13:00:00,13,1,1,37,moyen
4,2026-05-12 13:00:00,13,1,1,52,eleve
5,2026-05-12 13:00:00,13,1,0,17,faible
6,2026-05-12 13:00:00,13,1,1,58,eleve
7,2026-05-12 13:00:00,13,1,1,15,eleve
8,2026-05-12 13:00:00,13,1,1,8,moyen
9,2026-05-12 13:00:00,13,1,1,15,eleve
10,2026-05-12 13:00:00,13,1,1,6,moyen
11,2026-05-12 13:00:00,13,1,1,15,eleve
12,2026-05-12 13:00:00,13,1,0,6,faible
13,2026-05-12 13:00:00,13,1,0,15,moyen
14,2026-05-12 13:00:00,13,1,0,7,faible
15,2026-05-12 13:00:00,13,1,1,28,eleve
16,2026-05-12 13:00:00,13,1,0,11,moyen
17,2026-05-12 13:00:00,13,1,1,24,eleve
1,2026-05-12 14:00:00,14,1,0,17,faible
2,2026-05-12 14:00:00,14,1,0,0,faible
3,2026-05-12 14:00:00,14,1,0,16,faible
4,2026-05-12 14:00:00,14,1,1,50,eleve
5,2026-05-12 14:00:00,14,1,1,52,eleve
6,2026-05-12 14:00:00,14,1,0,16,faible
7,2026-05-12 14:00:00,14,1,1,15,eleve
8,2026-05-12 14:00:00,14,1,1,15,eleve
9,2026-05-12 14:00:00,14,1,1,14,eleve
10,2026-05-12 14:00:00,14,1,1,11,eleve
11,2026-05-12 14:00:00,14,1,1,15,eleve
12,2026-05-12 14:00:00,14,1,1,25,eleve
13,2026-05-12 14:00:00,14,1,0,0,faible
14,2026-05-12 14:00:00,14,1,1,29,eleve
15,2026-05-12 14:00:00,14,1,0,5,faible
16,2026-05-12 14:00:00,14,1,1,19,moyen
17,2026-05-12 14:00:00,14,1,0,5,faible
1,2026-05-12 15:00:00,15,1,0,9,faible
2,2026-05-12 15:00:00,15,1,0,0,faible
3,2026-05-12 15:00:00,15,1,1,45,eleve
4,2026-05-12 15:00:00,15,1,0,7,faible
5,2026-05-12 15:00:00,15,1,0,11,faible
6,2026-05-12 15:00:00,15,1,0,10,faible
7,2026-05-12 15:00:00,15,1,1,11,eleve
8,2026-05-12 15:00:00,15,1,1,9,moyen
9,2026-05-12 15:00:00,15,1,1,12,eleve
10,2026-05-12 15:00:00,15,1,1,15,eleve
11,2026-05-12 15:00:00,15,1,1,8,moyen
12,2026-05-12 15:00:00,15,1,0,8,faible
13,2026-05-12 15:00:00,15,1,0,0,faible
14,2026-05-12 15:00:00,15,1,0,9,moyen
15,2026-05-12 15:00:00,15,1,1,27,eleve
16,2026-05-12 15:00:00,15,1,0,7,faible
17,2026-05-12 15:00:00,15,1,0,2,faible
1,2026-05-12 16:00:00,16,1,0,17,faible
2,2026-05-12 16:00:00,16,1,0,1,faible
3,2026-05-12 16:00:00,16,1,0,13,faible
4,2026-05-12 16:00:00,16,1,1,42,moyen
5,2026-05-12 16:00:00,16,1,1,58,eleve
6,2026-05-12 16:00:00,16,1,1,44,eleve
7,2026-05-12 16:00:00,16,1,1,10,moyen
8,2026-05-12 16:00:00,16,1,1,7,moyen
9,2026-05-12 16:00:00,16,1,1,8,moyen
10,2026-05-12 16:00:00,16,1,1,6,moyen
11,2026-05-12 16:00:00,16,1,1,9,moyen
12,2026-05-12 16:00:00,16,1,0,9,moyen
13,2026-05-12 16:00:00,16,1,1,17,moyen
14,2026-05-12 16:00:00,16,1,0,11,moyen
15,2026-05-12 16:00:00,16,1,0,11,moyen
16,2026-05-12 16:00:00,16,1,1,20,moyen
17,2026-05-12 16:00:00,16,1,1,25,eleve
1,2026-05-12 17:00:00,17,1,0,45,moyen
2,2026-05-12 17:00:00,17,1,0,8,moyen
3,2026-05-12 17:00:00,17,1,0,17,faible
4,2026-05-12 17:00:00,17,1,0,3,faible
5,2026-05-12 17:00:00,17,1,1,54,eleve
6,2026-05-12 17:00:00,17,1,0,9,faible
7,2026-05-12 17:00:00,17,1,1,11,eleve
8,2026-05-12 17:00:00,17,1,1,15,eleve
9,2026-05-12 17:00:00,17,1,1,13,eleve
10,2026-05-12 17:00:00,17,1,1,14,eleve
11,2026-05-12 17:00:00,17,1,1,15,eleve
12,2026-05-12 17:00:00,17,1,0,5,faible
13,2026-05-12 17:00:00,17,1,1,21,moyen
14,2026-05-12 17:00:00,17,1,0,4,faible
15,2026-05-12 17:00:00,17,1,0,0,faible
16,2026-05-12 17:00:00,17,1,1,30,eleve
17,2026-05-12 17:00:00,17,1,0,0,faible
1,2026-05-12 18:00:00,18,1,0,48,moyen
2,2026-05-12 18:00:00,18,1,0,8,moyen
3,2026-05-12 18:00:00,18,1,1,48,eleve
4,2026-05-12 18:00:00,18,1,0,9,faible
5,2026-05-12 18:00:00,18,1,0,6,faible
6,2026-05-12 18:00:00,18,1,0,11,faible
7,2026-05-12 18:00:00,18,1,1,13,eleve
8,2026-05-12 18:00:00,18,1,1,5,moyen
9,2026-05-12 18:00:00,18,1,1,15,eleve
10,2026-05-12 18:00:00,18,1,1,13,eleve
11,2026-05-12 18:00:00,18,1,1,13,eleve
12,2026-05-12 18:00:00,18,1,1,17,moyen
13,2026-05-12 18:00:00,18,1,1,21,moyen
14,2026-05-12 18:00:00,18,1,0,7,faible
15,2026-05-12 18:00:00,18,1,1,20,moyen
16,2026-05-12 18:00:00,18,1,1,17,moyen
17,2026-05-12 18:00:00,18,1,0,1,faible
1,2026-05-12 19:00:00,19,1,0,28,faible
2,2026-05-12 19:00:00,19,1,0,4,faible
3,2026-05-12 19:00:00,19,1,0,19,moyen
4,2026-05-12 19:00:00,19,1,1,40,moyen
5,2026-05-12 19:00:00,19,1,0,8,faible
6,2026-05-12 19:00:00,19,1,1,49,eleve
7,2026-05-12 19:00:00,19,1,1,7,moyen
8,2026-05-12 19:00:00,19,1,1,7,moyen
9,2026-05-12 19:00:00,19,1,1,14,eleve
10,2026-05-12 19:00:00,19,1,1,11,eleve
11,2026-05-12 19:00:00,19,1,1,10,moyen
12,2026-05-12 19:00:00,19,1,0,9,moyen
13,2026-05-12 19:00:00,19,1,0,11,moyen
14,2026-05-12 19:00:00,19,1,1,29,eleve
15,2026-05-12 19:00:00,19,1,0,8,faible
16,2026-05-12 19:00:00,19,1,1,20,moyen
17,2026-05-12 19:00:00,19,1,1,20,moyen
1,2026-05-12 20:00:00,20,1,0,22,faible
2,2026-05-12 20:00:00,20,1,0,0,faible
3,2026-05-12 20:00:00,20,1,1,39,moyen
4,2026-05-12 20:00:00,20,1,1,41,moyen
5,2026-05-12 20:00:00,20,1,0,7,faible
6,2026-05-12 20:00:00,20,1,0,20,moyen
7,2026-05-12 20:00:00,20,1,1,12,eleve
8,2026-05-12 20:00:00,20,1,1,14,eleve
9,2026-05-12 20:00:00,20,1,1,11,eleve
10,2026-05-12 20:00:00,20,1,1,4,faible
11,2026-05-12 20:00:00,20,1,1,14,eleve
12,2026-05-12 20:00:00,20,1,1,24,eleve
13,2026-05-12 20:00:00,20,1,0,9,moyen
14,2026-05-12 20:00:00,20,1,0,5,faible
15,2026-05-12 20:00:00,20,1,0,14,moyen
16,2026-05-12 20:00:00,20,1,1,22,eleve
17,2026-05-12 20:00:00,20,1,0,4,faible
1,2026-05-12 21:00:00,21,1,0,37,moyen
2,2026-05-12 21:00:00,21,1,0,7,moyen
3,2026-05-12 21:00:00,21,1,0,7,faible
4,2026-05-12 21:00:00,21,1,0,15,faible
5,2026-05-12 21:00:00,21,1,1,45,eleve
6,2026-05-12 21:00:00,21,1,1,45,eleve
7,2026-05-12 21:00:00,21,1,1,5,moyen
8,2026-05-12 21:00:00,21,1,1,6,moyen
9,2026-05-12 21:00:00,21,1,1,9,moyen
10,2026-05-12 21:00:00,21,1,1,6,moyen
11,2026-05-12 21:00:00,21,1,1,14,eleve
12,2026-05-12 21:00:00,21,1,0,9,moyen
13,2026-05-12 21:00:00,21,1,0,5,faible
14,2026-05-12 21:00:00,21,1,1,18,moyen
15,2026-05-12 21:00:00,21,1,0,3,faible
16,2026-05-12 21:00:00,21,1,1,24,eleve
17,2026-05-12 21:00:00,21,1,0,6,faible
1,2026-05-13 07:00:00,7,2,1,87,eleve
2,2026-05-13 07:00:00,7,2,0,4,faible
3,2026-05-13 07:00:00,7,2,1,45,eleve
4,2026-05-13 07:00:00,7,2,0,18,moyen
5,2026-05-13 07:00:00,7,2,1,49,eleve
6,2026-05-13 07:00:00,7,2,1,51,eleve
7,2026-05-13 07:00:00,7,2,0,2,faible
8,2026-05-13 07:00:00,7,2,0,6,moyen
9,2026-05-13 07:00:00,7,2,0,0,faible
10,2026-05-13 07:00:00,7,2,0,4,faible
11,2026-05-13 07:00:00,7,2,0,6,moyen
12,2026-05-13 07:00:00,7,2,0,1,faible
13,2026-05-13 07:00:00,7,2,1,25,eleve
14,2026-05-13 07:00:00,7,2,1,25,eleve
15,2026-05-13 07:00:00,7,2,0,12,moyen
16,2026-05-13 07:00:00,7,2,0,5,faible
17,2026-05-13 07:00:00,7,2,0,0,faible
1,2026-05-13 08:00:00,8,2,1,83,moyen
2,2026-05-13 08:00:00,8,2,0,2,faible
3,2026-05-13 08:00:00,8,2,0,23,moyen
4,2026-05-13 08:00:00,8,2,0,13,faible
5,2026-05-13 08:00:00,8,2,1,37,moyen
6,2026-05-13 08:00:00,8,2,1,44,eleve
7,2026-05-13 08:00:00,8,2,0,2,faible
8,2026-05-13 08:00:00,8,2,0,0,faible
9,2026-05-13 08:00:00,8,2,0,1,faible
10,2026-05-13 08:00:00,8,2,0,8,moyen
11,2026-05-13 08:00:00,8,2,0,7,moyen
12,2026-05-13 08:00:00,8,2,1,20,moyen
13,2026-05-13 08:00:00,8,2,0,6,faible
14,2026-05-13 08:00:00,8,2,1,19,moyen
15,2026-05-13 08:00:00,8,2,1,30,eleve
16,2026-05-13 08:00:00,8,2,1,24,eleve
17,2026-05-13 08:00:00,8,2,1,20,moyen
1,2026-05-13 09:00:00,9,2,1,88,eleve
2,2026-05-13 09:00:00,9,2,0,6,moyen
3,2026-05-13 09:00:00,9,2,0,18,moyen
4,2026-05-13 09:00:00,9,2,0,18,moyen
5,2026-05-13 09:00:00,9,2,0,7,faible
6,2026-05-13 09:00:00,9,2,1,35,moyen
7,2026-05-13 09:00:00,9,2,0,0,faible
8,2026-05-13 09:00:00,9,2,0,2,faible
9,2026-05-13 09:00:00,9,2,0,0,faible
10,2026-05-13 09:00:00,9,2,0,0,faible
11,2026-05-13 09:00:00,9,2,0,0,faible
12,2026-05-13 09:00:00,9,2,0,5,faible
13,2026-05-13 09:00:00,9,2,0,6,faible
14,2026-05-13 09:00:00,9,2,0,0,faible
15,2026-05-13 09:00:00,9,2,0,6,faible
16,2026-05-13 09:00:00,9,2,1,23,eleve
17,2026-05-13 09:00:00,9,2,0,3,faible
1,2026-05-13 10:00:00,10,2,1,75,moyen
2,2026-05-13 10:00:00,10,2,0,4,faible
3,2026-05-13 10:00:00,10,2,1,55,eleve
4,2026-05-13 10:00:00,10,2,1,50,eleve
5,2026-05-13 10:00:00,10,2,1,46,eleve
6,2026-05-13 10:00:00,10,2,1,41,moyen
7,2026-05-13 10:00:00,10,2,0,7,moyen
8,2026-05-13 10:00:00,10,2,0,0,faible
9,2026-05-13 10:00:00,10,2,0,0,faible
10,2026-05-13 10:00:00,10,2,0,4,faible
11,2026-05-13 10:00:00,10,2,0,0,faible
12,2026-05-13 10:00:00,10,2,1,25,eleve
13,2026-05-13 10:00:00,10,2,1,15,moyen
14,2026-05-13 10:00:00,10,2,1,26,eleve
15,2026-05-13 10:00:00,10,2,1,17,moyen
16,2026-05-13 10:00:00,10,2,0,12,moyen
17,2026-05-13 10:00:00,10,2,1,20,moyen
1,2026-05-13 11:00:00,11,2,1,80,moyen
2,2026-05-13 11:00:00,11,2,0,5,faible
3,2026-05-13 11:00:00,11,2,0,2,faible
4,2026-05-13 11:00:00,11,2,1,41,moyen
5,2026-05-13 11:00:00,11,2,0,22,moyen
6,2026-05-13 11:00:00,11,2,0,14,faible
7,2026-05-13 11:00:00,11,2,0,2,faible
8,2026-05-13 11:00:00,11,2,0,4,faible
9,2026-05-13 11:00:00,11,2,0,1,faible
10,2026-05-13 11:00:00,11,2,0,9,moyen
11,2026-05-13 11:00:00,11,2,0,0,faible
12,2026-05-13 11:00:00,11,2,1,26,eleve
13,2026-05-13 11:00:00,11,2,0,2,faible
14,2026-05-13 11:00:00,11,2,0,0,faible
15,2026-05-13 11:00:00,11,2,1,22,eleve
16,2026-05-13 11:00:00,11,2,1,29,eleve
17,2026-05-13 11:00:00,11,2,0,8,faible
1,2026-05-13 12:00:00,12,2,1,105,eleve
2,2026-05-13 12:00:00,12,2,0,2,faible
3,2026-05-13 12:00:00,12,2,1,37,moyen
4,2026-05-13 12:00:00,12,2,0,11,faible
5,2026-05-13 12:00:00,12,2,1,54,eleve
6,2026-05-13 12:00:00,12,2,0,10,faible
7,2026-05-13 12:00:00,12,2,0,3,faible
8,2026-05-13 12:00:00,12,2,0,5,moyen
9,2026-05-13 12:00:00,12,2,0,7,moyen
10,2026-05-13 12:00:00,12,2,0,0,faible
11,2026-05-13 12:00:00,12,2,0,0,faible
12,2026-05-13 12:00:00,12,2,1,25,eleve
13,2026-05-13 12:00:00,12,2,0,0,faible
14,2026-05-13 12:00:00,12,2,0,0,faible
15,2026-05-13 12:00:00,12,2,0,0,faible
16,2026-05-13 12:00:00,12,2,0,15,moyen
17,2026-05-13 12:00:00,12,2,1,26,eleve
1,2026-05-13 13:00:00,13,2,1,73,moyen
2,2026-05-13 13:00:00,13,2,0,3,faible
3,2026-05-13 13:00:00,13,2,0,15,faible
4,2026-05-13 13:00:00,13,2,0,13,faible
5,2026-05-13 13:00:00,13,2,0,2,faible
6,2026-05-13 13:00:00,13,2,0,16,faible
7,2026-05-13 13:00:00,13,2,0,4,faible
8,2026-05-13 13:00:00,13,2,0,0,faible
9,2026-05-13 13:00:00,13,2,0,5,moyen
10,2026-05-13 13:00:00,13,2,0,4,faible
11,2026-05-13 13:00:00,13,2,0,7,moyen
12,2026-05-13 13:00:00,13,2,1,25,eleve
13,2026-05-13 13:00:00,13,2,0,2,faible
14,2026-05-13 13:00:00,13,2,0,15,moyen
15,2026-05-13 13:00:00,13,2,1,26,eleve
16,2026-05-13 13:00:00,13,2,0,4,faible
17,2026-05-13 13:00:00,13,2,0,3,faible
1,2026-05-13 14:00:00,14,2,1,79,moyen
2,2026-05-13 14:00:00,14,2,0,4,faible
3,2026-05-13 14:00:00,14,2,0,18,moyen
4,2026-05-13 14:00:00,14,2,1,31,moyen
5,2026-05-13 14:00:00,14,2,1,49,eleve
6,2026-05-13 14:00:00,14,2,1,38,moyen
7,2026-05-13 14:00:00,14,2,0,3,faible
8,2026-05-13 14:00:00,14,2,0,0,faible
9,2026-05-13 14:00:00,14,2,0,2,faible
10,2026-05-13 14:00:00,14,2,0,5,moyen
11,2026-05-13 14:00:00,14,2,0,0,faible
12,2026-05-13 14:00:00,14,2,1,16,moyen
13,2026-05-13 14:00:00,14,2,0,3,faible
14,2026-05-13 14:00:00,14,2,0,7,faible
15,2026-05-13 14:00:00,14,2,1,16,moyen
16,2026-05-13 14:00:00,14,2,1,23,eleve
17,2026-05-13 14:00:00,14,2,1,18,moyen
1,2026-05-13 15:00:00,15,2,1,102,eleve
2,2026-05-13 15:00:00,15,2,0,0,faible
3,2026-05-13 15:00:00,15,2,1,38,moyen
4,2026-05-13 15:00:00,15,2,1,45,eleve
5,2026-05-13 15:00:00,15,2,1,47,eleve
6,2026-05-13 15:00:00,15,2,0,1,faible
7,2026-05-13 15:00:00,15,2,0,2,faible
8,2026-05-13 15:00:00,15,2,0,8,moyen
9,2026-05-13 15:00:00,15,2,0,0,faible
10,2026-05-13 15:00:00,15,2,0,4,faible
11,2026-05-13 15:00:00,15,2,0,0,faible
12,2026-05-13 15:00:00,15,2,0,0,faible
13,2026-05-13 15:00:00,15,2,0,8,faible
14,2026-05-13 15:00:00,15,2,1,18,moyen
15,2026-05-13 15:00:00,15,2,1,24,eleve
16,2026-05-13 15:00:00,15,2,0,4,faible
17,2026-05-13 15:00:00,15,2,1,26,eleve
1,2026-05-13 16:00:00,16,2,1,113,eleve
2,2026-05-13 16:00:00,16,2,0,4,faible
3,2026-05-13 16:00:00,16,2,0,14,faible
4,2026-05-13 16:00:00,16,2,1,35,moyen
5,2026-05-13 16:00:00,16,2,0,12,faible
6,2026-05-13 16:00:00,16,2,0,17,faible
7,2026-05-13 16:00:00,16,2,0,2,faible
8,2026-05-13 16:00:00,16,2,0,2,faible
9,2026-05-13 16:00:00,16,2,0,0,faible
10,2026-05-13 16:00:00,16,2,0,5,moyen
11,2026-05-13 16:00:00,16,2,0,1,faible
12,2026-05-13 16:00:00,16,2,1,20,moyen
13,2026-05-13 16:00:00,16,2,0,3,faible
14,2026-05-13 16:00:00,16,2,0,0,faible
15,2026-05-13 16:00:00,16,2,1,23,eleve
16,2026-05-13 16:00:00,16,2,1,20,moyen
17,2026-05-13 16:00:00,16,2,0,1,faible
1,2026-05-13 17:00:00,17,2,1,73,moyen
2,2026-05-13 17:00:00,17,2,0,0,faible
3,2026-05-13 17:00:00,17,2,1,33,moyen
4,2026-05-13 17:00:00,17,2,1,57,eleve
5,2026-05-13 17:00:00,17,2,0,22,moyen
6,2026-05-13 17:00:00,17,2,1,53,eleve
7,2026-05-13 17:00:00,17,2,0,8,moyen
8,2026-05-13 17:00:00,17,2,0,0,faible
9,2026-05-13 17:00:00,17,2,0,4,faible
10,2026-05-13 17:00:00,17,2,0,2,faible
11,2026-05-13 17:00:00,17,2,0,7,moyen
12,2026-05-13 17:00:00,17,2,1,25,eleve
13,2026-05-13 17:00:00,17,2,0,6,faible
14,2026-05-13 17:00:00,17,2,0,6,faible
15,2026-05-13 17:00:00,17,2,0,0,faible
16,2026-05-13 17:00:00,17,2,1,19,moyen
17,2026-05-13 17:00:00,17,2,1,25,eleve
1,2026-05-13 18:00:00,18,2,1,84,moyen
2,2026-05-13 18:00:00,18,2,0,8,moyen
3,2026-05-13 18:00:00,18,2,1,37,moyen
4,2026-05-13 18:00:00,18,2,1,44,eleve
5,2026-05-13 18:00:00,18,2,0,7,faible
6,2026-05-13 18:00:00,18,2,1,34,moyen
7,2026-05-13 18:00:00,18,2,0,5,moyen
8,2026-05-13 18:00:00,18,2,0,5,moyen
9,2026-05-13 18:00:00,18,2,0,0,faible
10,2026-05-13 18:00:00,18,2,0,0,faible
11,2026-05-13 18:00:00,18,2,0,4,faible
12,2026-05-13 18:00:00,18,2,0,14,moyen
13,2026-05-13 18:00:00,18,2,1,20,moyen
14,2026-05-13 18:00:00,18,2,0,3,faible
15,2026-05-13 18:00:00,18,2,1,22,eleve
16,2026-05-13 18:00:00,18,2,1,26,eleve
17,2026-05-13 18:00:00,18,2,0,6,faible
1,2026-05-13 19:00:00,19,2,1,86,eleve
2,2026-05-13 19:00:00,19,2,0,2,faible
3,2026-05-13 19:00:00,19,2,1,37,moyen
4,2026-05-13 19:00:00,19,2,0,17,faible
5,2026-05-13 19:00:00,19,2,0,12,faible
6,2026-05-13 19:00:00,19,2,0,6,faible
7,2026-05-13 19:00:00,19,2,0,0,faible
8,2026-05-13 19:00:00,19,2,0,0,faible
9,2026-05-13 19:00:00,19,2,0,3,faible
10,2026-05-13 19:00:00,19,2,0,0,faible
11,2026-05-13 19:00:00,19,2,0,3,faible
12,2026-05-13 19:00:00,19,2,1,22,eleve
13,2026-05-13 19:00:00,19,2,0,8,faible
14,2026-05-13 19:00:00,19,2,0,0,faible
15,2026-05-13 19:00:00,19,2,0,12,moyen
16,2026-05-13 19:00:00,19,2,0,1,faible
17,2026-05-13 19:00:00,19,2,0,8,faible
1,2026-05-13 20:00:00,20,2,1,87,eleve
2,2026-05-13 20:00:00,20,2,0,10,moyen
3,2026-05-13 20:00:00,20,2,1,51,eleve
4,2026-05-13 20:00:00,20,2,0,8,faible
5,2026-05-13 20:00:00,20,2,1,38,moyen
6,2026-05-13 20:00:00,20,2,1,51,eleve
7,2026-05-13 20:00:00,20,2,0,0,faible
8,2026-05-13 20:00:00,20,2,0,0,faible
9,2026-05-13 20:00:00,20,2,0,2,faible
10,2026-05-13 20:00:00,20,2,0,6,moyen
11,2026-05-13 20:00:00,20,2,0,0,faible
12,2026-05-13 20:00:00,20,2,0,8,faible
13,2026-05-13 20:00:00,20,2,1,25,eleve
14,2026-05-13 20:00:00,20,2,1,30,eleve
15,2026-05-13 20:00:00,20,2,1,13,moyen
16,2026-05-13 20:00:00,20,2,1,16,moyen
17,2026-05-13 20:00:00,20,2,1,24,eleve
1,2026-05-13 21:00:00,21,2,1,88,eleve
2,2026-05-13 21:00:00,21,2,0,5,faible
3,2026-05-13 21:00:00,21,2,0,11,faible
4,2026-05-13 21:00:00,21,2,1,38,moyen
5,2026-05-13 21:00:00,21,2,0,26,moyen
6,2026-05-13 21:00:00,21,2,0,19,moyen
7,2026-05-13 21:00:00,21,2,0,0,faible
8,2026-05-13 21:00:00,21,2,0,0,faible
9,2026-05-13 21:00:00,21,2,0,4,faible
10,2026-05-13 21:00:00,21,2,0,1,faible
11,2026-05-13 21:00:00,21,2,0,3,faible
12,2026-05-13 21:00:00,21,2,1,19,moyen
13,2026-05-13 21:00:00,21,2,0,3,faible
14,2026-05-13 21:00:00,21,2,1,20,moyen
15,2026-05-13 21:00:00,21,2,0,4,faible
16,2026-05-13 21:00:00,21,2,0,1,faible
17,2026-05-13 21:00:00,21,2,1,22,eleve
1,2026-05-15 07:00:00,7,4,1,88,eleve
2,2026-05-15 07:00:00,7,4,0,0,faible
3,2026-05-15 07:00:00,7,4,1,48,eleve
4,2026-05-15 07:00:00,7,4,1,46,eleve
5,2026-05-15 07:00:00,7,4,0,23,moyen
6,2026-05-15 07:00:00,7,4,0,24,moyen
7,2026-05-15 07:00:00,7,4,0,2,faible
8,2026-05-15 07:00:00,7,4,0,3,faible
9,2026-05-15 07:00:00,7,4,0,1,faible
10,2026-05-15 07:00:00,7,4,0,0,faible
11,2026-05-15 07:00:00,7,4,0,0,faible
12,2026-05-15 07:00:00,7,4,0,6,faible
13,2026-05-15 07:00:00,7,4,1,23,eleve
14,2026-05-15 07:00:00,7,4,1,16,moyen
15,2026-05-15 07:00:00,7,4,0,5,faible
16,2026-05-15 07:00:00,7,4,0,3,faible
17,2026-05-15 07:00:00,7,4,1,27,eleve
1,2026-05-15 08:00:00,8,4,1,95,eleve
2,2026-05-15 08:00:00,8,4,0,5,faible
3,2026-05-15 08:00:00,8,4,1,38,moyen
4,2026-05-15 08:00:00,8,4,1,49,eleve
5,2026-05-15 08:00:00,8,4,1,37,moyen
6,2026-05-15 08:00:00,8,4,0,8,faible
7,2026-05-15 08:00:00,8,4,0,0,faible
8,2026-05-15 08:00:00,8,4,0,5,moyen
9,2026-05-15 08:00:00,8,4,0,5,moyen
10,2026-05-15 08:00:00,8,4,0,5,moyen
11,2026-05-15 08:00:00,8,4,0,2,faible
12,2026-05-15 08:00:00,8,4,0,9,moyen
13,2026-05-15 08:00:00,8,4,1,24,eleve
14,2026-05-15 08:00:00,8,4,0,9,moyen
15,2026-05-15 08:00:00,8,4,0,0,faible
16,2026-05-15 08:00:00,8,4,1,21,moyen
17,2026-05-15 08:00:00,8,4,1,25,eleve
1,2026-05-15 09:00:00,9,4,1,79,moyen
2,2026-05-15 09:00:00,9,4,0,4,faible
3,2026-05-15 09:00:00,9,4,1,44,eleve
4,2026-05-15 09:00:00,9,4,0,7,faible
5,2026-05-15 09:00:00,9,4,0,17,faible
6,2026-05-15 09:00:00,9,4,0,5,faible
7,2026-05-15 09:00:00,9,4,0,1,faible
8,2026-05-15 09:00:00,9,4,0,1,faible
9,2026-05-15 09:00:00,9,4,0,6,moyen
10,2026-05-15 09:00:00,9,4,0,2,faible
11,2026-05-15 09:00:00,9,4,0,0,faible
12,2026-05-15 09:00:00,9,4,1,19,moyen
13,2026-05-15 09:00:00,9,4,0,4,faible
14,2026-05-15 09:00:00,9,4,0,12,moyen
15,2026-05-15 09:00:00,9,4,1,23,eleve
16,2026-05-15 09:00:00,9,4,0,2,faible
17,2026-05-15 09:00:00,9,4,0,0,faible
1,2026-05-15 10:00:00,10,4,1,91,eleve
2,2026-05-15 10:00:00,10,4,0,3,faible
3,2026-05-15 10:00:00,10,4,1,48,eleve
4,2026-05-15 10:00:00,10,4,0,9,faible
5,2026-05-15 10:00:00,10,4,1,57,eleve
6,2026-05-15 10:00:00,10,4,1,41,moyen
7,2026-05-15 10:00:00,10,4,0,7,moyen
8,2026-05-15 10:00:00,10,4,0,3,faible
9,2026-05-15 10:00:00,10,4,0,2,faible
10,2026-05-15 10:00:00,10,4,0,2,faible
11,2026-05-15 10:00:00,10,4,0,0,faible
12,2026-05-15 10:00:00,10,4,1,17,moyen
13,2026-05-15 10:00:00,10,4,1,19,moyen
14,2026-05-15 10:00:00,10,4,1,18,moyen
15,2026-05-15 10:00:00,10,4,1,15,moyen
16,2026-05-15 10:00:00,10,4,1,30,eleve
17,2026-05-15 10:00:00,10,4,1,15,moyen
1,2026-05-15 11:00:00,11,4,1,114,eleve
2,2026-05-15 11:00:00,11,4,0,2,faible
3,2026-05-15 11:00:00,11,4,1,35,moyen
4,2026-05-15 11:00:00,11,4,1,55,eleve
5,2026-05-15 11:00:00,11,4,1,50,eleve
6,2026-05-15 11:00:00,11,4,0,14,faible
7,2026-05-15 11:00:00,11,4,0,3,faible
8,2026-05-15 11:00:00,11,4,0,2,faible
9,2026-05-15 11:00:00,11,4,0,3,faible
10,2026-05-15 11:00:00,11,4,0,7,moyen
11,2026-05-15 11:00:00,11,4,0,0,faible
12,2026-05-15 11:00:00,11,4,0,8,faible
13,2026-05-15 11:00:00,11,4,1,23,eleve
14,2026-05-15 11:00:00,11,4,1,27,eleve
15,2026-05-15 11:00:00,11,4,0,11,moyen
16,2026-05-15 11:00:00,11,4,0,1,faible
17,2026-05-15 11:00:00,11,4,1,25,eleve
1,2026-05-15 12:00:00,12,4,1,84,moyen
2,2026-05-15 12:00:00,12,4,0,2,faible
3,2026-05-15 12:00:00,12,4,1,40,moyen
4,2026-05-15 12:00:00,12,4,1,47,eleve
5,2026-05-15 12:00:00,12,4,0,12,faible
6,2026-05-15 12:00:00,12,4,1,43,eleve
7,2026-05-15 12:00:00,12,4,0,0,faible
8,2026-05-15 12:00:00,12,4,0,5,moyen
9,2026-05-15 12:00:00,12,4,0,1,faible
10,2026-05-15 12:00:00,12,4,0,6,moyen
11,2026-05-15 12:00:00,12,4,0,3,faible
12,2026-05-15 12:00:00,12,4,1,25,eleve
13,2026-05-15 12:00:00,12,4,0,0,faible
14,2026-05-15 12:00:00,12,4,1,20,moyen
15,2026-05-15 12:00:00,12,4,1,24,eleve
16,2026-05-15 12:00:00,12,4,1,23,eleve
17,2026-05-15 12:00:00,12,4,0,3,faible
1,2026-05-15 13:00:00,13,4,1,75,moyen
2,2026-05-15 13:00:00,13,4,0,4,faible
3,2026-05-15 13:00:00,13,4,1,40,moyen
4,2026-05-15 13:00:00,13,4,1,50,eleve
5,2026-05-15 13:00:00,13,4,0,0,faible
6,2026-05-15 13:00:00,13,4,1,59,eleve
7,2026-05-15 13:00:00,13,4,0,0,faible
8,2026-05-15 13:00:00,13,4,0,0,faible
9,2026-05-15 13:00:00,13,4,0,0,faible
10,2026-05-15 13:00:00,13,4,0,6,moyen
11,2026-05-15 13:00:00,13,4,0,4,faible
12,2026-05-15 13:00:00,13,4,0,11,moyen
13,2026-05-15 13:00:00,13,4,1,25,eleve
14,2026-05-15 13:00:00,13,4,1,20,moyen
15,2026-05-15 13:00:00,13,4,1,17,moyen
16,2026-05-15 13:00:00,13,4,1,18,moyen
17,2026-05-15 13:00:00,13,4,1,21,moyen
1,2026-05-15 14:00:00,14,4,1,76,moyen
2,2026-05-15 14:00:00,14,4,0,0,faible
3,2026-05-15 14:00:00,14,4,0,20,moyen
4,2026-05-15 14:00:00,14,4,1,45,eleve
5,2026-05-15 14:00:00,14,4,1,57,eleve
6,2026-05-15 14:00:00,14,4,0,4,faible
7,2026-05-15 14:00:00,14,4,0,7,moyen
8,2026-05-15 14:00:00,14,4,0,7,moyen
9,2026-05-15 14:00:00,14,4,0,6,moyen
10,2026-05-15 14:00:00,14,4,0,4,faible
11,2026-05-15 14:00:00,14,4,0,0,faible
12,2026-05-15 14:00:00,14,4,1,23,eleve
13,2026-05-15 14:00:00,14,4,1,23,eleve
14,2026-05-15 14:00:00,14,4,1,28,eleve
15,2026-05-15 14:00:00,14,4,1,24,eleve
16,2026-05-15 14:00:00,14,4,1,18,moyen
17,2026-05-15 14:00:00,14,4,0,13,moyen
1,2026-05-15 15:00:00,15,4,1,81,moyen
2,2026-05-15 15:00:00,15,4,0,3,faible
3,2026-05-15 15:00:00,15,4,1,58,eleve
4,2026-05-15 15:00:00,15,4,0,18,moyen
5,2026-05-15 15:00:00,15,4,0,11,faible
6,2026-05-15 15:00:00,15,4,0,10,faible
7,2026-05-15 15:00:00,15,4,0,3,faible
8,2026-05-15 15:00:00,15,4,0,3,faible
9,2026-05-15 15:00:00,15,4,0,4,faible
10,2026-05-15 15:00:00,15,4,0,7,moyen
11,2026-05-15 15:00:00,15,4,0,0,faible
12,2026-05-15 15:00:00,15,4,0,1,faible
13,2026-05-15 15:00:00,15,4,0,5,faible
14,2026-05-15 15:00:00,15,4,1,23,eleve
15,2026-05-15 15:00:00,15,4,1,22,eleve
16,2026-05-15 15:00:00,15,4,1,26,eleve
17,2026-05-15 15:00:00,15,4,0,5,faible
1,2026-05-15 16:00:00,16,4,1,88,eleve
2,2026-05-15 16:00:00,16,4,0,0,faible
3,2026-05-15 16:00:00,16,4,1,33,moyen
4,2026-05-15 16:00:00,16,4,1,37,moyen
5,2026-05-15 16:00:00,16,4,0,0,faible
6,2026-05-15 16:00:00,16,4,1,56,eleve
7,2026-05-15 16:00:00,16,4,0,5,moyen
8,2026-05-15 16:00:00,16,4,0,2,faible
9,2026-05-15 16:00:00,16,4,0,0,faible
10,2026-05-15 16:00:00,16,4,0,4,faible
11,2026-05-15 16:00:00,16,4,0,6,moyen
12,2026-05-15 16:00:00,16,4,1,28,eleve
13,2026-05-15 16:00:00,16,4,0,5,faible
14,2026-05-15 16:00:00,16,4,1,28,eleve
15,2026-05-15 16:00:00,16,4,0,0,faible
16,2026-05-15 16:00:00,16,4,0,4,faible
17,2026-05-15 16:00:00,16,4,1,25,eleve
1,2026-05-15 17:00:00,17,4,1,83,moyen
2,2026-05-15 17:00:00,17,4,0,0,faible
3,2026-05-15 17:00:00,17,4,0,20,moyen
4,2026-05-15 17:00:00,17,4,0,0,faible
5,2026-05-15 17:00:00,17,4,0,0,faible
6,2026-05-15 17:00:00,17,4,0,22,moyen
7,2026-05-15 17:00:00,17,4,0,3,faible
8,2026-05-15 17:00:00,17,4,0,0,faible
9,2026-05-15 17:00:00,17,4,0,1,faible
10,2026-05-15 17:00:00,17,4,0,5,moyen
11,2026-05-15 17:00:00,17,4,0,0,faible
12,2026-05-15 17:00:00,17,4,1,16,moyen
13,2026-05-15 17:00:00,17,4,1,24,eleve
14,2026-05-15 17:00:00,17,4,1,23,eleve
15,2026-05-15 17:00:00,17,4,0,0,faible
16,2026-05-15 17:00:00,17,4,1,15,moyen
17,2026-05-15 17:00:00,17,4,1,22,eleve
1,2026-05-15 18:00:00,18,4,1,114,eleve
2,2026-05-15 18:00:00,18,4,0,9,moyen
3,2026-05-15 18:00:00,18,4,0,16,faible
4,2026-05-15 18:00:00,18,4,0,14,faible
5,2026-05-15 18:00:00,18,4,1,33,moyen
6,2026-05-15 18:00:00,18,4,0,12,faible
7,2026-05-15 18:00:00,18,4,0,5,moyen
8,2026-05-15 18:00:00,18,4,0,9,moyen
9,2026-05-15 18:00:00,18,4,0,2,faible
10,2026-05-15 18:00:00,18,4,0,2,faible
11,2026-05-15 18:00:00,18,4,0,8,moyen
12,2026-05-15 18:00:00,18,4,0,12,moyen
13,2026-05-15 18:00:00,18,4,1,23,eleve
14,2026-05-15 18:00:00,18,4,0,0,faible
15,2026-05-15 18:00:00,18,4,1,27,eleve
16,2026-05-15 18:00:00,18,4,0,12,moyen
17,2026-05-15 18:00:00,18,4,0,0,faible
1,2026-05-15 19:00:00,19,4,1,89,eleve
2,2026-05-15 19:00:00,19,4,0,6,moyen
3,2026-05-15 19:00:00,19,4,0,7,faible
4,2026-05-15 19:00:00,19,4,1,46,eleve
5,2026-05-15 19:00:00,19,4,1,48,eleve
6,2026-05-15 19:00:00,19,4,1,42,moyen
7,2026-05-15 19:00:00,19,4,0,3,faible
8,2026-05-15 19:00:00,19,4,0,0,faible
9,2026-05-15 19:00:00,19,4,0,6,moyen
10,2026-05-15 19:00:00,19,4,0,0,faible
11,2026-05-15 19:00:00,19,4,0,0,faible
12,2026-05-15 19:00:00,19,4,1,21,moyen
13,2026-05-15 19:00:00,19,4,0,0,faible
14,2026-05-15 19:00:00,19,4,1,24,eleve
15,2026-05-15 19:00:00,19,4,0,3,faible
16,2026-05-15 19:00:00,19,4,1,19,moyen
17,2026-05-15 19:00:00,19,4,0,1,faible
1,2026-05-15 20:00:00,20,4,1,80,moyen
2,2026-05-15 20:00:00,20,4,0,11,moyen
3,2026-05-15 20:00:00,20,4,1,48,eleve
4,2026-05-15 20:00:00,20,4,0,14,faible
5,2026-05-15 20:00:00,20,4,1,51,eleve
6,2026-05-15 20:00:00,20,4,1,48,eleve
7,2026-05-15 20:00:00,20,4,0,7,moyen
8,2026-05-15 20:00:00,20,4,0,5,moyen
9,2026-05-15 20:00:00,20,4,0,3,faible
10,2026-05-15 20:00:00,20,4,0,0,faible
11,2026-05-15 20:00:00,20,4,0,1,faible
12,2026-05-15 20:00:00,20,4,0,0,faible
13,2026-05-15 20:00:00,20,4,1,18,moyen
14,2026-05-15 20:00:00,20,4,1,30,eleve
15,2026-05-15 20:00:00,20,4,0,3,faible
16,2026-05-15 20:00:00,20,4,1,25,eleve
17,2026-05-15 20:00:00,20,4,1,26,eleve
1,2026-05-15 21:00:00,21,4,1,73,moyen
2,2026-05-15 21:00:00,21,4,0,6,moyen
3,2026-05-15 21:00:00,21,4,1,51,eleve
4,2026-05-15 21:00:00,21,4,1,55,eleve
5,2026-05-15 21:00:00,21,4,0,17,faible
6,2026-05-15 21:00:00,21,4,0,0,faible
7,2026-05-15 21:00:00,21,4,0,0,faible
8,2026-05-15 21:00:00,21,4,0,7,moyen
9,2026-05-15 21:00:00,21,4,0,2,faible
10,2026-05-15 21:00:00,21,4,0,6,moyen
11,2026-05-15 21:00:00,21,4,0,5,moyen
12,2026-05-15 21:00:00,21,4,0,3,faible
13,2026-05-15 21:00:00,21,4,1,28,eleve
14,2026-05-15 21:00:00,21,4,0,11,moyen
15,2026-05-15 21:00:00,21,4,1,29,eleve
16,2026-05-15 21:00:00,21,4,0,0,faible
17,2026-05-15 21:00:00,21,4,0,6,faible
1,2026-05-16 07:00:00,7,5,0,29,faible
2,2026-05-16 07:00:00,7,5,0,0,faible
3,2026-05-16 07:00:00,7,5,1,27,moyen
4,2026-05-16 07:00:00,7,5,0,12,faible
5,2026-05-16 07:00:00,7,5,1,26,moyen
6,2026-05-16 07:00:00,7,5,1,29,moyen
7,2026-05-16 07:00:00,7,5,0,0,faible
8,2026-05-16 07:00:00,7,5,0,3,faible
9,2026-05-16 07:00:00,7,5,0,0,faible
10,2026-05-16 07:00:00,7,5,0,4,faible
11,2026-05-16 07:00:00,7,5,0,3,faible
12,2026-05-16 07:00:00,7,5,1,13,moyen
13,2026-05-16 07:00:00,7,5,1,15,moyen
14,2026-05-16 07:00:00,7,5,0,3,faible
15,2026-05-16 07:00:00,7,5,1,20,moyen
16,2026-05-16 07:00:00,7,5,1,14,moyen
17,2026-05-16 07:00:00,7,5,1,16,moyen
1,2026-05-16 08:00:00,8,5,0,4,faible
2,2026-05-16 08:00:00,8,5,0,2,faible
3,2026-05-16 08:00:00,8,5,0,0,faible
4,2026-05-16 08:00:00,8,5,0,1,faible
5,2026-05-16 08:00:00,8,5,1,37,moyen
6,2026-05-16 08:00:00,8,5,1,39,moyen
7,2026-05-16 08:00:00,8,5,0,2,faible
8,2026-05-16 08:00:00,8,5,0,0,faible
9,2026-05-16 08:00:00,8,5,0,0,faible
10,2026-05-16 08:00:00,8,5,0,0,faible
11,2026-05-16 08:00:00,8,5,0,0,faible
12,2026-05-16 08:00:00,8,5,1,8,faible
13,2026-05-16 08:00:00,8,5,0,7,faible
14,2026-05-16 08:00:00,8,5,1,17,moyen
15,2026-05-16 08:00:00,8,5,0,2,faible
16,2026-05-16 08:00:00,8,5,0,4,faible
17,2026-05-16 08:00:00,8,5,0,0,faible
1,2026-05-16 09:00:00,9,5,0,30,faible
2,2026-05-16 09:00:00,9,5,0,3,faible
3,2026-05-16 09:00:00,9,5,0,0,faible
4,2026-05-16 09:00:00,9,5,0,0,faible
5,2026-05-16 09:00:00,9,5,0,0,faible
6,2026-05-16 09:00:00,9,5,0,11,faible
7,2026-05-16 09:00:00,9,5,0,0,faible
8,2026-05-16 09:00:00,9,5,0,0,faible
9,2026-05-16 09:00:00,9,5,0,0,faible
10,2026-05-16 09:00:00,9,5,0,0,faible
11,2026-05-16 09:00:00,9,5,0,0,faible
12,2026-05-16 09:00:00,9,5,1,13,moyen
13,2026-05-16 09:00:00,9,5,1,15,moyen
14,2026-05-16 09:00:00,9,5,1,16,moyen
15,2026-05-16 09:00:00,9,5,1,13,moyen
16,2026-05-16 09:00:00,9,5,0,2,faible
17,2026-05-16 09:00:00,9,5,1,15,moyen
1,2026-05-16 10:00:00,10,5,0,5,faible
2,2026-05-16 10:00:00,10,5,0,0,faible
3,2026-05-16 10:00:00,10,5,0,5,faible
4,2026-05-16 10:00:00,10,5,1,22,moyen
5,2026-05-16 10:00:00,10,5,0,3,faible
6,2026-05-16 10:00:00,10,5,1,20,moyen
7,2026-05-16 10:00:00,10,5,0,1,faible
8,2026-05-16 10:00:00,10,5,0,0,faible
9,2026-05-16 10:00:00,10,5,0,6,moyen
10,2026-05-16 10:00:00,10,5,0,6,moyen
11,2026-05-16 10:00:00,10,5,0,0,faible
12,2026-05-16 10:00:00,10,5,1,11,moyen
13,2026-05-16 10:00:00,10,5,0,7,faible
14,2026-05-16 10:00:00,10,5,1,17,moyen
15,2026-05-16 10:00:00,10,5,0,2,faible
16,2026-05-16 10:00:00,10,5,0,4,faible
17,2026-05-16 10:00:00,10,5,1,19,moyen
1,2026-05-16 11:00:00,11,5,0,22,faible
2,2026-05-16 11:00:00,11,5,0,0,faible
3,2026-05-16 11:00:00,11,5,1,25,moyen
4,2026-05-16 11:00:00,11,5,1,39,moyen
5,2026-05-16 11:00:00,11,5,1,36,moyen
6,2026-05-16 11:00:00,11,5,1,31,moyen
7,2026-05-16 11:00:00,11,5,0,2,faible
8,2026-05-16 11:00:00,11,5,0,0,faible
9,2026-05-16 11:00:00,11,5,0,5,moyen
10,2026-05-16 11:00:00,11,5,0,1,faible
11,2026-05-16 11:00:00,11,5,0,2,faible
12,2026-05-16 11:00:00,11,5,1,13,moyen
13,2026-05-16 11:00:00,11,5,0,1,faible
14,2026-05-16 11:00:00,11,5,1,24,eleve
15,2026-05-16 11:00:00,11,5,1,19,moyen
16,2026-05-16 11:00:00,11,5,0,7,faible
17,2026-05-16 11:00:00,11,5,1,17,moyen
1,2026-05-16 12:00:00,12,5,0,0,faible
2,2026-05-16 12:00:00,12,5,0,1,faible
3,2026-05-16 12:00:00,12,5,0,0,faible
4,2026-05-16 12:00:00,12,5,0,9,faible
5,2026-05-16 12:00:00,12,5,0,14,faible
6,2026-05-16 12:00:00,12,5,0,10,faible
7,2026-05-16 12:00:00,12,5,0,7,moyen
8,2026-05-16 12:00:00,12,5,0,5,moyen
9,2026-05-16 12:00:00,12,5,0,5,moyen
10,2026-05-16 12:00:00,12,5,0,0,faible
11,2026-05-16 12:00:00,12,5,0,0,faible
12,2026-05-16 12:00:00,12,5,0,4,faible
13,2026-05-16 12:00:00,12,5,0,2,faible
14,2026-05-16 12:00:00,12,5,1,20,moyen
15,2026-05-16 12:00:00,12,5,0,2,faible
16,2026-05-16 12:00:00,12,5,1,9,moyen
17,2026-05-16 12:00:00,12,5,1,19,moyen
1,2026-05-16 13:00:00,13,5,0,19,faible
2,2026-05-16 13:00:00,13,5,0,2,faible
3,2026-05-16 13:00:00,13,5,1,25,moyen
4,2026-05-16 13:00:00,13,5,1,25,moyen
5,2026-05-16 13:00:00,13,5,1,28,moyen
6,2026-05-16 13:00:00,13,5,1,23,moyen
7,2026-05-16 13:00:00,13,5,0,0,faible
8,2026-05-16 13:00:00,13,5,0,6,moyen
9,2026-05-16 13:00:00,13,5,0,0,faible
10,2026-05-16 13:00:00,13,5,0,3,faible
11,2026-05-16 13:00:00,13,5,0,7,moyen
12,2026-05-16 13:00:00,13,5,0,10,moyen
13,2026-05-16 13:00:00,13,5,1,16,moyen
14,2026-05-16 13:00:00,13,5,1,12,moyen
15,2026-05-16 13:00:00,13,5,1,12,moyen
16,2026-05-16 13:00:00,13,5,0,0,faible
17,2026-05-16 13:00:00,13,5,0,0,faible
1,2026-05-16 14:00:00,14,5,0,25,faible
2,2026-05-16 14:00:00,14,5,0,0,faible
3,2026-05-16 14:00:00,14,5,1,26,moyen
4,2026-05-16 14:00:00,14,5,1,23,moyen
5,2026-05-16 14:00:00,14,5,1,29,moyen
6,2026-05-16 14:00:00,14,5,1,26,moyen
7,2026-05-16 14:00:00,14,5,0,0,faible
8,2026-05-16 14:00:00,14,5,0,5,moyen
9,2026-05-16 14:00:00,14,5,0,1,faible
10,2026-05-16 14:00:00,14,5,0,2,faible
11,2026-05-16 14:00:00,14,5,0,0,faible
12,2026-05-16 14:00:00,14,5,0,3,faible
13,2026-05-16 14:00:00,14,5,1,12,moyen
14,2026-05-16 14:00:00,14,5,1,11,moyen
15,2026-05-16 14:00:00,14,5,1,12,moyen
16,2026-05-16 14:00:00,14,5,1,15,moyen
17,2026-05-16 14:00:00,14,5,0,8,faible
1,2026-05-16 15:00:00,15,5,0,16,faible
2,2026-05-16 15:00:00,15,5,0,0,faible
3,2026-05-16 15:00:00,15,5,0,9,faible
4,2026-05-16 15:00:00,15,5,0,15,faible
5,2026-05-16 15:00:00,15,5,1,34,moyen
6,2026-05-16 15:00:00,15,5,0,11,faible
7,2026-05-16 15:00:00,15,5,0,0,faible
8,2026-05-16 15:00:00,15,5,0,2,faible
9,2026-05-16 15:00:00,15,5,0,3,faible
10,2026-05-16 15:00:00,15,5,0,1,faible
11,2026-05-16 15:00:00,15,5,0,1,faible
12,2026-05-16 15:00:00,15,5,0,0,faible
13,2026-05-16 15:00:00,15,5,1,15,moyen
14,2026-05-16 15:00:00,15,5,0,1,faible
15,2026-05-16 15:00:00,15,5,0,7,faible
16,2026-05-16 15:00:00,15,5,0,0,faible
17,2026-05-16 15:00:00,15,5,1,19,moyen
1,2026-05-16 16:00:00,16,5,0,23,faible
2,2026-05-16 16:00:00,16,5,0,4,faible
3,2026-05-16 16:00:00,16,5,1,30,moyen
4,2026-05-16 16:00:00,16,5,0,14,faible
5,2026-05-16 16:00:00,16,5,0,7,faible
6,2026-05-16 16:00:00,16,5,0,11,faible
7,2026-05-16 16:00:00,16,5,0,0,faible
8,2026-05-16 16:00:00,16,5,0,3,faible
9,2026-05-16 16:00:00,16,5,0,0,faible
10,2026-05-16 16:00:00,16,5,0,3,faible
11,2026-05-16 16:00:00,16,5,0,5,moyen
12,2026-05-16 16:00:00,16,5,1,21,moyen
13,2026-05-16 16:00:00,16,5,1,12,moyen
14,2026-05-16 16:00:00,16,5,0,2,faible
15,2026-05-16 16:00:00,16,5,0,1,faible
16,2026-05-16 16:00:00,16,5,0,2,faible
17,2026-05-16 16:00:00,16,5,1,9,moyen
1,2026-05-16 17:00:00,17,5,0,0,faible
2,2026-05-16 17:00:00,17,5,0,2,faible
3,2026-05-16 17:00:00,17,5,1,28,moyen
4,2026-05-16 17:00:00,17,5,1,31,moyen
5,2026-05-16 17:00:00,17,5,1,37,moyen
6,2026-05-16 17:00:00,17,5,1,31,moyen
7,2026-05-16 17:00:00,17,5,0,3,faible
8,2026-05-16 17:00:00,17,5,0,3,faible
9,2026-05-16 17:00:00,17,5,0,0,faible
10,2026-05-16 17:00:00,17,5,0,3,faible
11,2026-05-16 17:00:00,17,5,0,0,faible
12,2026-05-16 17:00:00,17,5,1,13,moyen
13,2026-05-16 17:00:00,17,5,1,7,faible
14,2026-05-16 17:00:00,17,5,0,0,faible
15,2026-05-16 17:00:00,17,5,1,6,faible
16,2026-05-16 17:00:00,17,5,1,7,faible
17,2026-05-16 17:00:00,17,5,1,11,moyen
1,2026-05-16 18:00:00,18,5,0,8,faible
2,2026-05-16 18:00:00,18,5,0,4,faible
3,2026-05-16 18:00:00,18,5,0,12,faible
4,2026-05-16 18:00:00,18,5,1,20,moyen
5,2026-05-16 18:00:00,18,5,0,7,faible
6,2026-05-16 18:00:00,18,5,0,9,faible
7,2026-05-16 18:00:00,18,5,0,3,faible
8,2026-05-16 18:00:00,18,5,0,0,faible
9,2026-05-16 18:00:00,18,5,0,0,faible
10,2026-05-16 18:00:00,18,5,0,0,faible
11,2026-05-16 18:00:00,18,5,0,0,faible
12,2026-05-16 18:00:00,18,5,0,0,faible
13,2026-05-16 18:00:00,18,5,0,4,faible
14,2026-05-16 18:00:00,18,5,1,15,moyen
15,2026-05-16 18:00:00,18,5,1,22,eleve
16,2026-05-16 18:00:00,18,5,1,10,moyen
17,2026-05-16 18:00:00,18,5,1,7,faible
1,2026-05-16 19:00:00,19,5,0,0,faible
2,2026-05-16 19:00:00,19,5,0,0,faible
3,2026-05-16 19:00:00,19,5,1,20,moyen
4,2026-05-16 19:00:00,19,5,0,6,faible
5,2026-05-16 19:00:00,19,5,0,10,faible
6,2026-05-16 19:00:00,19,5,0,3,faible
7,2026-05-16 19:00:00,19,5,0,0,faible
8,2026-05-16 19:00:00,19,5,0,0,faible
9,2026-05-16 19:00:00,19,5,0,0,faible
10,2026-05-16 19:00:00,19,5,0,1,faible
11,2026-05-16 19:00:00,19,5,0,7,moyen
12,2026-05-16 19:00:00,19,5,1,7,faible
13,2026-05-16 19:00:00,19,5,1,18,moyen
14,2026-05-16 19:00:00,19,5,1,12,moyen
15,2026-05-16 19:00:00,19,5,1,11,moyen
16,2026-05-16 19:00:00,19,5,0,2,faible
17,2026-05-16 19:00:00,19,5,0,9,moyen
1,2026-05-16 20:00:00,20,5,0,15,faible
2,2026-05-16 20:00:00,20,5,0,1,faible
3,2026-05-16 20:00:00,20,5,0,11,faible
4,2026-05-16 20:00:00,20,5,0,9,faible
5,2026-05-16 20:00:00,20,5,0,12,faible
6,2026-05-16 20:00:00,20,5,0,18,moyen
7,2026-05-16 20:00:00,20,5,0,3,faible
8,2026-05-16 20:00:00,20,5,0,0,faible
9,2026-05-16 20:00:00,20,5,0,0,faible
10,2026-05-16 20:00:00,20,5,0,4,faible
11,2026-05-16 20:00:00,20,5,0,2,faible
12,2026-05-16 20:00:00,20,5,0,1,faible
13,2026-05-16 20:00:00,20,5,1,11,moyen
14,2026-05-16 20:00:00,20,5,1,12,moyen
15,2026-05-16 20:00:00,20,5,1,15,moyen
16,2026-05-16 20:00:00,20,5,0,5,faible
17,2026-05-16 20:00:00,20,5,0,2,faible
1,2026-05-16 21:00:00,21,5,0,0,faible
2,2026-05-16 21:00:00,21,5,0,3,faible
3,2026-05-16 21:00:00,21,5,1,37,moyen
4,2026-05-16 21:00:00,21,5,0,10,faible
5,2026-05-16 21:00:00,21,5,0,2,faible
6,2026-05-16 21:00:00,21,5,0,10,faible
7,2026-05-16 21:00:00,21,5,0,2,faible
8,2026-05-16 21:00:00,21,5,0,4,faible
9,2026-05-16 21:00:00,21,5,0,4,faible
10,2026-05-16 21:00:00,21,5,0,1,faible
11,2026-05-16 21:00:00,21,5,0,0,faible
12,2026-05-16 21:00:00,21,5,1,17,moyen
13,2026-05-16 21:00:00,21,5,1,14,moyen
14,2026-05-16 21:00:00,21,5,1,16,moyen
15,2026-05-16 21:00:00,21,5,0,0,faible
16,2026-05-16 21:00:00,21,5,0,0,faible
17,2026-05-16 21:00:00,21,5,1,15,moyen
1,2026-05-18 07:00:00,7,0,1,78,moyen
2,2026-05-18 07:00:00,7,0,0,0,faible
3,2026-05-18 07:00:00,7,0,1,42,moyen
4,2026-05-18 07:00:00,7,0,1,53,eleve
5,2026-05-18 07:00:00,7,0,1,47,eleve
6,2026-05-18 07:00:00,7,0,0,11,faible
7,2026-05-18 07:00:00,7,0,0,4,faible
8,2026-05-18 07:00:00,7,0,0,5,moyen
9,2026-05-18 07:00:00,7,0,0,0,faible
10,2026-05-18 07:00:00,7,0,0,1,faible
11,2026-05-18 07:00:00,7,0,0,0,faible
12,2026-05-18 07:00:00,7,0,1,20,moyen
13,2026-05-18 07:00:00,7,0,0,11,moyen
14,2026-05-18 07:00:00,7,0,1,19,moyen
15,2026-05-18 07:00:00,7,0,0,6,faible
16,2026-05-18 07:00:00,7,0,1,17,moyen
17,2026-05-18 07:00:00,7,0,1,24,eleve
1,2026-05-18 08:00:00,8,0,1,80,moyen
2,2026-05-18 08:00:00,8,0,0,2,faible
3,2026-05-18 08:00:00,8,0,1,48,eleve
4,2026-05-18 08:00:00,8,0,0,5,faible
5,2026-05-18 08:00:00,8,0,1,52,eleve
6,2026-05-18 08:00:00,8,0,0,18,moyen
7,2026-05-18 08:00:00,8,0,0,2,faible
8,2026-05-18 08:00:00,8,0,0,2,faible
9,2026-05-18 08:00:00,8,0,0,0,faible
10,2026-05-18 08:00:00,8,0,0,0,faible
11,2026-05-18 08:00:00,8,0,0,0,faible
12,2026-05-18 08:00:00,8,0,0,0,faible
13,2026-05-18 08:00:00,8,0,1,13,moyen
14,2026-05-18 08:00:00,8,0,0,1,faible
15,2026-05-18 08:00:00,8,0,0,0,faible
16,2026-05-18 08:00:00,8,0,0,5,faible
17,2026-05-18 08:00:00,8,0,0,4,faible
1,2026-05-18 09:00:00,9,0,1,92,eleve
2,2026-05-18 09:00:00,9,0,0,1,faible
3,2026-05-18 09:00:00,9,0,1,48,eleve
4,2026-05-18 09:00:00,9,0,1,57,eleve
5,2026-05-18 09:00:00,9,0,1,50,eleve
6,2026-05-18 09:00:00,9,0,1,44,eleve
7,2026-05-18 09:00:00,9,0,0,1,faible
8,2026-05-18 09:00:00,9,0,0,1,faible
9,2026-05-18 09:00:00,9,0,0,4,faible
10,2026-05-18 09:00:00,9,0,0,2,faible
11,2026-05-18 09:00:00,9,0,0,7,moyen
12,2026-05-18 09:00:00,9,0,1,26,eleve
13,2026-05-18 09:00:00,9,0,1,26,eleve
14,2026-05-18 09:00:00,9,0,0,0,faible
15,2026-05-18 09:00:00,9,0,1,28,eleve
16,2026-05-18 09:00:00,9,0,1,28,eleve
17,2026-05-18 09:00:00,9,0,0,1,faible
1,2026-05-18 10:00:00,10,0,1,68,moyen
2,2026-05-18 10:00:00,10,0,0,4,faible
3,2026-05-18 10:00:00,10,0,0,19,moyen
4,2026-05-18 10:00:00,10,0,1,46,eleve
5,2026-05-18 10:00:00,10,0,1,52,eleve
6,2026-05-18 10:00:00,10,0,0,1,faible
7,2026-05-18 10:00:00,10,0,0,1,faible
8,2026-05-18 10:00:00,10,0,0,0,faible
9,2026-05-18 10:00:00,10,0,0,3,faible
10,2026-05-18 10:00:00,10,0,0,4,faible
11,2026-05-18 10:00:00,10,0,0,0,faible
12,2026-05-18 10:00:00,10,0,1,17,moyen
13,2026-05-18 10:00:00,10,0,1,20,moyen
14,2026-05-18 10:00:00,10,0,0,3,faible
15,2026-05-18 10:00:00,10,0,1,15,moyen
16,2026-05-18 10:00:00,10,0,0,14,moyen
17,2026-05-18 10:00:00,10,0,0,3,faible
1,2026-05-18 11:00:00,11,0,1,97,eleve
2,2026-05-18 11:00:00,11,0,0,3,faible
3,2026-05-18 11:00:00,11,0,1,46,eleve
4,2026-05-18 11:00:00,11,0,0,11,faible
5,2026-05-18 11:00:00,11,0,1,44,eleve
6,2026-05-18 11:00:00,11,0,1,54,eleve
7,2026-05-18 11:00:00,11,0,0,5,moyen
8,2026-05-18 11:00:00,11,0,0,0,faible
9,2026-05-18 11:00:00,11,0,0,5,moyen
10,2026-05-18 11:00:00,11,0,0,6,moyen
11,2026-05-18 11:00:00,11,0,0,0,faible
12,2026-05-18 11:00:00,11,0,1,28,eleve
13,2026-05-18 11:00:00,11,0,0,3,faible
14,2026-05-18 11:00:00,11,0,1,23,eleve
15,2026-05-18 11:00:00,11,0,1,17,moyen
16,2026-05-18 11:00:00,11,0,0,0,faible
17,2026-05-18 11:00:00,11,0,1,24,eleve
1,2026-05-18 12:00:00,12,0,1,107,eleve
2,2026-05-18 12:00:00,12,0,0,0,faible
3,2026-05-18 12:00:00,12,0,0,15,faible
4,2026-05-18 12:00:00,12,0,0,17,faible
5,2026-05-18 12:00:00,12,0,1,54,eleve
6,2026-05-18 12:00:00,12,0,1,42,moyen
7,2026-05-18 12:00:00,12,0,0,0,faible
8,2026-05-18 12:00:00,12,0,0,2,faible
9,2026-05-18 12:00:00,12,0,0,0,faible
10,2026-05-18 12:00:00,12,0,0,6,moyen
11,2026-05-18 12:00:00,12,0,0,4,faible
12,2026-05-18 12:00:00,12,0,0,5,faible
13,2026-05-18 12:00:00,12,0,1,15,moyen
14,2026-05-18 12:00:00,12,0,1,23,eleve
15,2026-05-18 12:00:00,12,0,0,2,faible
16,2026-05-18 12:00:00,12,0,1,30,eleve
17,2026-05-18 12:00:00,12,0,1,17,moyen
1,2026-05-18 13:00:00,13,0,1,82,moyen
2,2026-05-18 13:00:00,13,0,0,0,faible
3,2026-05-18 13:00:00,13,0,1,49,eleve
4,2026-05-18 13:00:00,13,0,0,13,faible
5,2026-05-18 13:00:00,13,0,1,50,eleve
6,2026-05-18 13:00:00,13,0,0,11,faible
7,2026-05-18 13:00:00,13,0,0,3,faible
8,2026-05-18 13:00:00,13,0,0,3,faible
9,2026-05-18 13:00:00,13,0,0,2,faible
10,2026-05-18 13:00:00,13,0,0,0,faible
11,2026-05-18 13:00:00,13,0,0,0,faible
12,2026-05-18 13:00:00,13,0,0,6,faible
13,2026-05-18 13:00:00,13,0,0,11,moyen
14,2026-05-18 13:00:00,13,0,1,24,eleve
15,2026-05-18 13:00:00,13,0,0,5,faible
16,2026-05-18 13:00:00,13,0,0,0,faible
17,2026-05-18 13:00:00,13,0,1,22,eleve
1,2026-05-18 14:00:00,14,0,1,97,eleve
2,2026-05-18 14:00:00,14,0,0,0,faible
3,2026-05-18 14:00:00,14,0,1,50,eleve
4,2026-05-18 14:00:00,14,0,1,48,eleve
5,2026-05-18 14:00:00,14,0,0,26,moyen
6,2026-05-18 14:00:00,14,0,1,39,moyen
7,2026-05-18 14:00:00,14,0,0,0,faible
8,2026-05-18 14:00:00,14,0,0,5,moyen
9,2026-05-18 14:00:00,14,0,0,4,faible
10,2026-05-18 14:00:00,14,0,0,2,faible
11,2026-05-18 14:00:00,14,0,0,4,faible
12,2026-05-18 14:00:00,14,0,1,22,eleve
13,2026-05-18 14:00:00,14,0,1,23,eleve
14,2026-05-18 14:00:00,14,0,0,1,faible
15,2026-05-18 14:00:00,14,0,0,3,faible
16,2026-05-18 14:00:00,14,0,1,29,eleve
17,2026-05-18 14:00:00,14,0,1,20,moyen
1,2026-05-18 15:00:00,15,0,1,102,eleve
2,2026-05-18 15:00:00,15,0,0,0,faible
3,2026-05-18 15:00:00,15,0,1,37,moyen
4,2026-05-18 15:00:00,15,0,0,16,faible
5,2026-05-18 15:00:00,15,0,0,16,faible
6,2026-05-18 15:00:00,15,0,1,53,eleve
7,2026-05-18 15:00:00,15,0,0,3,faible
8,2026-05-18 15:00:00,15,0,0,0,faible
9,2026-05-18 15:00:00,15,0,0,9,moyen
10,2026-05-18 15:00:00,15,0,0,5,moyen
11,2026-05-18 15:00:00,15,0,0,2,faible
12,2026-05-18 15:00:00,15,0,0,0,faible
13,2026-05-18 15:00:00,15,0,0,5,faible
14,2026-05-18 15:00:00,15,0,0,10,moyen
15,2026-05-18 15:00:00,15,0,1,21,moyen
16,2026-05-18 15:00:00,15,0,0,9,moyen
17,2026-05-18 15:00:00,15,0,1,21,moyen
1,2026-05-18 16:00:00,16,0,1,83,moyen
2,2026-05-18 16:00:00,16,0,0,0,faible
3,2026-05-18 16:00:00,16,0,1,45,eleve
4,2026-05-18 16:00:00,16,0,1,40,moyen
5,2026-05-18 16:00:00,16,0,0,12,faible
6,2026-05-18 16:00:00,16,0,0,12,faible
7,2026-05-18 16:00:00,16,0,0,0,faible
8,2026-05-18 16:00:00,16,0,0,2,faible
9,2026-05-18 16:00:00,16,0,0,7,moyen
10,2026-05-18 16:00:00,16,0,0,1,faible
11,2026-05-18 16:00:00,16,0,0,1,faible
12,2026-05-18 16:00:00,16,0,1,20,moyen
13,2026-05-18 16:00:00,16,0,1,25,eleve
14,2026-05-18 16:00:00,16,0,0,6,faible
15,2026-05-18 16:00:00,16,0,1,16,moyen
16,2026-05-18 16:00:00,16,0,0,5,faible
17,2026-05-18 16:00:00,16,0,0,12,moyen
1,2026-05-18 17:00:00,17,0,1,100,eleve
2,2026-05-18 17:00:00,17,0,0,2,faible
3,2026-05-18 17:00:00,17,0,0,14,faible
4,2026-05-18 17:00:00,17,0,0,2,faible
5,2026-05-18 17:00:00,17,0,0,16,faible
6,2026-05-18 17:00:00,17,0,0,3,faible
7,2026-05-18 17:00:00,17,0,0,0,faible
8,2026-05-18 17:00:00,17,0,0,7,moyen
9,2026-05-18 17:00:00,17,0,0,4,faible
10,2026-05-18 17:00:00,17,0,0,0,faible
11,2026-05-18 17:00:00,17,0,0,3,faible
12,2026-05-18 17:00:00,17,0,0,0,faible
13,2026-05-18 17:00:00,17,0,1,25,eleve
14,2026-05-18 17:00:00,17,0,0,10,moyen
15,2026-05-18 17:00:00,17,0,1,20,moyen
16,2026-05-18 17:00:00,17,0,0,13,moyen
17,2026-05-18 17:00:00,17,0,1,26,eleve
1,2026-05-18 18:00:00,18,0,1,86,eleve
2,2026-05-18 18:00:00,18,0,0,0,faible
3,2026-05-18 18:00:00,18,0,1,59,eleve
4,2026-05-18 18:00:00,18,0,1,49,eleve
5,2026-05-18 18:00:00,18,0,1,57,eleve
6,2026-05-18 18:00:00,18,0,1,52,eleve
7,2026-05-18 18:00:00,18,0,0,4,faible
8,2026-05-18 18:00:00,18,0,0,5,moyen
9,2026-05-18 18:00:00,18,0,0,0,faible
10,2026-05-18 18:00:00,18,0,0,0,faible
11,2026-05-18 18:00:00,18,0,0,9,moyen
12,2026-05-18 18:00:00,18,0,0,4,faible
13,2026-05-18 18:00:00,18,0,0,4,faible
14,2026-05-18 18:00:00,18,0,0,13,moyen
15,2026-05-18 18:00:00,18,0,1,23,eleve
16,2026-05-18 18:00:00,18,0,0,10,moyen
17,2026-05-18 18:00:00,18,0,1,20,moyen
1,2026-05-18 19:00:00,19,0,1,98,eleve
2,2026-05-18 19:00:00,19,0,0,3,faible
3,2026-05-18 19:00:00,19,0,0,0,faible
4,2026-05-18 19:00:00,19,0,1,53,eleve
5,2026-05-18 19:00:00,19,0,1,33,moyen
6,2026-05-18 19:00:00,19,0,1,59,eleve
7,2026-05-18 19:00:00,19,0,0,6,moyen
8,2026-05-18 19:00:00,19,0,0,2,faible
9,2026-05-18 19:00:00,19,0,0,0,faible
10,2026-05-18 19:00:00,19,0,0,0,faible
11,2026-05-18 19:00:00,19,0,0,3,faible
12,2026-05-18 19:00:00,19,0,1,27,eleve
13,2026-05-18 19:00:00,19,0,0,0,faible
14,2026-05-18 19:00:00,19,0,1,21,moyen
15,2026-05-18 19:00:00,19,0,0,0,faible
16,2026-05-18 19:00:00,19,0,0,4,faible
17,2026-05-18 19:00:00,19,0,1,19,moyen
1,2026-05-18 20:00:00,20,0,1,77,moyen
2,2026-05-18 20:00:00,20,0,0,6,moyen
3,2026-05-18 20:00:00,20,0,0,27,moyen
4,2026-05-18 20:00:00,20,0,1,50,eleve
5,2026-05-18 20:00:00,20,0,0,23,moyen
6,2026-05-18 20:00:00,20,0,1,49,eleve
7,2026-05-18 20:00:00,20,0,0,0,faible
8,2026-05-18 20:00:00,20,0,0,0,faible
9,2026-05-18 20:00:00,20,0,0,4,faible
10,2026-05-18 20:00:00,20,0,0,0,faible
11,2026-05-18 20:00:00,20,0,0,0,faible
12,2026-05-18 20:00:00,20,0,0,5,faible
13,2026-05-18 20:00:00,20,0,1,25,eleve
14,2026-05-18 20:00:00,20,0,1,17,moyen
15,2026-05-18 20:00:00,20,0,0,0,faible
16,2026-05-18 20:00:00,20,0,1,25,eleve
17,2026-05-18 20:00:00,20,0,0,10,moyen
1,2026-05-18 21:00:00,21,0,1,93,eleve
2,2026-05-18 21:00:00,21,0,0,0,faible
3,2026-05-18 21:00:00,21,0,0,13,faible
4,2026-05-18 21:00:00,21,0,0,16,faible
5,2026-05-18 21:00:00,21,0,1,34,moyen
6,2026-05-18 21:00:00,21,0,1,43,eleve
7,2026-05-18 21:00:00,21,0,0,1,faible
8,2026-05-18 21:00:00,21,0,0,3,faible
9,2026-05-18 21:00:00,21,0,0,5,moyen
10,2026-05-18 21:00:00,21,0,0,0,faible
11,2026-05-18 21:00:00,21,0,0,2,faible
12,2026-05-18 21:00:00,21,0,1,14,moyen
13,2026-05-18 21:00:00,21,0,1,30,eleve
14,2026-05-18 21:00:00,21,0,1,23,eleve
15,2026-05-18 21:00:00,21,0,1,19,moyen
16,2026-05-18 21:00:00,21,0,0,2,faible
17,2026-05-18 21:00:00,21,0,0,11,moyen
1,2026-05-19 07:00:00,7,1,0,10,faible
2,2026-05-19 07:00:00,7,1,0,0,faible
3,2026-05-19 07:00:00,7,1,0,19,moyen
4,2026-05-19 07:00:00,7,1,1,48,eleve
5,2026-05-19 07:00:00,7,1,0,20,moyen
6,2026-05-19 07:00:00,7,1,1,47,eleve
7,2026-05-19 07:00:00,7,1,1,15,eleve
8,2026-05-19 07:00:00,7,1,1,10,moyen
9,2026-05-19 07:00:00,7,1,1,8,moyen
10,2026-05-19 07:00:00,7,1,1,7,moyen
11,2026-05-19 07:00:00,7,1,1,12,eleve
12,2026-05-19 07:00:00,7,1,1,19,moyen
13,2026-05-19 07:00:00,7,1,1,24,eleve
14,2026-05-19 07:00:00,7,1,0,6,faible
15,2026-05-19 07:00:00,7,1,0,12,moyen
16,2026-05-19 07:00:00,7,1,1,22,eleve
17,2026-05-19 07:00:00,7,1,0,7,faible
1,2026-05-19 08:00:00,8,1,0,39,moyen
2,2026-05-19 08:00:00,8,1,0,3,faible
3,2026-05-19 08:00:00,8,1,0,6,faible
4,2026-05-19 08:00:00,8,1,1,57,eleve
5,2026-05-19 08:00:00,8,1,1,41,moyen
6,2026-05-19 08:00:00,8,1,0,20,moyen
7,2026-05-19 08:00:00,8,1,1,15,eleve
8,2026-05-19 08:00:00,8,1,1,12,eleve
9,2026-05-19 08:00:00,8,1,1,15,eleve
10,2026-05-19 08:00:00,8,1,1,9,moyen
11,2026-05-19 08:00:00,8,1,1,4,faible
12,2026-05-19 08:00:00,8,1,1,17,moyen
13,2026-05-19 08:00:00,8,1,0,0,faible
14,2026-05-19 08:00:00,8,1,0,0,faible
15,2026-05-19 08:00:00,8,1,0,10,moyen
16,2026-05-19 08:00:00,8,1,1,24,eleve
17,2026-05-19 08:00:00,8,1,1,26,eleve
1,2026-05-19 09:00:00,9,1,0,14,faible
2,2026-05-19 09:00:00,9,1,0,0,faible
3,2026-05-19 09:00:00,9,1,1,44,eleve
4,2026-05-19 09:00:00,9,1,0,22,moyen
5,2026-05-19 09:00:00,9,1,1,44,eleve
6,2026-05-19 09:00:00,9,1,0,10,faible
7,2026-05-19 09:00:00,9,1,1,6,moyen
8,2026-05-19 09:00:00,9,1,1,11,eleve
9,2026-05-19 09:00:00,9,1,1,15,eleve
10,2026-05-19 09:00:00,9,1,1,12,eleve
11,2026-05-19 09:00:00,9,1,1,11,eleve
12,2026-05-19 09:00:00,9,1,0,5,faible
13,2026-05-19 09:00:00,9,1,1,24,eleve
14,2026-05-19 09:00:00,9,1,1,30,eleve
15,2026-05-19 09:00:00,9,1,0,1,faible
16,2026-05-19 09:00:00,9,1,0,5,faible
17,2026-05-19 09:00:00,9,1,0,0,faible
1,2026-05-19 10:00:00,10,1,0,32,faible
2,2026-05-19 10:00:00,10,1,0,0,faible
3,2026-05-19 10:00:00,10,1,1,48,eleve
4,2026-05-19 10:00:00,10,1,1,45,eleve
5,2026-05-19 10:00:00,10,1,0,21,moyen
6,2026-05-19 10:00:00,10,1,1,49,eleve
7,2026-05-19 10:00:00,10,1,1,5,moyen
8,2026-05-19 10:00:00,10,1,1,8,moyen
9,2026-05-19 10:00:00,10,1,1,15,eleve
10,2026-05-19 10:00:00,10,1,1,8,moyen
11,2026-05-19 10:00:00,10,1,1,10,moyen
12,2026-05-19 10:00:00,10,1,1,17,moyen
13,2026-05-19 10:00:00,10,1,1,23,eleve
14,2026-05-19 10:00:00,10,1,1,22,eleve
15,2026-05-19 10:00:00,10,1,1,21,moyen
16,2026-05-19 10:00:00,10,1,1,18,moyen
17,2026-05-19 10:00:00,10,1,1,27,eleve
1,2026-05-19 11:00:00,11,1,0,33,faible
2,2026-05-19 11:00:00,11,1,0,1,faible
3,2026-05-19 11:00:00,11,1,1,41,moyen
4,2026-05-19 11:00:00,11,1,1,46,eleve
5,2026-05-19 11:00:00,11,1,0,26,moyen
6,2026-05-19 11:00:00,11,1,1,40,moyen
7,2026-05-19 11:00:00,11,1,1,15,eleve
8,2026-05-19 11:00:00,11,1,1,6,moyen
9,2026-05-19 11:00:00,11,1,1,14,eleve
10,2026-05-19 11:00:00,11,1,1,9,moyen
11,2026-05-19 11:00:00,11,1,1,14,eleve
12,2026-05-19 11:00:00,11,1,0,8,faible
13,2026-05-19 11:00:00,11,1,0,6,faible
14,2026-05-19 11:00:00,11,1,0,6,faible
15,2026-05-19 11:00:00,11,1,0,3,faible
16,2026-05-19 11:00:00,11,1,1,22,eleve
17,2026-05-19 11:00:00,11,1,0,12,moyen
1,2026-05-19 12:00:00,12,1,0,39,moyen
2,2026-05-19 12:00:00,12,1,0,5,faible
3,2026-05-19 12:00:00,12,1,1,40,moyen
4,2026-05-19 12:00:00,12,1,1,56,eleve
5,2026-05-19 12:00:00,12,1,1,56,eleve
6,2026-05-19 12:00:00,12,1,1,48,eleve
7,2026-05-19 12:00:00,12,1,1,15,eleve
8,2026-05-19 12:00:00,12,1,1,13,eleve
9,2026-05-19 12:00:00,12,1,1,8,moyen
10,2026-05-19 12:00:00,12,1,1,10,moyen
11,2026-05-19 12:00:00,12,1,1,7,moyen
12,2026-05-19 12:00:00,12,1,0,4,faible
13,2026-05-19 12:00:00,12,1,0,0,faible
14,2026-05-19 12:00:00,12,1,1,24,eleve
15,2026-05-19 12:00:00,12,1,0,4,faible
16,2026-05-19 12:00:00,12,1,0,0,faible
17,2026-05-19 12:00:00,12,1,1,27,eleve
1,2026-05-19 13:00:00,13,1,0,14,faible
2,2026-05-19 13:00:00,13,1,0,0,faible
3,2026-05-19 13:00:00,13,1,0,4,faible
4,2026-05-19 13:00:00,13,1,1,32,moyen
5,2026-05-19 13:00:00,13,1,0,12,faible
6,2026-05-19 13:00:00,13,1,1,32,moyen
7,2026-05-19 13:00:00,13,1,1,4,faible
8,2026-05-19 13:00:00,13,1,1,6,moyen
9,2026-05-19 13:00:00,13,1,1,10,moyen
10,2026-05-19 13:00:00,13,1,1,8,moyen
11,2026-05-19 13:00:00,13,1,1,15,eleve
12,2026-05-19 13:00:00,13,1,1,21,moyen
13,2026-05-19 13:00:00,13,1,0,3,faible
14,2026-05-19 13:00:00,13,1,1,23,eleve
15,2026-05-19 13:00:00,13,1,0,0,faible
16,2026-05-19 13:00:00,13,1,1,22,eleve
17,2026-05-19 13:00:00,13,1,0,8,faible
1,2026-05-19 14:00:00,14,1,0,12,faible
2,2026-05-19 14:00:00,14,1,0,4,faible
3,2026-05-19 14:00:00,14,1,1,47,eleve
4,2026-05-19 14:00:00,14,1,0,4,faible
5,2026-05-19 14:00:00,14,1,0,17,faible
6,2026-05-19 14:00:00,14,1,1,49,eleve
7,2026-05-19 14:00:00,14,1,1,7,moyen
8,2026-05-19 14:00:00,14,1,1,4,faible
9,2026-05-19 14:00:00,14,1,1,15,eleve
10,2026-05-19 14:00:00,14,1,1,10,moyen
11,2026-05-19 14:00:00,14,1,1,12,eleve
12,2026-05-19 14:00:00,14,1,0,4,faible
13,2026-05-19 14:00:00,14,1,0,7,faible
14,2026-05-19 14:00:00,14,1,0,15,moyen
15,2026-05-19 14:00:00,14,1,1,24,eleve
16,2026-05-19 14:00:00,14,1,0,8,faible
17,2026-05-19 14:00:00,14,1,1,22,eleve
1,2026-05-19 15:00:00,15,1,0,44,moyen
2,2026-05-19 15:00:00,15,1,0,0,faible
3,2026-05-19 15:00:00,15,1,1,37,moyen
4,2026-05-19 15:00:00,15,1,0,0,faible
5,2026-05-19 15:00:00,15,1,0,19,moyen
6,2026-05-19 15:00:00,15,1,1,54,eleve
7,2026-05-19 15:00:00,15,1,1,5,moyen
8,2026-05-19 15:00:00,15,1,1,9,moyen
9,2026-05-19 15:00:00,15,1,1,12,eleve
10,2026-05-19 15:00:00,15,1,1,13,eleve
11,2026-05-19 15:00:00,15,1,1,9,moyen
12,2026-05-19 15:00:00,15,1,1,21,moyen
13,2026-05-19 15:00:00,15,1,1,21,moyen
14,2026-05-19 15:00:00,15,1,0,0,faible
15,2026-05-19 15:00:00,15,1,0,5,faible
16,2026-05-19 15:00:00,15,1,1,22,eleve
17,2026-05-19 15:00:00,15,1,1,17,moyen
1,2026-05-19 16:00:00,16,1,0,31,faible
2,2026-05-19 16:00:00,16,1,0,6,moyen
3,2026-05-19 16:00:00,16,1,0,16,faible
4,2026-05-19 16:00:00,16,1,1,40,moyen
5,2026-05-19 16:00:00,16,1,0,14,faible
6,2026-05-19 16:00:00,16,1,1,55,eleve
7,2026-05-19 16:00:00,16,1,1,10,moyen
8,2026-05-19 16:00:00,16,1,1,9,moyen
9,2026-05-19 16:00:00,16,1,1,10,moyen
10,2026-05-19 16:00:00,16,1,1,10,moyen
11,2026-05-19 16:00:00,16,1,1,15,eleve
12,2026-05-19 16:00:00,16,1,1,21,moyen
13,2026-05-19 16:00:00,16,1,1,13,moyen
14,2026-05-19 16:00:00,16,1,0,10,moyen
15,2026-05-19 16:00:00,16,1,1,18,moyen
16,2026-05-19 16:00:00,16,1,0,7,faible
17,2026-05-19 16:00:00,16,1,0,12,moyen
1,2026-05-19 17:00:00,17,1,0,9,faible
2,2026-05-19 17:00:00,17,1,0,11,moyen
3,2026-05-19 17:00:00,17,1,1,33,moyen
4,2026-05-19 17:00:00,17,1,0,25,moyen
5,2026-05-19 17:00:00,17,1,0,0,faible
6,2026-05-19 17:00:00,17,1,0,0,faible
7,2026-05-19 17:00:00,17,1,1,13,eleve
8,2026-05-19 17:00:00,17,1,1,10,moyen
9,2026-05-19 17:00:00,17,1,1,8,moyen
10,2026-05-19 17:00:00,17,1,1,12,eleve
11,2026-05-19 17:00:00,17,1,1,10,moyen
12,2026-05-19 17:00:00,17,1,0,0,faible
13,2026-05-19 17:00:00,17,1,1,26,eleve
14,2026-05-19 17:00:00,17,1,1,20,moyen
15,2026-05-19 17:00:00,17,1,1,19,moyen
16,2026-05-19 17:00:00,17,1,1,21,moyen
17,2026-05-19 17:00:00,17,1,1,27,eleve
1,2026-05-19 18:00:00,18,1,0,24,faible
2,2026-05-19 18:00:00,18,1,0,7,moyen
3,2026-05-19 18:00:00,18,1,0,5,faible
4,2026-05-19 18:00:00,18,1,1,39,moyen
5,2026-05-19 18:00:00,18,1,1,40,moyen
6,2026-05-19 18:00:00,18,1,1,41,moyen
7,2026-05-19 18:00:00,18,1,1,14,eleve
8,2026-05-19 18:00:00,18,1,1,9,moyen
9,2026-05-19 18:00:00,18,1,1,10,moyen
10,2026-05-19 18:00:00,18,1,1,13,eleve
11,2026-05-19 18:00:00,18,1,1,8,moyen
12,2026-05-19 18:00:00,18,1,0,7,faible
13,2026-05-19 18:00:00,18,1,0,1,faible
14,2026-05-19 18:00:00,18,1,0,11,moyen
15,2026-05-19 18:00:00,18,1,0,2,faible
16,2026-05-19 18:00:00,18,1,1,20,moyen
17,2026-05-19 18:00:00,18,1,0,12,moyen
1,2026-05-19 19:00:00,19,1,0,2,faible
2,2026-05-19 19:00:00,19,1,0,2,faible
3,2026-05-19 19:00:00,19,1,0,21,moyen
4,2026-05-19 19:00:00,19,1,0,22,moyen
5,2026-05-19 19:00:00,19,1,1,52,eleve
6,2026-05-19 19:00:00,19,1,0,15,faible
7,2026-05-19 19:00:00,19,1,1,15,eleve
8,2026-05-19 19:00:00,19,1,1,8,moyen
9,2026-05-19 19:00:00,19,1,1,11,eleve
10,2026-05-19 19:00:00,19,1,1,12,eleve
11,2026-05-19 19:00:00,19,1,1,11,eleve
12,2026-05-19 19:00:00,19,1,0,5,faible
13,2026-05-19 19:00:00,19,1,1,30,eleve
14,2026-05-19 19:00:00,19,1,0,5,faible
15,2026-05-19 19:00:00,19,1,1,26,eleve
16,2026-05-19 19:00:00,19,1,1,26,eleve
17,2026-05-19 19:00:00,19,1,0,8,faible
1,2026-05-19 20:00:00,20,1,0,3,faible
2,2026-05-19 20:00:00,20,1,0,10,moyen
3,2026-05-19 20:00:00,20,1,1,50,eleve
4,2026-05-19 20:00:00,20,1,1,34,moyen
5,2026-05-19 20:00:00,20,1,1,38,moyen
6,2026-05-19 20:00:00,20,1,0,14,faible
7,2026-05-19 20:00:00,20,1,1,10,moyen
8,2026-05-19 20:00:00,20,1,1,8,moyen
9,2026-05-19 20:00:00,20,1,1,7,moyen
10,2026-05-19 20:00:00,20,1,1,6,moyen
11,2026-05-19 20:00:00,20,1,1,10,moyen
12,2026-05-19 20:00:00,20,1,1,26,eleve
13,2026-05-19 20:00:00,20,1,0,0,faible
14,2026-05-19 20:00:00,20,1,1,16,moyen
15,2026-05-19 20:00:00,20,1,1,30,eleve
16,2026-05-19 20:00:00,20,1,1,15,moyen
17,2026-05-19 20:00:00,20,1,0,5,faible
1,2026-05-19 21:00:00,21,1,0,33,faible
2,2026-05-19 21:00:00,21,1,0,7,moyen
3,2026-05-19 21:00:00,21,1,1,55,eleve
4,2026-05-19 21:00:00,21,1,1,52,eleve
5,2026-05-19 21:00:00,21,1,1,39,moyen
6,2026-05-19 21:00:00,21,1,1,44,eleve
7,2026-05-19 21:00:00,21,1,1,8,moyen
8,2026-05-19 21:00:00,21,1,1,7,moyen
9,2026-05-19 21:00:00,21,1,1,10,moyen
10,2026-05-19 21:00:00,21,1,1,13,eleve
11,2026-05-19 21:00:00,21,1,1,8,moyen
12,2026-05-19 21:00:00,21,1,0,1,faible
13,2026-05-19 21:00:00,21,1,1,23,eleve
14,2026-05-19 21:00:00,21,1,0,5,faible
15,2026-05-19 21:00:00,21,1,1,29,eleve
16,2026-05-19 21:00:00,21,1,0,3,faible
17,2026-05-19 21:00:00,21,1,1,30,eleve
1,2026-05-20 07:00:00,7,2,1,99,eleve
2,2026-05-20 07:00:00,7,2,0,1,faible
3,2026-05-20 07:00:00,7,2,0,13,faible
4,2026-05-20 07:00:00,7,2,1,49,eleve
5,2026-05-20 07:00:00,7,2,1,37,moyen
6,2026-05-20 07:00:00,7,2,0,15,faible
7,2026-05-20 07:00:00,7,2,0,8,moyen
8,2026-05-20 07:00:00,7,2,0,1,faible
9,2026-05-20 07:00:00,7,2,0,3,faible
10,2026-05-20 07:00:00,7,2,0,0,faible
11,2026-05-20 07:00:00,7,2,0,3,faible
12,2026-05-20 07:00:00,7,2,0,6,faible
13,2026-05-20 07:00:00,7,2,1,17,moyen
14,2026-05-20 07:00:00,7,2,0,8,faible
15,2026-05-20 07:00:00,7,2,1,21,moyen
16,2026-05-20 07:00:00,7,2,1,29,eleve
17,2026-05-20 07:00:00,7,2,1,17,moyen
1,2026-05-20 08:00:00,8,2,1,91,eleve
2,2026-05-20 08:00:00,8,2,0,0,faible
3,2026-05-20 08:00:00,8,2,1,58,eleve
4,2026-05-20 08:00:00,8,2,0,17,faible
5,2026-05-20 08:00:00,8,2,0,15,faible
6,2026-05-20 08:00:00,8,2,0,16,faible
7,2026-05-20 08:00:00,8,2,0,5,moyen
8,2026-05-20 08:00:00,8,2,0,0,faible
9,2026-05-20 08:00:00,8,2,0,5,moyen
10,2026-05-20 08:00:00,8,2,0,0,faible
11,2026-05-20 08:00:00,8,2,0,0,faible
12,2026-05-20 08:00:00,8,2,0,7,faible
13,2026-05-20 08:00:00,8,2,1,23,eleve
14,2026-05-20 08:00:00,8,2,0,0,faible
15,2026-05-20 08:00:00,8,2,0,1,faible
16,2026-05-20 08:00:00,8,2,1,26,eleve
17,2026-05-20 08:00:00,8,2,0,0,faible
1,2026-05-20 09:00:00,9,2,1,108,eleve
2,2026-05-20 09:00:00,9,2,0,0,faible
3,2026-05-20 09:00:00,9,2,1,40,moyen
4,2026-05-20 09:00:00,9,2,1,47,eleve
5,2026-05-20 09:00:00,9,2,0,5,faible
6,2026-05-20 09:00:00,9,2,0,11,faible
7,2026-05-20 09:00:00,9,2,0,5,moyen
8,2026-05-20 09:00:00,9,2,0,3,faible
9,2026-05-20 09:00:00,9,2,0,3,faible
10,2026-05-20 09:00:00,9,2,0,0,faible
11,2026-05-20 09:00:00,9,2,0,5,moyen
12,2026-05-20 09:00:00,9,2,0,7,faible
13,2026-05-20 09:00:00,9,2,1,17,moyen
14,2026-05-20 09:00:00,9,2,1,22,eleve
15,2026-05-20 09:00:00,9,2,0,8,faible
16,2026-05-20 09:00:00,9,2,1,20,moyen
17,2026-05-20 09:00:00,9,2,1,16,moyen
1,2026-05-20 10:00:00,10,2,1,74,moyen
2,2026-05-20 10:00:00,10,2,0,2,faible
3,2026-05-20 10:00:00,10,2,1,49,eleve
4,2026-05-20 10:00:00,10,2,1,40,moyen
5,2026-05-20 10:00:00,10,2,0,25,moyen
6,2026-05-20 10:00:00,10,2,0,13,faible
7,2026-05-20 10:00:00,10,2,0,0,faible
8,2026-05-20 10:00:00,10,2,0,6,moyen
9,2026-05-20 10:00:00,10,2,0,6,moyen
10,2026-05-20 10:00:00,10,2,0,3,faible
11,2026-05-20 10:00:00,10,2,0,0,faible
12,2026-05-20 10:00:00,10,2,1,21,moyen
13,2026-05-20 10:00:00,10,2,1,23,eleve
14,2026-05-20 10:00:00,10,2,1,23,eleve
15,2026-05-20 10:00:00,10,2,1,16,moyen
16,2026-05-20 10:00:00,10,2,1,27,eleve
17,2026-05-20 10:00:00,10,2,1,21,moyen
1,2026-05-20 11:00:00,11,2,1,114,eleve
2,2026-05-20 11:00:00,11,2,0,4,faible
3,2026-05-20 11:00:00,11,2,1,49,eleve
4,2026-05-20 11:00:00,11,2,1,50,eleve
5,2026-05-20 11:00:00,11,2,0,5,faible
6,2026-05-20 11:00:00,11,2,1,49,eleve
7,2026-05-20 11:00:00,11,2,0,5,moyen
8,2026-05-20 11:00:00,11,2,0,6,moyen
9,2026-05-20 11:00:00,11,2,0,5,moyen
10,2026-05-20 11:00:00,11,2,0,4,faible
11,2026-05-20 11:00:00,11,2,0,2,faible
12,2026-05-20 11:00:00,11,2,0,9,moyen
13,2026-05-20 11:00:00,11,2,1,28,eleve
14,2026-05-20 11:00:00,11,2,0,9,moyen
15,2026-05-20 11:00:00,11,2,0,2,faible
16,2026-05-20 11:00:00,11,2,0,11,moyen
17,2026-05-20 11:00:00,11,2,0,7,faible
1,2026-05-20 12:00:00,12,2,1,97,eleve
2,2026-05-20 12:00:00,12,2,0,6,moyen
3,2026-05-20 12:00:00,12,2,1,53,eleve
4,2026-05-20 12:00:00,12,2,1,52,eleve
5,2026-05-20 12:00:00,12,2,0,8,faible
6,2026-05-20 12:00:00,12,2,0,21,moyen
7,2026-05-20 12:00:00,12,2,0,4,faible
8,2026-05-20 12:00:00,12,2,0,5,moyen
9,2026-05-20 12:00:00,12,2,0,0,faible
10,2026-05-20 12:00:00,12,2,0,0,faible
11,2026-05-20 12:00:00,12,2,0,9,moyen
12,2026-05-20 12:00:00,12,2,1,27,eleve
13,2026-05-20 12:00:00,12,2,1,24,eleve
14,2026-05-20 12:00:00,12,2,1,17,moyen
15,2026-05-20 12:00:00,12,2,1,24,eleve
16,2026-05-20 12:00:00,12,2,1,29,eleve
17,2026-05-20 12:00:00,12,2,1,19,moyen
1,2026-05-20 13:00:00,13,2,1,77,moyen
2,2026-05-20 13:00:00,13,2,0,11,moyen
3,2026-05-20 13:00:00,13,2,0,9,faible
4,2026-05-20 13:00:00,13,2,1,50,eleve
5,2026-05-20 13:00:00,13,2,0,15,faible
6,2026-05-20 13:00:00,13,2,0,20,moyen
7,2026-05-20 13:00:00,13,2,0,7,moyen
8,2026-05-20 13:00:00,13,2,0,0,faible
9,2026-05-20 13:00:00,13,2,0,0,faible
10,2026-05-20 13:00:00,13,2,0,3,faible
11,2026-05-20 13:00:00,13,2,0,2,faible
12,2026-05-20 13:00:00,13,2,1,26,eleve
13,2026-05-20 13:00:00,13,2,0,0,faible
14,2026-05-20 13:00:00,13,2,0,4,faible
15,2026-05-20 13:00:00,13,2,0,0,faible
16,2026-05-20 13:00:00,13,2,1,19,moyen
17,2026-05-20 13:00:00,13,2,0,1,faible
1,2026-05-20 14:00:00,14,2,1,92,eleve
2,2026-05-20 14:00:00,14,2,0,4,faible
3,2026-05-20 14:00:00,14,2,1,51,eleve
4,2026-05-20 14:00:00,14,2,0,1,faible
5,2026-05-20 14:00:00,14,2,1,60,eleve
6,2026-05-20 14:00:00,14,2,0,24,moyen
7,2026-05-20 14:00:00,14,2,0,3,faible
8,2026-05-20 14:00:00,14,2,0,0,faible
9,2026-05-20 14:00:00,14,2,0,5,moyen
10,2026-05-20 14:00:00,14,2,0,0,faible
11,2026-05-20 14:00:00,14,2,0,6,moyen
12,2026-05-20 14:00:00,14,2,0,9,moyen
13,2026-05-20 14:00:00,14,2,0,12,moyen
14,2026-05-20 14:00:00,14,2,0,5,faible
15,2026-05-20 14:00:00,14,2,1,15,moyen
16,2026-05-20 14:00:00,14,2,1,22,eleve
17,2026-05-20 14:00:00,14,2,1,16,moyen
1,2026-05-20 15:00:00,15,2,1,96,eleve
2,2026-05-20 15:00:00,15,2,0,1,faible
3,2026-05-20 15:00:00,15,2,1,46,eleve
4,2026-05-20 15:00:00,15,2,0,14,faible
5,2026-05-20 15:00:00,15,2,0,23,moyen
6,2026-05-20 15:00:00,15,2,0,23,moyen
7,2026-05-20 15:00:00,15,2,0,6,moyen
8,2026-05-20 15:00:00,15,2,0,3,faible
9,2026-05-20 15:00:00,15,2,0,1,faible
10,2026-05-20 15:00:00,15,2,0,0,faible
11,2026-05-20 15:00:00,15,2,0,1,faible
12,2026-05-20 15:00:00,15,2,0,9,moyen
13,2026-05-20 15:00:00,15,2,1,30,eleve
14,2026-05-20 15:00:00,15,2,1,19,moyen
15,2026-05-20 15:00:00,15,2,0,0,faible
16,2026-05-20 15:00:00,15,2,0,1,faible
17,2026-05-20 15:00:00,15,2,1,21,moyen
1,2026-05-20 16:00:00,16,2,1,97,eleve
2,2026-05-20 16:00:00,16,2,0,0,faible
3,2026-05-20 16:00:00,16,2,1,57,eleve
4,2026-05-20 16:00:00,16,2,1,47,eleve
5,2026-05-20 16:00:00,16,2,0,14,faible
6,2026-05-20 16:00:00,16,2,1,56,eleve
7,2026-05-20 16:00:00,16,2,0,4,faible
8,2026-05-20 16:00:00,16,2,0,0,faible
9,2026-05-20 16:00:00,16,2,0,6,moyen
10,2026-05-20 16:00:00,16,2,0,2,faible
11,2026-05-20 16:00:00,16,2,0,4,faible
12,2026-05-20 16:00:00,16,2,0,7,faible
13,2026-05-20 16:00:00,16,2,1,19,moyen
14,2026-05-20 16:00:00,16,2,0,9,moyen
15,2026-05-20 16:00:00,16,2,0,9,moyen
16,2026-05-20 16:00:00,16,2,1,21,moyen
17,2026-05-20 16:00:00,16,2,0,4,faible
1,2026-05-20 17:00:00,17,2,1,92,eleve
2,2026-05-20 17:00:00,17,2,0,2,faible
3,2026-05-20 17:00:00,17,2,0,21,moyen
4,2026-05-20 17:00:00,17,2,1,52,eleve
5,2026-05-20 17:00:00,17,2,1,33,moyen
6,2026-05-20 17:00:00,17,2,0,11,faible
7,2026-05-20 17:00:00,17,2,0,2,faible
8,2026-05-20 17:00:00,17,2,0,0,faible
9,2026-05-20 17:00:00,17,2,0,2,faible
10,2026-05-20 17:00:00,17,2,0,0,faible
11,2026-05-20 17:00:00,17,2,0,0,faible
12,2026-05-20 17:00:00,17,2,1,28,eleve
13,2026-05-20 17:00:00,17,2,0,0,faible
14,2026-05-20 17:00:00,17,2,1,20,moyen
15,2026-05-20 17:00:00,17,2,0,3,faible
16,2026-05-20 17:00:00,17,2,1,27,eleve
17,2026-05-20 17:00:00,17,2,0,4,faible
1,2026-05-20 18:00:00,18,2,1,85,eleve
2,2026-05-20 18:00:00,18,2,0,7,moyen
3,2026-05-20 18:00:00,18,2,1,45,eleve
4,2026-05-20 18:00:00,18,2,1,57,eleve
5,2026-05-20 18:00:00,18,2,0,1,faible
6,2026-05-20 18:00:00,18,2,0,12,faible
7,2026-05-20 18:00:00,18,2,0,2,faible
8,2026-05-20 18:00:00,18,2,0,0,faible
9,2026-05-20 18:00:00,18,2,0,0,faible
10,2026-05-20 18:00:00,18,2,0,0,faible
11,2026-05-20 18:00:00,18,2,0,4,faible
12,2026-05-20 18:00:00,18,2,0,3,faible
13,2026-05-20 18:00:00,18,2,0,4,faible
14,2026-05-20 18:00:00,18,2,0,5,faible
15,2026-05-20 18:00:00,18,2,0,6,faible
16,2026-05-20 18:00:00,18,2,1,25,eleve
17,2026-05-20 18:00:00,18,2,0,0,faible
1,2026-05-20 19:00:00,19,2,1,82,moyen
2,2026-05-20 19:00:00,19,2,0,5,faible
3,2026-05-20 19:00:00,19,2,0,0,faible
4,2026-05-20 19:00:00,19,2,0,18,moyen
5,2026-05-20 19:00:00,19,2,0,2,faible
6,2026-05-20 19:00:00,19,2,0,0,faible
7,2026-05-20 19:00:00,19,2,0,1,faible
8,2026-05-20 19:00:00,19,2,0,0,faible
9,2026-05-20 19:00:00,19,2,0,0,faible
10,2026-05-20 19:00:00,19,2,0,0,faible
11,2026-05-20 19:00:00,19,2,0,8,moyen
12,2026-05-20 19:00:00,19,2,0,3,faible
13,2026-05-20 19:00:00,19,2,1,23,eleve
14,2026-05-20 19:00:00,19,2,0,0,faible
15,2026-05-20 19:00:00,19,2,1,22,eleve
16,2026-05-20 19:00:00,19,2,0,2,faible
17,2026-05-20 19:00:00,19,2,0,7,faible
1,2026-05-20 20:00:00,20,2,1,97,eleve
2,2026-05-20 20:00:00,20,2,0,7,moyen
3,2026-05-20 20:00:00,20,2,1,45,eleve
4,2026-05-20 20:00:00,20,2,0,19,moyen
5,2026-05-20 20:00:00,20,2,0,18,moyen
6,2026-05-20 20:00:00,20,2,1,38,moyen
7,2026-05-20 20:00:00,20,2,0,0,faible
8,2026-05-20 20:00:00,20,2,0,2,faible
9,2026-05-20 20:00:00,20,2,0,0,faible
10,2026-05-20 20:00:00,20,2,0,3,faible
11,2026-05-20 20:00:00,20,2,0,4,faible
12,2026-05-20 20:00:00,20,2,0,4,faible
13,2026-05-20 20:00:00,20,2,1,27,eleve
14,2026-05-20 20:00:00,20,2,0,7,faible
15,2026-05-20 20:00:00,20,2,0,1,faible
16,2026-05-20 20:00:00,20,2,0,8,faible
17,2026-05-20 20:00:00,20,2,0,10,moyen
1,2026-05-20 21:00:00,21,2,1,85,eleve
2,2026-05-20 21:00:00,21,2,0,3,faible
3,2026-05-20 21:00:00,21,2,1,53,eleve
4,2026-05-20 21:00:00,21,2,0,5,faible
5,2026-05-20 21:00:00,21,2,0,3,faible
6,2026-05-20 21:00:00,21,2,1,51,eleve
7,2026-05-20 21:00:00,21,2,0,7,moyen
8,2026-05-20 21:00:00,21,2,0,0,faible
9,2026-05-20 21:00:00,21,2,0,7,moyen
10,2026-05-20 21:00:00,21,2,0,3,faible
11,2026-05-20 21:00:00,21,2,0,0,faible
12,2026-05-20 21:00:00,21,2,1,20,moyen
13,2026-05-20 21:00:00,21,2,0,7,faible
14,2026-05-20 21:00:00,21,2,0,3,faible
15,2026-05-20 21:00:00,21,2,1,17,moyen
16,2026-05-20 21:00:00,21,2,1,21,moyen
17,2026-05-20 21:00:00,21,2,0,0,faible
1,2026-05-22 07:00:00,7,4,1,94,eleve
2,2026-05-22 07:00:00,7,4,0,4,faible
3,2026-05-22 07:00:00,7,4,1,53,eleve
4,2026-05-22 07:00:00,7,4,1,50,eleve
5,2026-05-22 07:00:00,7,4,1,46,eleve
6,2026-05-22 07:00:00,7,4,0,10,faible
7,2026-05-22 07:00:00,7,4,0,6,moyen
8,2026-05-22 07:00:00,7,4,0,3,faible
9,2026-05-22 07:00:00,7,4,0,2,faible
10,2026-05-22 07:00:00,7,4,0,0,faible
11,2026-05-22 07:00:00,7,4,0,5,moyen
12,2026-05-22 07:00:00,7,4,0,2,faible
13,2026-05-22 07:00:00,7,4,0,6,faible
14,2026-05-22 07:00:00,7,4,0,0,faible
15,2026-05-22 07:00:00,7,4,1,24,eleve
16,2026-05-22 07:00:00,7,4,1,22,eleve
17,2026-05-22 07:00:00,7,4,0,7,faible
1,2026-05-22 08:00:00,8,4,1,83,moyen
2,2026-05-22 08:00:00,8,4,0,1,faible
3,2026-05-22 08:00:00,8,4,0,6,faible
4,2026-05-22 08:00:00,8,4,0,8,faible
5,2026-05-22 08:00:00,8,4,1,40,moyen
6,2026-05-22 08:00:00,8,4,0,12,faible
7,2026-05-22 08:00:00,8,4,0,5,moyen
8,2026-05-22 08:00:00,8,4,0,0,faible
9,2026-05-22 08:00:00,8,4,0,3,faible
10,2026-05-22 08:00:00,8,4,0,1,faible
11,2026-05-22 08:00:00,8,4,0,4,faible
12,2026-05-22 08:00:00,8,4,0,8,faible
13,2026-05-22 08:00:00,8,4,0,12,moyen
14,2026-05-22 08:00:00,8,4,1,17,moyen
15,2026-05-22 08:00:00,8,4,1,24,eleve
16,2026-05-22 08:00:00,8,4,0,1,faible
17,2026-05-22 08:00:00,8,4,0,5,faible
1,2026-05-22 09:00:00,9,4,1,107,eleve
2,2026-05-22 09:00:00,9,4,0,2,faible
3,2026-05-22 09:00:00,9,4,1,44,eleve
4,2026-05-22 09:00:00,9,4,1,51,eleve
5,2026-05-22 09:00:00,9,4,0,14,faible
6,2026-05-22 09:00:00,9,4,0,4,faible
7,2026-05-22 09:00:00,9,4,0,0,faible
8,2026-05-22 09:00:00,9,4,0,0,faible
9,2026-05-22 09:00:00,9,4,0,1,faible
10,2026-05-22 09:00:00,9,4,0,0,faible
11,2026-05-22 09:00:00,9,4,0,0,faible
12,2026-05-22 09:00:00,9,4,1,21,moyen
13,2026-05-22 09:00:00,9,4,1,19,moyen
14,2026-05-22 09:00:00,9,4,0,3,faible
15,2026-05-22 09:00:00,9,4,1,22,eleve
16,2026-05-22 09:00:00,9,4,1,21,moyen
17,2026-05-22 09:00:00,9,4,1,27,eleve
1,2026-05-22 10:00:00,10,4,1,85,eleve
2,2026-05-22 10:00:00,10,4,0,5,faible
3,2026-05-22 10:00:00,10,4,0,4,faible
4,2026-05-22 10:00:00,10,4,0,3,faible
5,2026-05-22 10:00:00,10,4,1,37,moyen
6,2026-05-22 10:00:00,10,4,0,0,faible
7,2026-05-22 10:00:00,10,4,0,0,faible
8,2026-05-22 10:00:00,10,4,0,4,faible
9,2026-05-22 10:00:00,10,4,0,0,faible
10,2026-05-22 10:00:00,10,4,0,0,faible
11,2026-05-22 10:00:00,10,4,0,4,faible
12,2026-05-22 10:00:00,10,4,0,0,faible
13,2026-05-22 10:00:00,10,4,0,2,faible
14,2026-05-22 10:00:00,10,4,0,4,faible
15,2026-05-22 10:00:00,10,4,1,28,eleve
16,2026-05-22 10:00:00,10,4,0,7,faible
17,2026-05-22 10:00:00,10,4,1,21,moyen
1,2026-05-22 11:00:00,11,4,1,78,moyen
2,2026-05-22 11:00:00,11,4,0,0,faible
3,2026-05-22 11:00:00,11,4,0,10,faible
4,2026-05-22 11:00:00,11,4,1,36,moyen
5,2026-05-22 11:00:00,11,4,0,23,moyen
6,2026-05-22 11:00:00,11,4,1,35,moyen
7,2026-05-22 11:00:00,11,4,0,4,faible
8,2026-05-22 11:00:00,11,4,0,0,faible
9,2026-05-22 11:00:00,11,4,0,7,moyen
10,2026-05-22 11:00:00,11,4,0,0,faible
11,2026-05-22 11:00:00,11,4,0,1,faible
12,2026-05-22 11:00:00,11,4,1,23,eleve
13,2026-05-22 11:00:00,11,4,1,22,eleve
14,2026-05-22 11:00:00,11,4,0,5,faible
15,2026-05-22 11:00:00,11,4,1,21,moyen
16,2026-05-22 11:00:00,11,4,0,8,faible
17,2026-05-22 11:00:00,11,4,1,21,moyen
1,2026-05-22 12:00:00,12,4,1,96,eleve
2,2026-05-22 12:00:00,12,4,0,8,moyen
3,2026-05-22 12:00:00,12,4,0,9,faible
4,2026-05-22 12:00:00,12,4,0,0,faible
5,2026-05-22 12:00:00,12,4,0,17,faible
6,2026-05-22 12:00:00,12,4,0,12,faible
7,2026-05-22 12:00:00,12,4,0,4,faible
8,2026-05-22 12:00:00,12,4,0,0,faible
9,2026-05-22 12:00:00,12,4,0,4,faible
10,2026-05-22 12:00:00,12,4,0,0,faible
11,2026-05-22 12:00:00,12,4,0,3,faible
12,2026-05-22 12:00:00,12,4,1,24,eleve
13,2026-05-22 12:00:00,12,4,0,3,faible
14,2026-05-22 12:00:00,12,4,0,6,faible
15,2026-05-22 12:00:00,12,4,0,0,faible
16,2026-05-22 12:00:00,12,4,1,26,eleve
17,2026-05-22 12:00:00,12,4,1,23,eleve
1,2026-05-22 13:00:00,13,4,1,79,moyen
2,2026-05-22 13:00:00,13,4,0,7,moyen
3,2026-05-22 13:00:00,13,4,1,58,eleve
4,2026-05-22 13:00:00,13,4,1,54,eleve
5,2026-05-22 13:00:00,13,4,1,51,eleve
6,2026-05-22 13:00:00,13,4,0,0,faible
7,2026-05-22 13:00:00,13,4,0,2,faible
8,2026-05-22 13:00:00,13,4,0,0,faible
9,2026-05-22 13:00:00,13,4,0,0,faible
10,2026-05-22 13:00:00,13,4,0,0,faible
11,2026-05-22 13:00:00,13,4,0,4,faible
12,2026-05-22 13:00:00,13,4,1,27,eleve
13,2026-05-22 13:00:00,13,4,1,25,eleve
14,2026-05-22 13:00:00,13,4,1,16,moyen
15,2026-05-22 13:00:00,13,4,0,0,faible
16,2026-05-22 13:00:00,13,4,1,26,eleve
17,2026-05-22 13:00:00,13,4,1,13,moyen
1,2026-05-22 14:00:00,14,4,1,112,eleve
2,2026-05-22 14:00:00,14,4,0,0,faible
3,2026-05-22 14:00:00,14,4,0,19,moyen
4,2026-05-22 14:00:00,14,4,0,9,faible
5,2026-05-22 14:00:00,14,4,1,47,eleve
6,2026-05-22 14:00:00,14,4,1,55,eleve
7,2026-05-22 14:00:00,14,4,0,0,faible
8,2026-05-22 14:00:00,14,4,0,3,faible
9,2026-05-22 14:00:00,14,4,0,2,faible
10,2026-05-22 14:00:00,14,4,0,0,faible
11,2026-05-22 14:00:00,14,4,0,8,moyen
12,2026-05-22 14:00:00,14,4,0,6,faible
13,2026-05-22 14:00:00,14,4,0,10,moyen
14,2026-05-22 14:00:00,14,4,1,24,eleve
15,2026-05-22 14:00:00,14,4,0,0,faible
16,2026-05-22 14:00:00,14,4,1,21,moyen
17,2026-05-22 14:00:00,14,4,1,22,eleve
1,2026-05-22 15:00:00,15,4,1,101,eleve
2,2026-05-22 15:00:00,15,4,0,0,faible
3,2026-05-22 15:00:00,15,4,0,18,moyen
4,2026-05-22 15:00:00,15,4,0,3,faible
5,2026-05-22 15:00:00,15,4,0,8,faible
6,2026-05-22 15:00:00,15,4,0,10,faible
7,2026-05-22 15:00:00,15,4,0,0,faible
8,2026-05-22 15:00:00,15,4,0,0,faible
9,2026-05-22 15:00:00,15,4,0,0,faible
10,2026-05-22 15:00:00,15,4,0,0,faible
11,2026-05-22 15:00:00,15,4,0,0,faible
12,2026-05-22 15:00:00,15,4,0,7,faible
13,2026-05-22 15:00:00,15,4,1,18,moyen
14,2026-05-22 15:00:00,15,4,0,12,moyen
15,2026-05-22 15:00:00,15,4,1,16,moyen
16,2026-05-22 15:00:00,15,4,0,0,faible
17,2026-05-22 15:00:00,15,4,0,6,faible
1,2026-05-22 16:00:00,16,4,1,86,eleve
2,2026-05-22 16:00:00,16,4,0,1,faible
3,2026-05-22 16:00:00,16,4,0,13,faible
4,2026-05-22 16:00:00,16,4,1,49,eleve
5,2026-05-22 16:00:00,16,4,1,41,moyen
6,2026-05-22 16:00:00,16,4,1,53,eleve
7,2026-05-22 16:00:00,16,4,0,4,faible
8,2026-05-22 16:00:00,16,4,0,1,faible
9,2026-05-22 16:00:00,16,4,0,0,faible
10,2026-05-22 16:00:00,16,4,0,6,moyen
11,2026-05-22 16:00:00,16,4,0,0,faible
12,2026-05-22 16:00:00,16,4,0,11,moyen
13,2026-05-22 16:00:00,16,4,1,17,moyen
14,2026-05-22 16:00:00,16,4,0,10,moyen
15,2026-05-22 16:00:00,16,4,0,7,faible
16,2026-05-22 16:00:00,16,4,1,22,eleve
17,2026-05-22 16:00:00,16,4,1,28,eleve
1,2026-05-22 17:00:00,17,4,1,99,eleve
2,2026-05-22 17:00:00,17,4,0,2,faible
3,2026-05-22 17:00:00,17,4,0,0,faible
4,2026-05-22 17:00:00,17,4,1,35,moyen
5,2026-05-22 17:00:00,17,4,0,9,faible
6,2026-05-22 17:00:00,17,4,1,50,eleve
7,2026-05-22 17:00:00,17,4,0,0,faible
8,2026-05-22 17:00:00,17,4,0,0,faible
9,2026-05-22 17:00:00,17,4,0,0,faible
10,2026-05-22 17:00:00,17,4,0,8,moyen
11,2026-05-22 17:00:00,17,4,0,0,faible
12,2026-05-22 17:00:00,17,4,1,25,eleve
13,2026-05-22 17:00:00,17,4,1,18,moyen
14,2026-05-22 17:00:00,17,4,1,28,eleve
15,2026-05-22 17:00:00,17,4,0,4,faible
16,2026-05-22 17:00:00,17,4,0,7,faible
17,2026-05-22 17:00:00,17,4,1,26,eleve
1,2026-05-22 18:00:00,18,4,1,110,eleve
2,2026-05-22 18:00:00,18,4,0,3,faible
3,2026-05-22 18:00:00,18,4,1,50,eleve
4,2026-05-22 18:00:00,18,4,0,7,faible
5,2026-05-22 18:00:00,18,4,1,38,moyen
6,2026-05-22 18:00:00,18,4,0,19,moyen
7,2026-05-22 18:00:00,18,4,0,0,faible
8,2026-05-22 18:00:00,18,4,0,5,moyen
9,2026-05-22 18:00:00,18,4,0,3,faible
10,2026-05-22 18:00:00,18,4,0,0,faible
11,2026-05-22 18:00:00,18,4,0,0,faible
12,2026-05-22 18:00:00,18,4,0,3,faible
13,2026-05-22 18:00:00,18,4,1,25,eleve
14,2026-05-22 18:00:00,18,4,0,3,faible
15,2026-05-22 18:00:00,18,4,1,25,eleve
16,2026-05-22 18:00:00,18,4,0,4,faible
17,2026-05-22 18:00:00,18,4,0,14,moyen
1,2026-05-22 19:00:00,19,4,1,95,eleve
2,2026-05-22 19:00:00,19,4,0,5,faible
3,2026-05-22 19:00:00,19,4,1,43,eleve
4,2026-05-22 19:00:00,19,4,1,52,eleve
5,2026-05-22 19:00:00,19,4,1,53,eleve
6,2026-05-22 19:00:00,19,4,0,22,moyen
7,2026-05-22 19:00:00,19,4,0,6,moyen
8,2026-05-22 19:00:00,19,4,0,0,faible
9,2026-05-22 19:00:00,19,4,0,0,faible
10,2026-05-22 19:00:00,19,4,0,1,faible
11,2026-05-22 19:00:00,19,4,0,4,faible
12,2026-05-22 19:00:00,19,4,1,23,eleve
13,2026-05-22 19:00:00,19,4,1,14,moyen
14,2026-05-22 19:00:00,19,4,1,14,moyen
15,2026-05-22 19:00:00,19,4,0,13,moyen
16,2026-05-22 19:00:00,19,4,0,5,faible
17,2026-05-22 19:00:00,19,4,0,8,faible
1,2026-05-22 20:00:00,20,4,1,78,moyen
2,2026-05-22 20:00:00,20,4,0,6,moyen
3,2026-05-22 20:00:00,20,4,0,11,faible
4,2026-05-22 20:00:00,20,4,1,51,eleve
5,2026-05-22 20:00:00,20,4,0,16,faible
6,2026-05-22 20:00:00,20,4,0,8,faible
7,2026-05-22 20:00:00,20,4,0,7,moyen
8,2026-05-22 20:00:00,20,4,0,7,moyen
9,2026-05-22 20:00:00,20,4,0,6,moyen
10,2026-05-22 20:00:00,20,4,0,0,faible
11,2026-05-22 20:00:00,20,4,0,0,faible
12,2026-05-22 20:00:00,20,4,1,21,moyen
13,2026-05-22 20:00:00,20,4,1,17,moyen
14,2026-05-22 20:00:00,20,4,0,0,faible
15,2026-05-22 20:00:00,20,4,0,0,faible
16,2026-05-22 20:00:00,20,4,0,4,faible
17,2026-05-22 20:00:00,20,4,1,26,eleve
1,2026-05-22 21:00:00,21,4,1,93,eleve
2,2026-05-22 21:00:00,21,4,0,1,faible
3,2026-05-22 21:00:00,21,4,0,22,moyen
4,2026-05-22 21:00:00,21,4,1,49,eleve
5,2026-05-22 21:00:00,21,4,0,4,faible
6,2026-05-22 21:00:00,21,4,0,14,faible
7,2026-05-22 21:00:00,21,4,0,0,faible
8,2026-05-22 21:00:00,21,4,0,2,faible
9,2026-05-22 21:00:00,21,4,0,2,faible
10,2026-05-22 21:00:00,21,4,0,4,faible
11,2026-05-22 21:00:00,21,4,0,0,faible
12,2026-05-22 21:00:00,21,4,0,0,faible
13,2026-05-22 21:00:00,21,4,1,24,eleve
14,2026-05-22 21:00:00,21,4,0,0,faible
15,2026-05-22 21:00:00,21,4,1,19,moyen
16,2026-05-22 21:00:00,21,4,0,0,faible
17,2026-05-22 21:00:00,21,4,1,26,eleve
1,2026-05-23 07:00:00,7,5,0,21,faible
2,2026-05-23 07:00:00,7,5,0,1,faible
3,2026-05-23 07:00:00,7,5,1,17,faible
4,2026-05-23 07:00:00,7,5,0,3,faible
5,2026-05-23 07:00:00,7,5,1,35,moyen
6,2026-05-23 07:00:00,7,5,0,17,faible
7,2026-05-23 07:00:00,7,5,0,6,moyen
8,2026-05-23 07:00:00,7,5,0,1,faible
9,2026-05-23 07:00:00,7,5,0,0,faible
10,2026-05-23 07:00:00,7,5,0,0,faible
11,2026-05-23 07:00:00,7,5,0,0,faible
12,2026-05-23 07:00:00,7,5,1,14,moyen
13,2026-05-23 07:00:00,7,5,0,3,faible
14,2026-05-23 07:00:00,7,5,0,1,faible
15,2026-05-23 07:00:00,7,5,1,18,moyen
16,2026-05-23 07:00:00,7,5,1,8,faible
17,2026-05-23 07:00:00,7,5,0,1,faible
1,2026-05-23 08:00:00,8,5,0,18,faible
2,2026-05-23 08:00:00,8,5,0,5,faible
3,2026-05-23 08:00:00,8,5,1,28,moyen
4,2026-05-23 08:00:00,8,5,1,37,moyen
5,2026-05-23 08:00:00,8,5,0,11,faible
6,2026-05-23 08:00:00,8,5,0,5,faible
7,2026-05-23 08:00:00,8,5,0,0,faible
8,2026-05-23 08:00:00,8,5,0,0,faible
9,2026-05-23 08:00:00,8,5,0,0,faible
10,2026-05-23 08:00:00,8,5,0,0,faible
11,2026-05-23 08:00:00,8,5,0,3,faible
12,2026-05-23 08:00:00,8,5,1,15,moyen
13,2026-05-23 08:00:00,8,5,0,4,faible
14,2026-05-23 08:00:00,8,5,0,0,faible
15,2026-05-23 08:00:00,8,5,1,7,faible
16,2026-05-23 08:00:00,8,5,1,9,moyen
17,2026-05-23 08:00:00,8,5,0,6,faible
1,2026-05-23 09:00:00,9,5,0,14,faible
2,2026-05-23 09:00:00,9,5,0,0,faible
3,2026-05-23 09:00:00,9,5,1,30,moyen
4,2026-05-23 09:00:00,9,5,0,2,faible
5,2026-05-23 09:00:00,9,5,0,5,faible
6,2026-05-23 09:00:00,9,5,1,41,moyen
7,2026-05-23 09:00:00,9,5,0,2,faible
8,2026-05-23 09:00:00,9,5,0,2,faible
9,2026-05-23 09:00:00,9,5,0,0,faible
10,2026-05-23 09:00:00,9,5,0,0,faible
11,2026-05-23 09:00:00,9,5,0,1,faible
12,2026-05-23 09:00:00,9,5,1,11,moyen
13,2026-05-23 09:00:00,9,5,0,8,faible
14,2026-05-23 09:00:00,9,5,0,5,faible
15,2026-05-23 09:00:00,9,5,0,3,faible
16,2026-05-23 09:00:00,9,5,1,13,moyen
17,2026-05-23 09:00:00,9,5,1,9,moyen
1,2026-05-23 10:00:00,10,5,0,25,faible
2,2026-05-23 10:00:00,10,5,0,0,faible
3,2026-05-23 10:00:00,10,5,1,40,moyen
4,2026-05-23 10:00:00,10,5,0,14,faible
5,2026-05-23 10:00:00,10,5,0,0,faible
6,2026-05-23 10:00:00,10,5,1,30,moyen
7,2026-05-23 10:00:00,10,5,0,1,faible
8,2026-05-23 10:00:00,10,5,0,0,faible
9,2026-05-23 10:00:00,10,5,0,6,moyen
10,2026-05-23 10:00:00,10,5,0,4,faible
11,2026-05-23 10:00:00,10,5,0,0,faible
12,2026-05-23 10:00:00,10,5,1,5,faible
13,2026-05-23 10:00:00,10,5,0,4,faible
14,2026-05-23 10:00:00,10,5,0,0,faible
15,2026-05-23 10:00:00,10,5,1,7,faible
16,2026-05-23 10:00:00,10,5,1,13,moyen
17,2026-05-23 10:00:00,10,5,1,10,moyen
1,2026-05-23 11:00:00,11,5,0,9,faible
2,2026-05-23 11:00:00,11,5,0,1,faible
3,2026-05-23 11:00:00,11,5,1,36,moyen
4,2026-05-23 11:00:00,11,5,1,26,moyen
5,2026-05-23 11:00:00,11,5,0,2,faible
6,2026-05-23 11:00:00,11,5,0,11,faible
7,2026-05-23 11:00:00,11,5,0,3,faible
8,2026-05-23 11:00:00,11,5,0,0,faible
9,2026-05-23 11:00:00,11,5,0,0,faible
10,2026-05-23 11:00:00,11,5,0,1,faible
11,2026-05-23 11:00:00,11,5,0,0,faible
12,2026-05-23 11:00:00,11,5,1,14,moyen
13,2026-05-23 11:00:00,11,5,1,14,moyen
14,2026-05-23 11:00:00,11,5,0,4,faible
15,2026-05-23 11:00:00,11,5,0,0,faible
16,2026-05-23 11:00:00,11,5,1,5,faible
17,2026-05-23 11:00:00,11,5,0,3,faible
1,2026-05-23 12:00:00,12,5,0,21,faible
2,2026-05-23 12:00:00,12,5,0,5,faible
3,2026-05-23 12:00:00,12,5,1,38,moyen
4,2026-05-23 12:00:00,12,5,1,33,moyen
5,2026-05-23 12:00:00,12,5,0,15,faible
6,2026-05-23 12:00:00,12,5,0,0,faible
7,2026-05-23 12:00:00,12,5,0,0,faible
8,2026-05-23 12:00:00,12,5,0,4,faible
9,2026-05-23 12:00:00,12,5,0,1,faible
10,2026-05-23 12:00:00,12,5,0,5,moyen
11,2026-05-23 12:00:00,12,5,0,0,faible
12,2026-05-23 12:00:00,12,5,0,4,faible
13,2026-05-23 12:00:00,12,5,1,15,moyen
14,2026-05-23 12:00:00,12,5,0,4,faible
15,2026-05-23 12:00:00,12,5,1,11,moyen
16,2026-05-23 12:00:00,12,5,0,8,faible
17,2026-05-23 12:00:00,12,5,1,11,moyen
1,2026-05-23 13:00:00,13,5,0,24,faible
2,2026-05-23 13:00:00,13,5,0,7,moyen
3,2026-05-23 13:00:00,13,5,1,23,moyen
4,2026-05-23 13:00:00,13,5,1,31,moyen
5,2026-05-23 13:00:00,13,5,1,26,moyen
6,2026-05-23 13:00:00,13,5,1,36,moyen
7,2026-05-23 13:00:00,13,5,0,0,faible
8,2026-05-23 13:00:00,13,5,0,4,faible
9,2026-05-23 13:00:00,13,5,0,0,faible
10,2026-05-23 13:00:00,13,5,0,3,faible
11,2026-05-23 13:00:00,13,5,0,0,faible
12,2026-05-23 13:00:00,13,5,0,3,faible
13,2026-05-23 13:00:00,13,5,0,0,faible
14,2026-05-23 13:00:00,13,5,1,8,faible
15,2026-05-23 13:00:00,13,5,0,10,moyen
16,2026-05-23 13:00:00,13,5,0,4,faible
17,2026-05-23 13:00:00,13,5,0,0,faible
1,2026-05-23 14:00:00,14,5,0,3,faible
2,2026-05-23 14:00:00,14,5,0,0,faible
3,2026-05-23 14:00:00,14,5,1,21,moyen
4,2026-05-23 14:00:00,14,5,0,0,faible
5,2026-05-23 14:00:00,14,5,1,30,moyen
6,2026-05-23 14:00:00,14,5,0,3,faible
7,2026-05-23 14:00:00,14,5,0,4,faible
8,2026-05-23 14:00:00,14,5,0,3,faible
9,2026-05-23 14:00:00,14,5,0,3,faible
10,2026-05-23 14:00:00,14,5,0,0,faible
11,2026-05-23 14:00:00,14,5,0,0,faible
12,2026-05-23 14:00:00,14,5,1,19,moyen
13,2026-05-23 14:00:00,14,5,1,13,moyen
14,2026-05-23 14:00:00,14,5,1,10,moyen
15,2026-05-23 14:00:00,14,5,1,14,moyen
16,2026-05-23 14:00:00,14,5,0,4,faible
17,2026-05-23 14:00:00,14,5,0,8,faible
1,2026-05-23 15:00:00,15,5,0,1,faible
2,2026-05-23 15:00:00,15,5,0,5,faible
3,2026-05-23 15:00:00,15,5,1,28,moyen
4,2026-05-23 15:00:00,15,5,0,1,faible
5,2026-05-23 15:00:00,15,5,0,2,faible
6,2026-05-23 15:00:00,15,5,1,37,moyen
7,2026-05-23 15:00:00,15,5,0,2,faible
8,2026-05-23 15:00:00,15,5,0,2,faible
9,2026-05-23 15:00:00,15,5,0,4,faible
10,2026-05-23 15:00:00,15,5,0,4,faible
11,2026-05-23 15:00:00,15,5,0,0,faible
12,2026-05-23 15:00:00,15,5,0,1,faible
13,2026-05-23 15:00:00,15,5,0,1,faible
14,2026-05-23 15:00:00,15,5,0,5,faible
15,2026-05-23 15:00:00,15,5,0,0,faible
16,2026-05-23 15:00:00,15,5,0,3,faible
17,2026-05-23 15:00:00,15,5,1,13,moyen
1,2026-05-23 16:00:00,16,5,0,18,faible
2,2026-05-23 16:00:00,16,5,0,5,faible
3,2026-05-23 16:00:00,16,5,1,28,moyen
4,2026-05-23 16:00:00,16,5,1,37,moyen
5,2026-05-23 16:00:00,16,5,0,3,faible
6,2026-05-23 16:00:00,16,5,0,5,faible
7,2026-05-23 16:00:00,16,5,0,0,faible
8,2026-05-23 16:00:00,16,5,0,1,faible
9,2026-05-23 16:00:00,16,5,0,1,faible
10,2026-05-23 16:00:00,16,5,0,4,faible
11,2026-05-23 16:00:00,16,5,0,4,faible
12,2026-05-23 16:00:00,16,5,0,2,faible
13,2026-05-23 16:00:00,16,5,1,12,moyen
14,2026-05-23 16:00:00,16,5,0,0,faible
15,2026-05-23 16:00:00,16,5,1,14,moyen
16,2026-05-23 16:00:00,16,5,1,19,moyen
17,2026-05-23 16:00:00,16,5,0,2,faible
1,2026-05-23 17:00:00,17,5,0,19,faible
2,2026-05-23 17:00:00,17,5,0,4,faible
3,2026-05-23 17:00:00,17,5,1,30,moyen
4,2026-05-23 17:00:00,17,5,0,0,faible
5,2026-05-23 17:00:00,17,5,1,21,moyen
6,2026-05-23 17:00:00,17,5,0,6,faible
7,2026-05-23 17:00:00,17,5,0,5,moyen
8,2026-05-23 17:00:00,17,5,0,3,faible
9,2026-05-23 17:00:00,17,5,0,3,faible
10,2026-05-23 17:00:00,17,5,0,2,faible
11,2026-05-23 17:00:00,17,5,0,5,moyen
12,2026-05-23 17:00:00,17,5,0,7,faible
13,2026-05-23 17:00:00,17,5,0,5,faible
14,2026-05-23 17:00:00,17,5,1,21,moyen
15,2026-05-23 17:00:00,17,5,1,13,moyen
16,2026-05-23 17:00:00,17,5,1,19,moyen
17,2026-05-23 17:00:00,17,5,1,16,moyen
1,2026-05-23 18:00:00,18,5,0,0,faible
2,2026-05-23 18:00:00,18,5,0,5,faible
3,2026-05-23 18:00:00,18,5,1,31,moyen
4,2026-05-23 18:00:00,18,5,0,0,faible
5,2026-05-23 18:00:00,18,5,1,39,moyen
6,2026-05-23 18:00:00,18,5,0,0,faible
7,2026-05-23 18:00:00,18,5,0,4,faible
8,2026-05-23 18:00:00,18,5,0,0,faible
9,2026-05-23 18:00:00,18,5,0,4,faible
10,2026-05-23 18:00:00,18,5,0,1,faible
11,2026-05-23 18:00:00,18,5,0,3,faible
12,2026-05-23 18:00:00,18,5,1,14,moyen
13,2026-05-23 18:00:00,18,5,0,0,faible
14,2026-05-23 18:00:00,18,5,0,0,faible
15,2026-05-23 18:00:00,18,5,1,19,moyen
16,2026-05-23 18:00:00,18,5,1,19,moyen
17,2026-05-23 18:00:00,18,5,0,2,faible
1,2026-05-23 19:00:00,19,5,0,22,faible
2,2026-05-23 19:00:00,19,5,0,0,faible
3,2026-05-23 19:00:00,19,5,1,35,moyen
4,2026-05-23 19:00:00,19,5,0,13,faible
5,2026-05-23 19:00:00,19,5,0,5,faible
6,2026-05-23 19:00:00,19,5,1,35,moyen
7,2026-05-23 19:00:00,19,5,0,5,moyen
8,2026-05-23 19:00:00,19,5,0,3,faible
9,2026-05-23 19:00:00,19,5,0,0,faible
10,2026-05-23 19:00:00,19,5,0,3,faible
11,2026-05-23 19:00:00,19,5,0,4,faible
12,2026-05-23 19:00:00,19,5,1,7,faible
13,2026-05-23 19:00:00,19,5,0,10,moyen
14,2026-05-23 19:00:00,19,5,1,12,moyen
15,2026-05-23 19:00:00,19,5,0,6,faible
16,2026-05-23 19:00:00,19,5,0,0,faible
17,2026-05-23 19:00:00,19,5,0,3,faible
1,2026-05-23 20:00:00,20,5,0,0,faible
2,2026-05-23 20:00:00,20,5,0,3,faible
3,2026-05-23 20:00:00,20,5,0,8,faible
4,2026-05-23 20:00:00,20,5,1,37,moyen
5,2026-05-23 20:00:00,20,5,0,0,faible
6,2026-05-23 20:00:00,20,5,1,27,moyen
7,2026-05-23 20:00:00,20,5,0,2,faible
8,2026-05-23 20:00:00,20,5,0,0,faible
9,2026-05-23 20:00:00,20,5,0,0,faible
10,2026-05-23 20:00:00,20,5,0,0,faible
11,2026-05-23 20:00:00,20,5,0,4,faible
12,2026-05-23 20:00:00,20,5,1,10,moyen
13,2026-05-23 20:00:00,20,5,1,23,eleve
14,2026-05-23 20:00:00,20,5,1,19,moyen
15,2026-05-23 20:00:00,20,5,0,3,faible
16,2026-05-23 20:00:00,20,5,1,18,moyen
17,2026-05-23 20:00:00,20,5,1,14,moyen
1,2026-05-23 21:00:00,21,5,0,11,faible
2,2026-05-23 21:00:00,21,5,0,1,faible
3,2026-05-23 21:00:00,21,5,1,24,moyen
4,2026-05-23 21:00:00,21,5,0,8,faible
5,2026-05-23 21:00:00,21,5,1,28,moyen
6,2026-05-23 21:00:00,21,5,0,7,faible
7,2026-05-23 21:00:00,21,5,0,5,moyen
8,2026-05-23 21:00:00,21,5,0,0,faible
9,2026-05-23 21:00:00,21,5,0,5,moyen
10,2026-05-23 21:00:00,21,5,0,0,faible
11,2026-05-23 21:00:00,21,5,0,3,faible
12,2026-05-23 21:00:00,21,5,0,3,faible
13,2026-05-23 21:00:00,21,5,1,9,moyen
14,2026-05-23 21:00:00,21,5,0,6,faible
15,2026-05-23 21:00:00,21,5,1,16,moyen
16,2026-05-23 21:00:00,21,5,0,4,faible
17,2026-05-23 21:00:00,21,5,0,7,faible
1,2026-05-25 07:00:00,7,0,1,95,eleve
2,2026-05-25 07:00:00,7,0,0,6,moyen
3,2026-05-25 07:00:00,7,0,1,34,moyen
4,2026-05-25 07:00:00,7,0,0,0,faible
5,2026-05-25 07:00:00,7,0,0,4,faible
6,2026-05-25 07:00:00,7,0,1,56,eleve
7,2026-05-25 07:00:00,7,0,0,2,faible
8,2026-05-25 07:00:00,7,0,0,5,moyen
9,2026-05-25 07:00:00,7,0,0,2,faible
10,2026-05-25 07:00:00,7,0,0,2,faible
11,2026-05-25 07:00:00,7,0,0,3,faible
12,2026-05-25 07:00:00,7,0,0,6,faible
13,2026-05-25 07:00:00,7,0,0,9,moyen
14,2026-05-25 07:00:00,7,0,0,4,faible
15,2026-05-25 07:00:00,7,0,0,7,faible
16,2026-05-25 07:00:00,7,0,1,16,moyen
17,2026-05-25 07:00:00,7,0,0,2,faible
1,2026-05-25 08:00:00,8,0,1,117,eleve
2,2026-05-25 08:00:00,8,0,0,2,faible
3,2026-05-25 08:00:00,8,0,0,0,faible
4,2026-05-25 08:00:00,8,0,1,48,eleve
5,2026-05-25 08:00:00,8,0,1,50,eleve
6,2026-05-25 08:00:00,8,0,0,7,faible
7,2026-05-25 08:00:00,8,0,0,0,faible
8,2026-05-25 08:00:00,8,0,0,5,moyen
9,2026-05-25 08:00:00,8,0,0,0,faible
10,2026-05-25 08:00:00,8,0,0,0,faible
11,2026-05-25 08:00:00,8,0,0,0,faible
12,2026-05-25 08:00:00,8,0,0,6,faible
13,2026-05-25 08:00:00,8,0,0,12,moyen
14,2026-05-25 08:00:00,8,0,0,0,faible
15,2026-05-25 08:00:00,8,0,1,20,moyen
16,2026-05-25 08:00:00,8,0,1,23,eleve
17,2026-05-25 08:00:00,8,0,1,21,moyen
1,2026-05-25 09:00:00,9,0,1,88,eleve
2,2026-05-25 09:00:00,9,0,0,4,faible
3,2026-05-25 09:00:00,9,0,0,18,moyen
4,2026-05-25 09:00:00,9,0,0,19,moyen
5,2026-05-25 09:00:00,9,0,0,4,faible
6,2026-05-25 09:00:00,9,0,1,48,eleve
7,2026-05-25 09:00:00,9,0,0,1,faible
8,2026-05-25 09:00:00,9,0,0,0,faible
9,2026-05-25 09:00:00,9,0,0,3,faible
10,2026-05-25 09:00:00,9,0,0,0,faible
11,2026-05-25 09:00:00,9,0,0,0,faible
12,2026-05-25 09:00:00,9,0,0,9,moyen
13,2026-05-25 09:00:00,9,0,0,7,faible
14,2026-05-25 09:00:00,9,0,1,21,moyen
15,2026-05-25 09:00:00,9,0,0,10,moyen
16,2026-05-25 09:00:00,9,0,1,28,eleve
17,2026-05-25 09:00:00,9,0,0,0,faible
1,2026-05-25 10:00:00,10,0,1,98,eleve
2,2026-05-25 10:00:00,10,0,0,0,faible
3,2026-05-25 10:00:00,10,0,1,47,eleve
4,2026-05-25 10:00:00,10,0,1,50,eleve
5,2026-05-25 10:00:00,10,0,1,40,moyen
6,2026-05-25 10:00:00,10,0,1,55,eleve
7,2026-05-25 10:00:00,10,0,0,1,faible
8,2026-05-25 10:00:00,10,0,0,2,faible
9,2026-05-25 10:00:00,10,0,0,1,faible
10,2026-05-25 10:00:00,10,0,0,4,faible
11,2026-05-25 10:00:00,10,0,0,3,faible
12,2026-05-25 10:00:00,10,0,1,26,eleve
13,2026-05-25 10:00:00,10,0,1,18,moyen
14,2026-05-25 10:00:00,10,0,1,26,eleve
15,2026-05-25 10:00:00,10,0,1,14,moyen
16,2026-05-25 10:00:00,10,0,0,4,faible
17,2026-05-25 10:00:00,10,0,1,24,eleve
1,2026-05-25 11:00:00,11,0,1,91,eleve
2,2026-05-25 11:00:00,11,0,0,0,faible
3,2026-05-25 11:00:00,11,0,0,7,faible
4,2026-05-25 11:00:00,11,0,1,58,eleve
5,2026-05-25 11:00:00,11,0,0,15,faible
6,2026-05-25 11:00:00,11,0,0,7,faible
7,2026-05-25 11:00:00,11,0,0,0,faible
8,2026-05-25 11:00:00,11,0,0,0,faible
9,2026-05-25 11:00:00,11,0,0,0,faible
10,2026-05-25 11:00:00,11,0,0,0,faible
11,2026-05-25 11:00:00,11,0,0,7,moyen
12,2026-05-25 11:00:00,11,0,0,9,moyen
13,2026-05-25 11:00:00,11,0,1,24,eleve
14,2026-05-25 11:00:00,11,0,1,25,eleve
15,2026-05-25 11:00:00,11,0,0,2,faible
16,2026-05-25 11:00:00,11,0,1,16,moyen
17,2026-05-25 11:00:00,11,0,1,16,moyen
1,2026-05-25 12:00:00,12,0,1,79,moyen
2,2026-05-25 12:00:00,12,0,0,2,faible
3,2026-05-25 12:00:00,12,0,1,34,moyen
4,2026-05-25 12:00:00,12,0,0,0,faible
5,2026-05-25 12:00:00,12,0,1,39,moyen
6,2026-05-25 12:00:00,12,0,0,15,faible
7,2026-05-25 12:00:00,12,0,0,0,faible
8,2026-05-25 12:00:00,12,0,0,0,faible
9,2026-05-25 12:00:00,12,0,0,4,faible
10,2026-05-25 12:00:00,12,0,0,9,moyen
11,2026-05-25 12:00:00,12,0,0,0,faible
12,2026-05-25 12:00:00,12,0,0,12,moyen
13,2026-05-25 12:00:00,12,0,0,5,faible
14,2026-05-25 12:00:00,12,0,0,1,faible
15,2026-05-25 12:00:00,12,0,0,0,faible
16,2026-05-25 12:00:00,12,0,0,2,faible
17,2026-05-25 12:00:00,12,0,0,1,faible
1,2026-05-25 13:00:00,13,0,1,100,eleve
2,2026-05-25 13:00:00,13,0,0,0,faible
3,2026-05-25 13:00:00,13,0,0,0,faible
4,2026-05-25 13:00:00,13,0,1,46,eleve
5,2026-05-25 13:00:00,13,0,1,52,eleve
6,2026-05-25 13:00:00,13,0,1,44,eleve
7,2026-05-25 13:00:00,13,0,0,2,faible
8,2026-05-25 13:00:00,13,0,0,0,faible
9,2026-05-25 13:00:00,13,0,0,8,moyen
10,2026-05-25 13:00:00,13,0,0,7,moyen
11,2026-05-25 13:00:00,13,0,0,5,moyen
12,2026-05-25 13:00:00,13,0,1,27,eleve
13,2026-05-25 13:00:00,13,0,1,15,moyen
14,2026-05-25 13:00:00,13,0,0,5,faible
15,2026-05-25 13:00:00,13,0,0,2,faible
16,2026-05-25 13:00:00,13,0,0,0,faible
17,2026-05-25 13:00:00,13,0,1,27,eleve
1,2026-05-25 14:00:00,14,0,1,90,eleve
2,2026-05-25 14:00:00,14,0,0,3,faible
3,2026-05-25 14:00:00,14,0,1,56,eleve
4,2026-05-25 14:00:00,14,0,1,48,eleve
5,2026-05-25 14:00:00,14,0,1,41,moyen
6,2026-05-25 14:00:00,14,0,0,10,faible
7,2026-05-25 14:00:00,14,0,0,4,faible
8,2026-05-25 14:00:00,14,0,0,3,faible
9,2026-05-25 14:00:00,14,0,0,1,faible
10,2026-05-25 14:00:00,14,0,0,7,moyen
11,2026-05-25 14:00:00,14,0,0,6,moyen
12,2026-05-25 14:00:00,14,0,0,6,faible
13,2026-05-25 14:00:00,14,0,1,27,eleve
14,2026-05-25 14:00:00,14,0,0,5,faible
15,2026-05-25 14:00:00,14,0,0,3,faible
16,2026-05-25 14:00:00,14,0,0,5,faible
17,2026-05-25 14:00:00,14,0,1,25,eleve
1,2026-05-25 15:00:00,15,0,1,90,eleve
2,2026-05-25 15:00:00,15,0,0,6,moyen
3,2026-05-25 15:00:00,15,0,1,57,eleve
4,2026-05-25 15:00:00,15,0,0,15,faible
5,2026-05-25 15:00:00,15,0,0,8,faible
6,2026-05-25 15:00:00,15,0,1,45,eleve
7,2026-05-25 15:00:00,15,0,0,1,faible
8,2026-05-25 15:00:00,15,0,0,3,faible
9,2026-05-25 15:00:00,15,0,0,6,moyen
10,2026-05-25 15:00:00,15,0,0,1,faible
11,2026-05-25 15:00:00,15,0,0,2,faible
12,2026-05-25 15:00:00,15,0,1,22,eleve
13,2026-05-25 15:00:00,15,0,1,23,eleve
14,2026-05-25 15:00:00,15,0,0,7,faible
15,2026-05-25 15:00:00,15,0,1,18,moyen
16,2026-05-25 15:00:00,15,0,1,21,moyen
17,2026-05-25 15:00:00,15,0,1,26,eleve
1,2026-05-25 16:00:00,16,0,1,91,eleve
2,2026-05-25 16:00:00,16,0,0,3,faible
3,2026-05-25 16:00:00,16,0,0,8,faible
4,2026-05-25 16:00:00,16,0,0,21,moyen
5,2026-05-25 16:00:00,16,0,1,53,eleve
6,2026-05-25 16:00:00,16,0,1,38,moyen
7,2026-05-25 16:00:00,16,0,0,4,faible
8,2026-05-25 16:00:00,16,0,0,0,faible
9,2026-05-25 16:00:00,16,0,0,0,faible
10,2026-05-25 16:00:00,16,0,0,3,faible
11,2026-05-25 16:00:00,16,0,0,5,moyen
12,2026-05-25 16:00:00,16,0,1,26,eleve
13,2026-05-25 16:00:00,16,0,0,12,moyen
14,2026-05-25 16:00:00,16,0,1,27,eleve
15,2026-05-25 16:00:00,16,0,1,25,eleve
16,2026-05-25 16:00:00,16,0,0,0,faible
17,2026-05-25 16:00:00,16,0,1,26,eleve
1,2026-05-25 17:00:00,17,0,1,97,eleve
2,2026-05-25 17:00:00,17,0,0,6,moyen
3,2026-05-25 17:00:00,17,0,1,50,eleve
4,2026-05-25 17:00:00,17,0,0,9,faible
5,2026-05-25 17:00:00,17,0,0,5,faible
6,2026-05-25 17:00:00,17,0,1,49,eleve
7,2026-05-25 17:00:00,17,0,0,0,faible
8,2026-05-25 17:00:00,17,0,0,3,faible
9,2026-05-25 17:00:00,17,0,0,0,faible
10,2026-05-25 17:00:00,17,0,0,5,moyen
11,2026-05-25 17:00:00,17,0,0,4,faible
12,2026-05-25 17:00:00,17,0,0,1,faible
13,2026-05-25 17:00:00,17,0,1,17,moyen
14,2026-05-25 17:00:00,17,0,1,26,eleve
15,2026-05-25 17:00:00,17,0,1,18,moyen
16,2026-05-25 17:00:00,17,0,1,20,moyen
17,2026-05-25 17:00:00,17,0,1,29,eleve
1,2026-05-25 18:00:00,18,0,1,89,eleve
2,2026-05-25 18:00:00,18,0,0,8,moyen
3,2026-05-25 18:00:00,18,0,1,42,moyen
4,2026-05-25 18:00:00,18,0,0,18,moyen
5,2026-05-25 18:00:00,18,0,1,46,eleve
6,2026-05-25 18:00:00,18,0,0,23,moyen
7,2026-05-25 18:00:00,18,0,0,5,moyen
8,2026-05-25 18:00:00,18,0,0,2,faible
9,2026-05-25 18:00:00,18,0,0,0,faible
10,2026-05-25 18:00:00,18,0,0,0,faible
11,2026-05-25 18:00:00,18,0,0,0,faible
12,2026-05-25 18:00:00,18,0,0,0,faible
13,2026-05-25 18:00:00,18,0,1,24,eleve
14,2026-05-25 18:00:00,18,0,1,27,eleve
15,2026-05-25 18:00:00,18,0,0,6,faible
16,2026-05-25 18:00:00,18,0,1,19,moyen
17,2026-05-25 18:00:00,18,0,0,12,moyen
1,2026-05-25 19:00:00,19,0,1,99,eleve
2,2026-05-25 19:00:00,19,0,0,2,faible
3,2026-05-25 19:00:00,19,0,0,8,faible
4,2026-05-25 19:00:00,19,0,1,41,moyen
5,2026-05-25 19:00:00,19,0,1,43,eleve
6,2026-05-25 19:00:00,19,0,0,11,faible
7,2026-05-25 19:00:00,19,0,0,5,moyen
8,2026-05-25 19:00:00,19,0,0,0,faible
9,2026-05-25 19:00:00,19,0,0,5,moyen
10,2026-05-25 19:00:00,19,0,0,2,faible
11,2026-05-25 19:00:00,19,0,0,1,faible
12,2026-05-25 19:00:00,19,0,1,30,eleve
13,2026-05-25 19:00:00,19,0,1,14,moyen
14,2026-05-25 19:00:00,19,0,0,0,faible
15,2026-05-25 19:00:00,19,0,1,17,moyen
16,2026-05-25 19:00:00,19,0,1,26,eleve
17,2026-05-25 19:00:00,19,0,0,7,faible
1,2026-05-25 20:00:00,20,0,1,106,eleve
2,2026-05-25 20:00:00,20,0,0,4,faible
3,2026-05-25 20:00:00,20,0,1,39,moyen
4,2026-05-25 20:00:00,20,0,0,17,faible
5,2026-05-25 20:00:00,20,0,1,52,eleve
6,2026-05-25 20:00:00,20,0,1,43,eleve
7,2026-05-25 20:00:00,20,0,0,0,faible
8,2026-05-25 20:00:00,20,0,0,4,faible
9,2026-05-25 20:00:00,20,0,0,3,faible
10,2026-05-25 20:00:00,20,0,0,2,faible
11,2026-05-25 20:00:00,20,0,0,3,faible
12,2026-05-25 20:00:00,20,0,0,0,faible
13,2026-05-25 20:00:00,20,0,1,14,moyen
14,2026-05-25 20:00:00,20,0,1,17,moyen
15,2026-05-25 20:00:00,20,0,0,7,faible
16,2026-05-25 20:00:00,20,0,1,28,eleve
17,2026-05-25 20:00:00,20,0,1,22,eleve
1,2026-05-25 21:00:00,21,0,1,69,moyen
2,2026-05-25 21:00:00,21,0,0,4,faible
3,2026-05-25 21:00:00,21,0,0,14,faible
4,2026-05-25 21:00:00,21,0,1,37,moyen
5,2026-05-25 21:00:00,21,0,1,51,eleve
6,2026-05-25 21:00:00,21,0,0,17,faible
7,2026-05-25 21:00:00,21,0,0,5,moyen
8,2026-05-25 21:00:00,21,0,0,2,faible
9,2026-05-25 21:00:00,21,0,0,6,moyen
10,2026-05-25 21:00:00,21,0,0,0,faible
11,2026-05-25 21:00:00,21,0,0,5,moyen
12,2026-05-25 21:00:00,21,0,1,22,eleve
13,2026-05-25 21:00:00,21,0,0,1,faible
14,2026-05-25 21:00:00,21,0,0,6,faible
15,2026-05-25 21:00:00,21,0,1,21,moyen
16,2026-05-25 21:00:00,21,0,0,12,moyen
17,2026-05-25 21:00:00,21,0,1,28,eleve
1,2026-05-26 07:00:00,7,1,0,13,faible
2,2026-05-26 07:00:00,7,1,0,5,faible
3,2026-05-26 07:00:00,7,1,0,0,faible
4,2026-05-26 07:00:00,7,1,1,57,eleve
5,2026-05-26 07:00:00,7,1,1,44,eleve
6,2026-05-26 07:00:00,7,1,0,2,faible
7,2026-05-26 07:00:00,7,1,1,9,moyen
8,2026-05-26 07:00:00,7,1,1,5,moyen
9,2026-05-26 07:00:00,7,1,1,14,eleve
10,2026-05-26 07:00:00,7,1,1,11,eleve
11,2026-05-26 07:00:00,7,1,1,14,eleve
12,2026-05-26 07:00:00,7,1,1,26,eleve
13,2026-05-26 07:00:00,7,1,0,5,faible
14,2026-05-26 07:00:00,7,1,0,15,moyen
15,2026-05-26 07:00:00,7,1,0,8,faible
16,2026-05-26 07:00:00,7,1,1,25,eleve
17,2026-05-26 07:00:00,7,1,1,27,eleve
1,2026-05-26 08:00:00,8,1,0,3,faible
2,2026-05-26 08:00:00,8,1,0,0,faible
3,2026-05-26 08:00:00,8,1,1,52,eleve
4,2026-05-26 08:00:00,8,1,0,14,faible
5,2026-05-26 08:00:00,8,1,0,21,moyen
6,2026-05-26 08:00:00,8,1,1,40,moyen
7,2026-05-26 08:00:00,8,1,1,8,moyen
8,2026-05-26 08:00:00,8,1,1,15,eleve
9,2026-05-26 08:00:00,8,1,1,10,moyen
10,2026-05-26 08:00:00,8,1,1,15,eleve
11,2026-05-26 08:00:00,8,1,1,7,moyen
12,2026-05-26 08:00:00,8,1,0,4,faible
13,2026-05-26 08:00:00,8,1,1,23,eleve
14,2026-05-26 08:00:00,8,1,1,23,eleve
15,2026-05-26 08:00:00,8,1,1,20,moyen
16,2026-05-26 08:00:00,8,1,1,22,eleve
17,2026-05-26 08:00:00,8,1,1,24,eleve
1,2026-05-26 09:00:00,9,1,0,38,moyen
2,2026-05-26 09:00:00,9,1,0,2,faible
3,2026-05-26 09:00:00,9,1,1,48,eleve
4,2026-05-26 09:00:00,9,1,0,0,faible
5,2026-05-26 09:00:00,9,1,0,25,moyen
6,2026-05-26 09:00:00,9,1,0,8,faible
7,2026-05-26 09:00:00,9,1,1,9,moyen
8,2026-05-26 09:00:00,9,1,1,10,moyen
9,2026-05-26 09:00:00,9,1,1,13,eleve
10,2026-05-26 09:00:00,9,1,1,8,moyen
11,2026-05-26 09:00:00,9,1,1,15,eleve
12,2026-05-26 09:00:00,9,1,1,18,moyen
13,2026-05-26 09:00:00,9,1,1,18,moyen
14,2026-05-26 09:00:00,9,1,0,12,moyen
15,2026-05-26 09:00:00,9,1,1,27,eleve
16,2026-05-26 09:00:00,9,1,1,17,moyen
17,2026-05-26 09:00:00,9,1,0,11,moyen
1,2026-05-26 10:00:00,10,1,0,9,faible
2,2026-05-26 10:00:00,10,1,0,3,faible
3,2026-05-26 10:00:00,10,1,0,12,faible
4,2026-05-26 10:00:00,10,1,1,45,eleve
5,2026-05-26 10:00:00,10,1,0,0,faible
6,2026-05-26 10:00:00,10,1,0,16,faible
7,2026-05-26 10:00:00,10,1,1,14,eleve
8,2026-05-26 10:00:00,10,1,1,12,eleve
9,2026-05-26 10:00:00,10,1,1,13,eleve
10,2026-05-26 10:00:00,10,1,1,12,eleve
11,2026-05-26 10:00:00,10,1,1,13,eleve
12,2026-05-26 10:00:00,10,1,0,2,faible
13,2026-05-26 10:00:00,10,1,0,6,faible
14,2026-05-26 10:00:00,10,1,0,6,faible
15,2026-05-26 10:00:00,10,1,1,23,eleve
16,2026-05-26 10:00:00,10,1,0,0,faible
17,2026-05-26 10:00:00,10,1,0,7,faible
1,2026-05-26 11:00:00,11,1,0,41,moyen
2,2026-05-26 11:00:00,11,1,0,0,faible
3,2026-05-26 11:00:00,11,1,0,7,faible
4,2026-05-26 11:00:00,11,1,1,34,moyen
5,2026-05-26 11:00:00,11,1,0,5,faible
6,2026-05-26 11:00:00,11,1,0,15,faible
7,2026-05-26 11:00:00,11,1,1,12,eleve
8,2026-05-26 11:00:00,11,1,1,10,moyen
9,2026-05-26 11:00:00,11,1,1,14,eleve
10,2026-05-26 11:00:00,11,1,1,6,moyen
11,2026-05-26 11:00:00,11,1,1,13,eleve
12,2026-05-26 11:00:00,11,1,1,15,moyen
13,2026-05-26 11:00:00,11,1,1,26,eleve
14,2026-05-26 11:00:00,11,1,0,0,faible
15,2026-05-26 11:00:00,11,1,0,8,faible
16,2026-05-26 11:00:00,11,1,0,13,moyen
17,2026-05-26 11:00:00,11,1,0,2,faible
1,2026-05-26 12:00:00,12,1,0,24,faible
2,2026-05-26 12:00:00,12,1,0,3,faible
3,2026-05-26 12:00:00,12,1,0,4,faible
4,2026-05-26 12:00:00,12,1,1,55,eleve
5,2026-05-26 12:00:00,12,1,0,18,moyen
6,2026-05-26 12:00:00,12,1,1,46,eleve
7,2026-05-26 12:00:00,12,1,1,10,moyen
8,2026-05-26 12:00:00,12,1,1,12,eleve
9,2026-05-26 12:00:00,12,1,1,7,moyen
10,2026-05-26 12:00:00,12,1,1,10,moyen
11,2026-05-26 12:00:00,12,1,1,6,moyen
12,2026-05-26 12:00:00,12,1,0,3,faible
13,2026-05-26 12:00:00,12,1,0,1,faible
14,2026-05-26 12:00:00,12,1,1,15,moyen
15,2026-05-26 12:00:00,12,1,1,28,eleve
16,2026-05-26 12:00:00,12,1,0,0,faible
17,2026-05-26 12:00:00,12,1,0,13,moyen
1,2026-05-26 13:00:00,13,1,0,28,faible
2,2026-05-26 13:00:00,13,1,0,0,faible
3,2026-05-26 13:00:00,13,1,1,45,eleve
4,2026-05-26 13:00:00,13,1,1,45,eleve
5,2026-05-26 13:00:00,13,1,0,0,faible
6,2026-05-26 13:00:00,13,1,0,21,moyen
7,2026-05-26 13:00:00,13,1,1,11,eleve
8,2026-05-26 13:00:00,13,1,1,13,eleve
9,2026-05-26 13:00:00,13,1,1,11,eleve
10,2026-05-26 13:00:00,13,1,1,15,eleve
11,2026-05-26 13:00:00,13,1,1,14,eleve
12,2026-05-26 13:00:00,13,1,0,2,faible
13,2026-05-26 13:00:00,13,1,0,5,faible
14,2026-05-26 13:00:00,13,1,0,14,moyen
15,2026-05-26 13:00:00,13,1,1,16,moyen
16,2026-05-26 13:00:00,13,1,1,21,moyen
17,2026-05-26 13:00:00,13,1,1,23,eleve
1,2026-05-26 14:00:00,14,1,0,7,faible
2,2026-05-26 14:00:00,14,1,0,0,faible
3,2026-05-26 14:00:00,14,1,1,47,eleve
4,2026-05-26 14:00:00,14,1,0,7,faible
5,2026-05-26 14:00:00,14,1,0,12,faible
6,2026-05-26 14:00:00,14,1,1,53,eleve
7,2026-05-26 14:00:00,14,1,1,7,moyen
8,2026-05-26 14:00:00,14,1,1,14,eleve
9,2026-05-26 14:00:00,14,1,1,8,moyen
10,2026-05-26 14:00:00,14,1,1,6,moyen
11,2026-05-26 14:00:00,14,1,1,6,moyen
12,2026-05-26 14:00:00,14,1,0,2,faible
13,2026-05-26 14:00:00,14,1,0,5,faible
14,2026-05-26 14:00:00,14,1,1,22,eleve
15,2026-05-26 14:00:00,14,1,0,12,moyen
16,2026-05-26 14:00:00,14,1,1,15,moyen
17,2026-05-26 14:00:00,14,1,1,14,moyen
1,2026-05-26 15:00:00,15,1,0,3,faible
2,2026-05-26 15:00:00,15,1,0,5,faible
3,2026-05-26 15:00:00,15,1,1,42,moyen
4,2026-05-26 15:00:00,15,1,1,45,eleve
5,2026-05-26 15:00:00,15,1,1,44,eleve
6,2026-05-26 15:00:00,15,1,1,53,eleve
7,2026-05-26 15:00:00,15,1,1,15,eleve
8,2026-05-26 15:00:00,15,1,1,11,eleve
9,2026-05-26 15:00:00,15,1,1,15,eleve
10,2026-05-26 15:00:00,15,1,1,4,faible
11,2026-05-26 15:00:00,15,1,1,15,eleve
12,2026-05-26 15:00:00,15,1,0,14,moyen
13,2026-05-26 15:00:00,15,1,1,21,moyen
14,2026-05-26 15:00:00,15,1,0,11,moyen
15,2026-05-26 15:00:00,15,1,1,26,eleve
16,2026-05-26 15:00:00,15,1,0,0,faible
17,2026-05-26 15:00:00,15,1,1,20,moyen
1,2026-05-26 16:00:00,16,1,0,11,faible
2,2026-05-26 16:00:00,16,1,0,5,faible
3,2026-05-26 16:00:00,16,1,1,41,moyen
4,2026-05-26 16:00:00,16,1,1,50,eleve
5,2026-05-26 16:00:00,16,1,0,19,moyen
6,2026-05-26 16:00:00,16,1,0,0,faible
7,2026-05-26 16:00:00,16,1,1,6,moyen
8,2026-05-26 16:00:00,16,1,1,11,eleve
9,2026-05-26 16:00:00,16,1,1,6,moyen
10,2026-05-26 16:00:00,16,1,1,7,moyen
11,2026-05-26 16:00:00,16,1,1,8,moyen
12,2026-05-26 16:00:00,16,1,1,18,moyen
13,2026-05-26 16:00:00,16,1,0,5,faible
14,2026-05-26 16:00:00,16,1,1,23,eleve
15,2026-05-26 16:00:00,16,1,0,8,faible
16,2026-05-26 16:00:00,16,1,0,2,faible
17,2026-05-26 16:00:00,16,1,1,28,eleve
1,2026-05-26 17:00:00,17,1,0,26,faible
2,2026-05-26 17:00:00,17,1,0,2,faible
3,2026-05-26 17:00:00,17,1,0,0,faible
4,2026-05-26 17:00:00,17,1,0,3,faible
5,2026-05-26 17:00:00,17,1,0,15,faible
6,2026-05-26 17:00:00,17,1,1,50,eleve
7,2026-05-26 17:00:00,17,1,1,8,moyen
8,2026-05-26 17:00:00,17,1,1,7,moyen
9,2026-05-26 17:00:00,17,1,1,11,eleve
10,2026-05-26 17:00:00,17,1,1,15,eleve
11,2026-05-26 17:00:00,17,1,1,14,eleve
12,2026-05-26 17:00:00,17,1,1,15,moyen
13,2026-05-26 17:00:00,17,1,0,8,faible
14,2026-05-26 17:00:00,17,1,1,30,eleve
15,2026-05-26 17:00:00,17,1,1,24,eleve
16,2026-05-26 17:00:00,17,1,1,20,moyen
17,2026-05-26 17:00:00,17,1,1,21,moyen
1,2026-05-26 18:00:00,18,1,0,16,faible
2,2026-05-26 18:00:00,18,1,0,9,moyen
3,2026-05-26 18:00:00,18,1,1,40,moyen
4,2026-05-26 18:00:00,18,1,1,40,moyen
5,2026-05-26 18:00:00,18,1,0,12,faible
6,2026-05-26 18:00:00,18,1,0,11,faible
7,2026-05-26 18:00:00,18,1,1,10,moyen
8,2026-05-26 18:00:00,18,1,1,13,eleve
9,2026-05-26 18:00:00,18,1,1,12,eleve
10,2026-05-26 18:00:00,18,1,1,8,moyen
11,2026-05-26 18:00:00,18,1,1,13,eleve
12,2026-05-26 18:00:00,18,1,1,20,moyen
13,2026-05-26 18:00:00,18,1,1,18,moyen
14,2026-05-26 18:00:00,18,1,0,5,faible
15,2026-05-26 18:00:00,18,1,1,25,eleve
16,2026-05-26 18:00:00,18,1,0,7,faible
17,2026-05-26 18:00:00,18,1,1,21,moyen
1,2026-05-26 19:00:00,19,1,0,27,faible
2,2026-05-26 19:00:00,19,1,0,2,faible
3,2026-05-26 19:00:00,19,1,0,23,moyen
4,2026-05-26 19:00:00,19,1,1,50,eleve
5,2026-05-26 19:00:00,19,1,0,2,faible
6,2026-05-26 19:00:00,19,1,0,4,faible
7,2026-05-26 19:00:00,19,1,1,14,eleve
8,2026-05-26 19:00:00,19,1,1,14,eleve
9,2026-05-26 19:00:00,19,1,1,11,eleve
10,2026-05-26 19:00:00,19,1,1,15,eleve
11,2026-05-26 19:00:00,19,1,1,12,eleve
12,2026-05-26 19:00:00,19,1,1,16,moyen
13,2026-05-26 19:00:00,19,1,0,9,moyen
14,2026-05-26 19:00:00,19,1,0,3,faible
15,2026-05-26 19:00:00,19,1,0,5,faible
16,2026-05-26 19:00:00,19,1,0,5,faible
17,2026-05-26 19:00:00,19,1,0,7,faible
1,2026-05-26 20:00:00,20,1,0,28,faible
2,2026-05-26 20:00:00,20,1,0,4,faible
3,2026-05-26 20:00:00,20,1,1,59,eleve
4,2026-05-26 20:00:00,20,1,0,8,faible
5,2026-05-26 20:00:00,20,1,0,18,moyen
6,2026-05-26 20:00:00,20,1,0,25,moyen
7,2026-05-26 20:00:00,20,1,1,8,moyen
8,2026-05-26 20:00:00,20,1,1,15,eleve
9,2026-05-26 20:00:00,20,1,1,13,eleve
10,2026-05-26 20:00:00,20,1,1,14,eleve
11,2026-05-26 20:00:00,20,1,1,8,moyen
12,2026-05-26 20:00:00,20,1,0,7,faible
13,2026-05-26 20:00:00,20,1,0,3,faible
14,2026-05-26 20:00:00,20,1,1,23,eleve
15,2026-05-26 20:00:00,20,1,0,1,faible
16,2026-05-26 20:00:00,20,1,1,17,moyen
17,2026-05-26 20:00:00,20,1,0,4,faible
1,2026-05-26 21:00:00,21,1,0,7,faible
2,2026-05-26 21:00:00,21,1,0,5,faible
3,2026-05-26 21:00:00,21,1,1,32,moyen
4,2026-05-26 21:00:00,21,1,1,57,eleve
5,2026-05-26 21:00:00,21,1,0,19,moyen
6,2026-05-26 21:00:00,21,1,1,43,eleve
7,2026-05-26 21:00:00,21,1,1,8,moyen
8,2026-05-26 21:00:00,21,1,1,11,eleve
9,2026-05-26 21:00:00,21,1,1,14,eleve
10,2026-05-26 21:00:00,21,1,1,9,moyen
11,2026-05-26 21:00:00,21,1,1,9,moyen
12,2026-05-26 21:00:00,21,1,1,15,moyen
13,2026-05-26 21:00:00,21,1,0,5,faible
14,2026-05-26 21:00:00,21,1,0,4,faible
15,2026-05-26 21:00:00,21,1,0,6,faible
16,2026-05-26 21:00:00,21,1,1,19,moyen
17,2026-05-26 21:00:00,21,1,1,25,eleve
1,2026-05-27 07:00:00,7,2,1,71,moyen
2,2026-05-27 07:00:00,7,2,0,6,moyen
3,2026-05-27 07:00:00,7,2,0,15,faible
4,2026-05-27 07:00:00,7,2,0,18,moyen
5,2026-05-27 07:00:00,7,2,0,12,faible
6,2026-05-27 07:00:00,7,2,1,41,moyen
7,2026-05-27 07:00:00,7,2,0,1,faible
8,2026-05-27 07:00:00,7,2,0,3,faible
9,2026-05-27 07:00:00,7,2,0,0,faible
10,2026-05-27 07:00:00,7,2,0,0,faible
11,2026-05-27 07:00:00,7,2,0,6,moyen
12,2026-05-27 07:00:00,7,2,0,5,faible
13,2026-05-27 07:00:00,7,2,0,12,moyen
14,2026-05-27 07:00:00,7,2,0,5,faible
15,2026-05-27 07:00:00,7,2,0,0,faible
16,2026-05-27 07:00:00,7,2,0,1,faible
17,2026-05-27 07:00:00,7,2,0,0,faible
1,2026-05-27 08:00:00,8,2,1,99,eleve
2,2026-05-27 08:00:00,8,2,0,0,faible
3,2026-05-27 08:00:00,8,2,0,5,faible
4,2026-05-27 08:00:00,8,2,1,43,eleve
5,2026-05-27 08:00:00,8,2,0,8,faible
6,2026-05-27 08:00:00,8,2,0,1,faible
7,2026-05-27 08:00:00,8,2,0,0,faible
8,2026-05-27 08:00:00,8,2,0,0,faible
9,2026-05-27 08:00:00,8,2,0,1,faible
10,2026-05-27 08:00:00,8,2,0,3,faible
11,2026-05-27 08:00:00,8,2,0,0,faible
12,2026-05-27 08:00:00,8,2,0,7,faible
13,2026-05-27 08:00:00,8,2,1,20,moyen
14,2026-05-27 08:00:00,8,2,0,0,faible
15,2026-05-27 08:00:00,8,2,1,28,eleve
16,2026-05-27 08:00:00,8,2,1,22,eleve
17,2026-05-27 08:00:00,8,2,0,14,moyen
1,2026-05-27 09:00:00,9,2,1,91,eleve
2,2026-05-27 09:00:00,9,2,0,5,faible
3,2026-05-27 09:00:00,9,2,1,35,moyen
4,2026-05-27 09:00:00,9,2,1,46,eleve
5,2026-05-27 09:00:00,9,2,0,11,faible
6,2026-05-27 09:00:00,9,2,1,57,eleve
7,2026-05-27 09:00:00,9,2,0,0,faible
8,2026-05-27 09:00:00,9,2,0,7,moyen
9,2026-05-27 09:00:00,9,2,0,1,faible
10,2026-05-27 09:00:00,9,2,0,4,faible
11,2026-05-27 09:00:00,9,2,0,7,moyen
12,2026-05-27 09:00:00,9,2,0,1,faible
13,2026-05-27 09:00:00,9,2,1,25,eleve
14,2026-05-27 09:00:00,9,2,1,24,eleve
15,2026-05-27 09:00:00,9,2,1,13,moyen
16,2026-05-27 09:00:00,9,2,0,4,faible
17,2026-05-27 09:00:00,9,2,1,19,moyen
1,2026-05-27 10:00:00,10,2,1,93,eleve
2,2026-05-27 10:00:00,10,2,0,1,faible
3,2026-05-27 10:00:00,10,2,0,23,moyen
4,2026-05-27 10:00:00,10,2,0,10,faible
5,2026-05-27 10:00:00,10,2,0,10,faible
6,2026-05-27 10:00:00,10,2,0,14,faible
7,2026-05-27 10:00:00,10,2,0,0,faible
8,2026-05-27 10:00:00,10,2,0,6,moyen
9,2026-05-27 10:00:00,10,2,0,0,faible
10,2026-05-27 10:00:00,10,2,0,6,moyen
11,2026-05-27 10:00:00,10,2,0,1,faible
12,2026-05-27 10:00:00,10,2,1,26,eleve
13,2026-05-27 10:00:00,10,2,0,1,faible
14,2026-05-27 10:00:00,10,2,0,9,moyen
15,2026-05-27 10:00:00,10,2,0,11,moyen
16,2026-05-27 10:00:00,10,2,0,7,faible
17,2026-05-27 10:00:00,10,2,1,20,moyen
1,2026-05-27 11:00:00,11,2,1,110,eleve
2,2026-05-27 11:00:00,11,2,0,3,faible
3,2026-05-27 11:00:00,11,2,0,0,faible
4,2026-05-27 11:00:00,11,2,1,36,moyen
5,2026-05-27 11:00:00,11,2,1,50,eleve
6,2026-05-27 11:00:00,11,2,1,47,eleve
7,2026-05-27 11:00:00,11,2,0,6,moyen
8,2026-05-27 11:00:00,11,2,0,0,faible
9,2026-05-27 11:00:00,11,2,0,3,faible
10,2026-05-27 11:00:00,11,2,0,0,faible
11,2026-05-27 11:00:00,11,2,0,2,faible
12,2026-05-27 11:00:00,11,2,1,26,eleve
13,2026-05-27 11:00:00,11,2,1,21,moyen
14,2026-05-27 11:00:00,11,2,1,28,eleve
15,2026-05-27 11:00:00,11,2,0,9,moyen
16,2026-05-27 11:00:00,11,2,0,8,faible
17,2026-05-27 11:00:00,11,2,1,19,moyen
1,2026-05-27 12:00:00,12,2,1,94,eleve
2,2026-05-27 12:00:00,12,2,0,6,moyen
3,2026-05-27 12:00:00,12,2,1,39,moyen
4,2026-05-27 12:00:00,12,2,1,53,eleve
5,2026-05-27 12:00:00,12,2,1,47,eleve
6,2026-05-27 12:00:00,12,2,1,47,eleve
7,2026-05-27 12:00:00,12,2,0,0,faible
8,2026-05-27 12:00:00,12,2,0,8,moyen
9,2026-05-27 12:00:00,12,2,0,2,faible
10,2026-05-27 12:00:00,12,2,0,5,moyen
11,2026-05-27 12:00:00,12,2,0,0,faible
12,2026-05-27 12:00:00,12,2,0,3,faible
13,2026-05-27 12:00:00,12,2,0,5,faible
14,2026-05-27 12:00:00,12,2,1,30,eleve
15,2026-05-27 12:00:00,12,2,0,4,faible
16,2026-05-27 12:00:00,12,2,1,24,eleve
17,2026-05-27 12:00:00,12,2,0,1,faible
1,2026-05-27 13:00:00,13,2,1,75,moyen
2,2026-05-27 13:00:00,13,2,0,3,faible
3,2026-05-27 13:00:00,13,2,0,19,moyen
4,2026-05-27 13:00:00,13,2,1,32,moyen
5,2026-05-27 13:00:00,13,2,0,17,faible
6,2026-05-27 13:00:00,13,2,0,14,faible
7,2026-05-27 13:00:00,13,2,0,0,faible
8,2026-05-27 13:00:00,13,2,0,0,faible
9,2026-05-27 13:00:00,13,2,0,0,faible
10,2026-05-27 13:00:00,13,2,0,6,moyen
11,2026-05-27 13:00:00,13,2,0,0,faible
12,2026-05-27 13:00:00,13,2,1,27,eleve
13,2026-05-27 13:00:00,13,2,0,2,faible
14,2026-05-27 13:00:00,13,2,1,22,eleve
15,2026-05-27 13:00:00,13,2,0,1,faible
16,2026-05-27 13:00:00,13,2,0,11,moyen
17,2026-05-27 13:00:00,13,2,1,16,moyen
1,2026-05-27 14:00:00,14,2,1,87,eleve
2,2026-05-27 14:00:00,14,2,0,2,faible
3,2026-05-27 14:00:00,14,2,1,47,eleve
4,2026-05-27 14:00:00,14,2,0,20,moyen
5,2026-05-27 14:00:00,14,2,1,52,eleve
6,2026-05-27 14:00:00,14,2,0,5,faible
7,2026-05-27 14:00:00,14,2,0,0,faible
8,2026-05-27 14:00:00,14,2,0,6,moyen
9,2026-05-27 14:00:00,14,2,0,2,faible
10,2026-05-27 14:00:00,14,2,0,6,moyen
11,2026-05-27 14:00:00,14,2,0,0,faible
12,2026-05-27 14:00:00,14,2,0,3,faible
13,2026-05-27 14:00:00,14,2,0,12,moyen
14,2026-05-27 14:00:00,14,2,0,0,faible
15,2026-05-27 14:00:00,14,2,0,0,faible
16,2026-05-27 14:00:00,14,2,0,5,faible
17,2026-05-27 14:00:00,14,2,0,7,faible
1,2026-05-27 15:00:00,15,2,1,90,eleve
2,2026-05-27 15:00:00,15,2,0,4,faible
3,2026-05-27 15:00:00,15,2,1,52,eleve
4,2026-05-27 15:00:00,15,2,1,41,moyen
5,2026-05-27 15:00:00,15,2,1,50,eleve
6,2026-05-27 15:00:00,15,2,0,16,faible
7,2026-05-27 15:00:00,15,2,0,1,faible
8,2026-05-27 15:00:00,15,2,0,2,faible
9,2026-05-27 15:00:00,15,2,0,0,faible
10,2026-05-27 15:00:00,15,2,0,0,faible
11,2026-05-27 15:00:00,15,2,0,2,faible
12,2026-05-27 15:00:00,15,2,1,29,eleve
13,2026-05-27 15:00:00,15,2,1,16,moyen
14,2026-05-27 15:00:00,15,2,0,8,faible
15,2026-05-27 15:00:00,15,2,0,7,faible
16,2026-05-27 15:00:00,15,2,0,7,faible
17,2026-05-27 15:00:00,15,2,0,8,faible
1,2026-05-27 16:00:00,16,2,1,96,eleve
2,2026-05-27 16:00:00,16,2,0,3,faible
3,2026-05-27 16:00:00,16,2,0,10,faible
4,2026-05-27 16:00:00,16,2,1,53,eleve
5,2026-05-27 16:00:00,16,2,1,46,eleve
6,2026-05-27 16:00:00,16,2,1,48,eleve
7,2026-05-27 16:00:00,16,2,0,0,faible
8,2026-05-27 16:00:00,16,2,0,4,faible
9,2026-05-27 16:00:00,16,2,0,4,faible
10,2026-05-27 16:00:00,16,2,0,7,moyen
11,2026-05-27 16:00:00,16,2,0,5,moyen
12,2026-05-27 16:00:00,16,2,1,18,moyen
13,2026-05-27 16:00:00,16,2,0,8,faible
14,2026-05-27 16:00:00,16,2,0,6,faible
15,2026-05-27 16:00:00,16,2,1,21,moyen
16,2026-05-27 16:00:00,16,2,0,1,faible
17,2026-05-27 16:00:00,16,2,1,21,moyen
1,2026-05-27 17:00:00,17,2,1,111,eleve
2,2026-05-27 17:00:00,17,2,0,4,faible
3,2026-05-27 17:00:00,17,2,1,57,eleve
4,2026-05-27 17:00:00,17,2,1,42,moyen
5,2026-05-27 17:00:00,17,2,0,12,faible
6,2026-05-27 17:00:00,17,2,1,33,moyen
7,2026-05-27 17:00:00,17,2,0,0,faible
8,2026-05-27 17:00:00,17,2,0,1,faible
9,2026-05-27 17:00:00,17,2,0,4,faible
10,2026-05-27 17:00:00,17,2,0,0,faible
11,2026-05-27 17:00:00,17,2,0,0,faible
12,2026-05-27 17:00:00,17,2,0,3,faible
13,2026-05-27 17:00:00,17,2,1,29,eleve
14,2026-05-27 17:00:00,17,2,0,2,faible
15,2026-05-27 17:00:00,17,2,1,25,eleve
16,2026-05-27 17:00:00,17,2,1,25,eleve
17,2026-05-27 17:00:00,17,2,1,21,moyen
1,2026-05-27 18:00:00,18,2,1,102,eleve
2,2026-05-27 18:00:00,18,2,0,1,faible
3,2026-05-27 18:00:00,18,2,0,12,faible
4,2026-05-27 18:00:00,18,2,1,53,eleve
5,2026-05-27 18:00:00,18,2,1,38,moyen
6,2026-05-27 18:00:00,18,2,1,39,moyen
7,2026-05-27 18:00:00,18,2,0,5,moyen
8,2026-05-27 18:00:00,18,2,0,5,moyen
9,2026-05-27 18:00:00,18,2,0,4,faible
10,2026-05-27 18:00:00,18,2,0,3,faible
11,2026-05-27 18:00:00,18,2,0,3,faible
12,2026-05-27 18:00:00,18,2,1,25,eleve
13,2026-05-27 18:00:00,18,2,0,4,faible
14,2026-05-27 18:00:00,18,2,1,30,eleve
15,2026-05-27 18:00:00,18,2,0,0,faible
16,2026-05-27 18:00:00,18,2,0,6,faible
17,2026-05-27 18:00:00,18,2,1,26,eleve
1,2026-05-27 19:00:00,19,2,1,108,eleve
2,2026-05-27 19:00:00,19,2,0,5,faible
3,2026-05-27 19:00:00,19,2,1,46,eleve
4,2026-05-27 19:00:00,19,2,1,45,eleve
5,2026-05-27 19:00:00,19,2,1,57,eleve
6,2026-05-27 19:00:00,19,2,1,48,eleve
7,2026-05-27 19:00:00,19,2,0,0,faible
8,2026-05-27 19:00:00,19,2,0,1,faible
9,2026-05-27 19:00:00,19,2,0,0,faible
10,2026-05-27 19:00:00,19,2,0,4,faible
11,2026-05-27 19:00:00,19,2,0,1,faible
12,2026-05-27 19:00:00,19,2,0,10,moyen
13,2026-05-27 19:00:00,19,2,1,20,moyen
14,2026-05-27 19:00:00,19,2,1,27,eleve
15,2026-05-27 19:00:00,19,2,0,8,faible
16,2026-05-27 19:00:00,19,2,0,1,faible
17,2026-05-27 19:00:00,19,2,0,7,faible
1,2026-05-27 20:00:00,20,2,1,69,moyen
2,2026-05-27 20:00:00,20,2,0,4,faible
3,2026-05-27 20:00:00,20,2,0,12,faible
4,2026-05-27 20:00:00,20,2,1,39,moyen
5,2026-05-27 20:00:00,20,2,0,0,faible
6,2026-05-27 20:00:00,20,2,0,15,faible
7,2026-05-27 20:00:00,20,2,0,3,faible
8,2026-05-27 20:00:00,20,2,0,6,moyen
9,2026-05-27 20:00:00,20,2,0,6,moyen
10,2026-05-27 20:00:00,20,2,0,1,faible
11,2026-05-27 20:00:00,20,2,0,0,faible
12,2026-05-27 20:00:00,20,2,1,19,moyen
13,2026-05-27 20:00:00,20,2,0,6,faible
14,2026-05-27 20:00:00,20,2,1,23,eleve
15,2026-05-27 20:00:00,20,2,1,20,moyen
16,2026-05-27 20:00:00,20,2,0,0,faible
17,2026-05-27 20:00:00,20,2,1,26,eleve
1,2026-05-27 21:00:00,21,2,1,94,eleve
2,2026-05-27 21:00:00,21,2,0,7,moyen
3,2026-05-27 21:00:00,21,2,1,36,moyen
4,2026-05-27 21:00:00,21,2,1,41,moyen
5,2026-05-27 21:00:00,21,2,1,47,eleve
6,2026-05-27 21:00:00,21,2,1,43,eleve
7,2026-05-27 21:00:00,21,2,0,0,faible
8,2026-05-27 21:00:00,21,2,0,2,faible
9,2026-05-27 21:00:00,21,2,0,9,moyen
10,2026-05-27 21:00:00,21,2,0,3,faible
11,2026-05-27 21:00:00,21,2,0,7,moyen
12,2026-05-27 21:00:00,21,2,0,0,faible
13,2026-05-27 21:00:00,21,2,0,8,faible
14,2026-05-27 21:00:00,21,2,1,27,eleve
15,2026-05-27 21:00:00,21,2,0,2,faible
16,2026-05-27 21:00:00,21,2,0,6,faible
17,2026-05-27 21:00:00,21,2,1,27,eleve
